cut,entry_mode,variant,filter_status,atr_threshold_q25,n,t1_count,t2_count,t3_count,stop_count,timeout_count,t1_pct,t2_pct,t3_pct,stop_pct,timeout_pct,win_pct,pnl_points_total,pnl_points_avg,pnl_points_median,median_box_height,median_initial_risk_box_R,median_rr_to_t2,same_bar_conflict_count,same_bar_conflict_pct,train_n,train_t2_pct,holdout_n,holdout_t2_pct,publishable,strong_candidate
3m_bull_x_10m_po,immediate_touch,base,ok,0.0820758650173703,2419,1295,788,285,1505,629,0.5353451839603142,0.3257544439851178,0.11781727986771393,0.6221579164944192,0.2600248036378669,0.4423315419594874,176.3667000000005,0.07290892930963229,-0.08654999999998836,0.2799999999999727,0.5,2.0,51,0.02108309218685407,2370,0.3270042194092827,49,0.2653061224489796,True,False
3m_bull_x_10m_po,immediate_touch,short_box,ok,0.0820758650173703,985,591,397,181,616,188,0.6,0.4030456852791878,0.18375634517766498,0.6253807106598985,0.19086294416243654,0.48223350253807107,156.59020000000268,0.1589748223350281,-0.029999999999972715,0.23500000000001364,0.5,2.0,46,0.046700507614213196,968,0.40289256198347106,17,0.4117647058823529,True,False
3m_bull_x_10m_po,immediate_touch,tight_atr,ok,0.0820758650173703,605,360,275,148,412,45,0.5950413223140496,0.45454545454545453,0.24462809917355371,0.6809917355371901,0.0743801652892562,0.4677685950413223,64.30990000000185,0.10629735537190388,-0.04999999999998295,0.15999999999996817,0.5,2.0,31,0.0512396694214876,593,0.45699831365935917,12,0.3333333333333333,True,False
3m_bull_x_10m_po,immediate_touch,short_box_tight_atr,ok,0.0820758650173703,401,247,193,111,275,15,0.6159600997506235,0.48129675810473815,0.27680798004987534,0.685785536159601,0.03740648379052369,0.48129675810473815,43.790250000001905,0.10920261845387008,-0.025000000000005684,0.15629999999998745,0.5,2.0,31,0.0773067331670823,395,0.4835443037974684,6,0.3333333333333333,True,False
3m_bull_x_10m_po,immediate_touch,gap_filter,ok,0.0820758650173703,2364,1272,769,273,1468,623,0.5380710659898477,0.32529610829103217,0.11548223350253807,0.6209813874788495,0.26353637901861254,0.4450084602368866,181.2838000000005,0.0766851945854486,-0.08500000000000796,0.27999999999999403,0.5,2.0,46,0.0194585448392555,2315,0.3265658747300216,49,0.2653061224489796,True,False
3m_bull_x_10m_po,immediate_touch,short_box_tight_atr_gap,ok,0.0820758650173703,394,245,191,109,270,15,0.6218274111675127,0.4847715736040609,0.2766497461928934,0.6852791878172588,0.03807106598984772,0.4847715736040609,43.55955000000199,0.11055723350254312,-0.020000000000010232,0.15994999999998072,0.5,2.0,30,0.07614213197969544,388,0.48711340206185566,6,0.3333333333333333,True,False
3m_bull_x_10m_po,close_confirm,base,ok,0.0798278413002692,1437,646,353,130,952,355,0.4495476687543493,0.24565066109951286,0.09046624913013222,0.662491301322199,0.24704244954766874,0.3465553235908142,-24.79120000000205,-0.017252052887962457,-0.1649999999999352,0.269999999999996,0.5,2.0,43,0.029923451635351428,1413,0.24628450106157113,24,0.20833333333333334,True,False
3m_bull_x_10m_po,close_confirm,short_box,ok,0.0798278413002692,668,305,176,82,466,120,0.4565868263473054,0.2634730538922156,0.12275449101796407,0.6976047904191617,0.17964071856287425,0.3338323353293413,0.9175499999982577,0.0013735778443087691,-0.13750000000000284,0.23000000000000398,0.5,2.0,33,0.04940119760479042,657,0.2617960426179604,11,0.36363636363636365,True,False
3m_bull_x_10m_po,close_confirm,tight_atr,ok,0.0798278413002692,360,160,115,58,270,32,0.4444444444444444,0.3194444444444444,0.16111111111111112,0.75,0.08888888888888889,0.325,-4.435350000000369,-0.012320416666667692,-0.11999999999997613,0.15994999999998072,0.5,2.0,25,0.06944444444444445,353,0.32011331444759206,7,0.2857142857142857,True,False
3m_bull_x_10m_po,close_confirm,short_box_tight_atr,ok,0.0798278413002692,261,110,79,46,201,14,0.421455938697318,0.30268199233716475,0.17624521072796934,0.7701149425287356,0.05363984674329502,0.2988505747126437,-6.587300000000624,-0.025238697318010053,-0.11000000000001364,0.15000000000000568,0.5,2.0,23,0.08812260536398467,256,0.30078125,5,0.4,True,False
3m_bull_x_10m_po,close_confirm,gap_filter,ok,0.0798278413002692,806,360,186,63,510,233,0.4466501240694789,0.23076923076923078,0.07816377171215881,0.6327543424317618,0.2890818858560794,0.36476426799007444,-3.7793500000001643,-0.004689019851116829,-0.1799999999999642,0.3100000000000023,0.5,2.0,6,0.007444168734491315,788,0.233502538071066,18,0.1111111111111111,True,False
3m_bull_x_10m_po,close_confirm,short_box_tight_atr_gap,ok,0.0798278413002692,85,48,33,21,61,3,0.5647058823529412,0.38823529411764707,0.24705882352941178,0.7176470588235294,0.03529411764705882,0.38823529411764707,5.852550000000178,0.06885352941176681,-0.08249999999998181,0.1799999999999784,0.5,2.0,3,0.03529411764705882,83,0.39759036144578314,2,0.0,False,False
3m_bull_x_10m_po,retest,base,ok,0.0848828865353232,2050,901,522,175,1384,491,0.4395121951219512,0.2546341463414634,0.08536585365853659,0.6751219512195122,0.2395121951219512,0.36878048780487804,-81.48140000000005,-0.039747024390243926,-0.16500000000002046,0.28000000000000114,0.5,2.0,38,0.018536585365853658,2004,0.25449101796407186,46,0.2608695652173913,True,False
3m_bull_x_10m_po,retest,short_box,ok,0.0848828865353232,784,380,242,106,544,134,0.4846938775510204,0.3086734693877551,0.13520408163265307,0.6938775510204082,0.17091836734693877,0.3852040816326531,20.077850000002613,0.02560950255102374,-0.12000000000004007,0.2400000000000091,0.5,2.0,33,0.042091836734693876,769,0.305591677503251,15,0.4666666666666667,True,False
3m_bull_x_10m_po,retest,tight_atr,ok,0.0848828865353232,513,253,187,93,385,35,0.49317738791423,0.3645224171539961,0.18128654970760233,0.7504873294346979,0.0682261208576998,0.38011695906432746,12.05670000000201,0.02350233918129047,-0.10499999999998977,0.1599999999999966,0.5,2.0,28,0.05458089668615984,501,0.36327345309381237,12,0.4166666666666667,True,False
3m_bull_x_10m_po,retest,short_box_tight_atr,ok,0.0848828865353232,323,163,127,70,241,12,0.5046439628482973,0.3931888544891641,0.21671826625386997,0.7461300309597523,0.03715170278637771,0.39628482972136225,11.928150000002404,0.036929256965951715,-0.09375,0.1599999999999966,0.5,2.0,27,0.08359133126934984,317,0.3911671924290221,6,0.5,True,False
3m_bull_x_10m_po,retest,gap_filter,ok,0.0848828865353232,2050,901,522,175,1384,491,0.4395121951219512,0.2546341463414634,0.08536585365853659,0.6751219512195122,0.2395121951219512,0.36878048780487804,-81.48140000000005,-0.039747024390243926,-0.16500000000002046,0.28000000000000114,0.5,2.0,38,0.018536585365853658,2004,0.25449101796407186,46,0.2608695652173913,True,False
3m_bull_x_10m_po,retest,short_box_tight_atr_gap,ok,0.0848828865353232,323,163,127,70,241,12,0.5046439628482973,0.3931888544891641,0.21671826625386997,0.7461300309597523,0.03715170278637771,0.39628482972136225,11.928150000002404,0.036929256965951715,-0.09375,0.1599999999999966,0.5,2.0,27,0.08359133126934984,317,0.3911671924290221,6,0.5,True,False
10m_bear_x_1h_po,immediate_touch,base,ok,0.20532591982167295,715,359,206,72,431,212,0.5020979020979021,0.2881118881118881,0.1006993006993007,0.6027972027972028,0.2965034965034965,0.42937062937062936,-4.750899999999547,-0.006644615384614751,-0.19499999999999318,0.6500000000000057,0.5,2.0,22,0.03076923076923077,703,0.29160739687055476,12,0.08333333333333333,True,False
10m_bear_x_1h_po,immediate_touch,short_box,ok,0.20532591982167295,318,183,117,43,192,83,0.5754716981132075,0.36792452830188677,0.13522012578616352,0.6037735849056604,0.2610062893081761,0.4748427672955975,62.55164999999924,0.19670330188679006,-0.06999999999999318,0.5200000000000244,0.5,2.0,19,0.059748427672955975,313,0.3738019169329074,5,0.0,True,False
10m_bear_x_1h_po,immediate_touch,tight_atr,ok,0.20532591982167295,179,107,80,43,118,18,0.5977653631284916,0.44692737430167595,0.24022346368715083,0.659217877094972,0.1005586592178771,0.48044692737430167,31.12880000000054,0.17390391061452815,-0.07499999999998863,0.33499999999997954,0.5,2.0,16,0.0893854748603352,178,0.449438202247191,1,0.0,False,False
10m_bear_x_1h_po,immediate_touch,short_box_tight_atr,ok,0.20532591982167295,124,74,57,31,84,9,0.5967741935483871,0.4596774193548387,0.25,0.6774193548387096,0.07258064516129033,0.46774193548387094,25.51975000000003,0.2058044354838712,-0.07750000000000057,0.3050000000000068,0.5,2.0,14,0.11290322580645161,123,0.4634146341463415,1,0.0,False,False
10m_bear_x_1h_po,immediate_touch,gap_filter,ok,0.20532591982167295,661,328,183,55,403,203,0.4962178517397882,0.27685325264750377,0.0832072617246596,0.6096822995461422,0.3071104387291982,0.4236006051437216,-30.937299999999183,-0.04680378214825898,-0.20000000000000284,0.6699999999999875,0.5,2.0,19,0.028744326777609682,650,0.28,11,0.09090909090909091,True,False
10m_bear_x_1h_po,immediate_touch,short_box_tight_atr_gap,ok,0.20532591982167295,116,68,51,26,82,8,0.5862068965517241,0.4396551724137931,0.22413793103448276,0.7068965517241379,0.06896551724137931,0.4482758620689655,14.764850000000067,0.127283189655173,-0.09499999999999886,0.29949999999999477,0.5,2.0,14,0.1206896551724138,115,0.4434782608695652,1,0.0,False,False
10m_bear_x_1h_po,close_confirm,base,ok,0.20150775627561257,444,195,108,35,281,128,0.4391891891891892,0.24324324324324326,0.07882882882882883,0.6328828828828829,0.2882882882882883,0.36261261261261263,-68.89480000000003,-0.15516846846846855,-0.30750000000003297,0.6450000000000031,0.5,2.0,17,0.038288288288288286,440,0.24545454545454545,4,0.0,True,False
10m_bear_x_1h_po,close_confirm,short_box,ok,0.20150775627561257,223,100,58,22,154,47,0.4484304932735426,0.2600896860986547,0.09865470852017937,0.6905829596412556,0.21076233183856502,0.34080717488789236,-34.50124999999939,-0.15471412556053538,-0.3000000000000256,0.5600000000000023,0.5,2.0,13,0.05829596412556054,220,0.2636363636363636,3,0.0,True,False
10m_bear_x_1h_po,close_confirm,tight_atr,ok,0.20150775627561257,111,56,39,18,83,10,0.5045045045045045,0.35135135135135137,0.16216216216216217,0.7477477477477478,0.09009009009009009,0.36936936936936937,4.1150999999992735,0.037072972972966425,-0.19499999999999318,0.3200000000000074,0.5,2.0,12,0.10810810810810811,111,0.35135135135135137,0,,False,False
10m_bear_x_1h_po,close_confirm,short_box_tight_atr,ok,0.20150775627561257,84,39,28,15,66,3,0.4642857142857143,0.3333333333333333,0.17857142857142858,0.7857142857142857,0.03571428571428571,0.32142857142857145,-1.2436000000004697,-0.014804761904767497,-0.20250000000000767,0.29949999999999477,0.5,2.0,10,0.11904761904761904,84,0.3333333333333333,0,,False,False
10m_bear_x_1h_po,close_confirm,gap_filter,ok,0.20150775627561257,229,99,44,8,146,75,0.43231441048034935,0.19213973799126638,0.034934497816593885,0.6375545851528385,0.32751091703056767,0.34934497816593885,-57.49544999999982,-0.2510718340611346,-0.41500000000002046,0.8299000000000092,0.5,2.0,4,0.017467248908296942,226,0.19469026548672566,3,0.0,True,False
10m_bear_x_1h_po,close_confirm,short_box_tight_atr_gap,ok,0.20150775627561257,26,11,7,2,22,2,0.4230769230769231,0.2692307692307692,0.07692307692307693,0.8461538461538461,0.07692307692307693,0.2692307692307692,-6.817450000000093,-0.26220961538461895,-0.2324999999999804,0.3300000000000054,0.5,2.0,2,0.07692307692307693,26,0.2692307692307692,0,,False,False
10m_bear_x_1h_po,retest,base,ok,0.2096827228907088,594,250,143,36,394,164,0.4208754208754209,0.24074074074074073,0.06060606060606061,0.6632996632996633,0.2760942760942761,0.37037037037037035,-120.46424999999915,-0.20280176767676625,-0.3587500000000077,0.6900000000000048,0.5,2.0,10,0.016835016835016835,582,0.2422680412371134,12,0.16666666666666666,True,False
10m_bear_x_1h_po,retest,short_box,ok,0.2096827228907088,247,123,79,22,163,62,0.4979757085020243,0.31983805668016196,0.08906882591093117,0.659919028340081,0.25101214574898784,0.4251012145748988,13.573199999999531,0.054952226720645876,-0.19500000000007844,0.5300000000000011,0.5,2.0,8,0.032388663967611336,242,0.32231404958677684,5,0.2,True,False
10m_bear_x_1h_po,retest,tight_atr,ok,0.2096827228907088,149,71,54,18,112,19,0.47651006711409394,0.3624161073825503,0.12080536912751678,0.7516778523489933,0.12751677852348994,0.40268456375838924,-15.657299999999651,-0.10508255033556813,-0.19500000000007844,0.3400000000000034,0.5,2.0,7,0.04697986577181208,148,0.36486486486486486,1,0.0,False,False
10m_bear_x_1h_po,retest,short_box_tight_atr,ok,0.2096827228907088,98,47,38,13,75,10,0.47959183673469385,0.3877551020408163,0.1326530612244898,0.7653061224489796,0.10204081632653061,0.3979591836734694,-4.541200000000131,-0.046338775510205425,-0.16997500000000798,0.3100000000000023,0.5,2.0,6,0.061224489795918366,97,0.3917525773195876,1,0.0,False,False
10m_bear_x_1h_po,retest,gap_filter,ok,0.2096827228907088,594,250,143,36,394,164,0.4208754208754209,0.24074074074074073,0.06060606060606061,0.6632996632996633,0.2760942760942761,0.37037037037037035,-120.46424999999915,-0.20280176767676625,-0.3587500000000077,0.6900000000000048,0.5,2.0,10,0.016835016835016835,582,0.2422680412371134,12,0.16666666666666666,True,False
10m_bear_x_1h_po,retest,short_box_tight_atr_gap,ok,0.2096827228907088,98,47,38,13,75,10,0.47959183673469385,0.3877551020408163,0.1326530612244898,0.7653061224489796,0.10204081632653061,0.3979591836734694,-4.541200000000131,-0.046338775510205425,-0.16997500000000798,0.3100000000000023,0.5,2.0,6,0.061224489795918366,97,0.3917525773195876,1,0.0,False,False
