tf,side,entry,filter,exit,stop,n_trades,trades_per_day,win_rate,avg_risk_pts,avg_bars_held,avg_r_gross,avg_r_net,total_r_net,pf_net,t_stat,max_dd_r,pos_years_pct,n_years,r_net_2008_2019,r_net_2020_2026
3m,long,close_confirm,none,cbc_trail,candle_low,72171,15.5,23.3,2.99,1.6,-0.0949,-0.2684,-19372.8,0.435,-81.97,19373.6,0.0,19,-15624.4,-3748.4
3m,long,close_confirm,none,cbc_trail,atr_0.5,75895,16.3,20.0,1.48,1.2,-0.1639,-0.506,-38399.2,0.395,-100.8,38402.2,0.0,19,-32084.8,-6314.4
3m,long,close_confirm,none,cbc_trail,atr_1.0,71514,15.36,23.9,2.94,1.7,-0.0982,-0.2709,-19369.7,0.422,-89.7,19372.4,0.0,19,-16216.7,-3153.0
3m,long,close_confirm,none,cbc_trail,atr_1.5,70864,15.22,24.4,4.4,1.8,-0.0689,-0.1841,-13047.9,0.422,-87.94,13049.8,0.0,19,-10932.5,-2115.5
3m,long,close_confirm,none,cbc_after_1r,candle_low,48892,10.5,38.9,3.15,5.5,-0.0735,-0.239,-11685.6,0.65,-41.92,11685.2,0.0,19,-9171.7,-2514.0
3m,long,close_confirm,none,cbc_after_1r,atr_0.5,70697,15.18,25.9,1.48,1.7,-0.1318,-0.4728,-33427.8,0.482,-79.77,33426.4,0.0,19,-28034.6,-5393.2
3m,long,close_confirm,none,cbc_after_1r,atr_1.0,50947,10.94,40.1,3.01,4.9,-0.0628,-0.2314,-11790.6,0.66,-42.13,11796.4,0.0,19,-9774.0,-2016.6
3m,long,close_confirm,none,cbc_after_1r,atr_1.5,36227,7.78,43.7,4.64,9.7,-0.0467,-0.1562,-5656.9,0.745,-26.18,5656.6,0.0,19,-4570.8,-1086.1
3m,long,close_confirm,none,close_against,candle_low,53163,11.42,29.0,3.14,4.3,-0.0569,-0.2236,-11886.2,0.638,-38.18,11905.3,5.0,19,-9546.2,-2340.1
3m,long,close_confirm,none,close_against,atr_0.5,62490,13.42,20.9,1.5,2.7,-0.0946,-0.4318,-26981.9,0.562,-53.07,26989.5,0.0,19,-22934.0,-4047.9
3m,long,close_confirm,none,close_against,atr_1.0,52279,11.23,30.0,3.04,4.5,-0.0459,-0.213,-11134.6,0.652,-37.66,11144.9,0.0,19,-9328.5,-1806.2
3m,long,close_confirm,none,close_against,atr_1.5,49532,10.64,32.5,4.57,5.1,-0.0339,-0.1448,-7173.3,0.666,-34.6,7180.4,0.0,19,-5963.1,-1210.2
3m,long,close_confirm,none,target2r_trail,candle_low,74135,15.92,23.8,3.0,1.4,-0.0834,-0.2559,-18973.0,0.46,-85.79,18977.1,0.0,19,-15210.8,-3762.3
3m,long,close_confirm,none,target2r_trail,atr_0.5,81267,17.45,23.7,1.5,0.7,-0.1239,-0.4616,-37514.2,0.437,-111.02,37524.8,0.0,19,-30749.2,-6765.0
3m,long,close_confirm,none,target2r_trail,atr_1.0,73014,15.68,24.0,2.95,1.5,-0.0906,-0.2625,-19164.5,0.439,-90.97,19168.0,0.0,19,-16023.3,-3141.2
3m,long,close_confirm,none,target2r_trail,atr_1.5,71298,15.31,24.4,4.41,1.8,-0.0673,-0.1823,-12999.8,0.428,-88.66,13002.2,0.0,19,-10887.2,-2112.6
3m,long,close_confirm,ribbon,cbc_trail,candle_low,43620,9.37,22.9,2.81,1.6,-0.0936,-0.2751,-11998.3,0.432,-64.36,12005.4,0.0,19,-9552.4,-2446.0
3m,long,close_confirm,ribbon,cbc_trail,atr_0.5,45711,9.82,19.8,1.4,1.2,-0.1579,-0.5159,-23582.4,0.395,-78.54,23600.5,0.0,19,-19428.7,-4153.7
3m,long,close_confirm,ribbon,cbc_trail,atr_1.0,43207,9.28,23.5,2.79,1.7,-0.095,-0.2758,-11917.3,0.42,-70.08,11926.3,0.0,19,-9943.2,-1974.0
3m,long,close_confirm,ribbon,cbc_trail,atr_1.5,42840,9.2,23.9,4.18,1.8,-0.0665,-0.1871,-8016.2,0.421,-68.29,8021.7,0.0,19,-6699.8,-1316.4
3m,long,close_confirm,ribbon,cbc_after_1r,candle_low,29448,6.32,38.6,2.96,5.7,-0.07,-0.2429,-7154.3,0.647,-32.66,7158.5,0.0,19,-5471.4,-1682.9
3m,long,close_confirm,ribbon,cbc_after_1r,atr_0.5,42514,9.13,25.7,1.4,1.7,-0.1234,-0.4813,-20460.9,0.481,-61.99,20477.3,0.0,19,-17012.8,-3448.1
3m,long,close_confirm,ribbon,cbc_after_1r,atr_1.0,30426,6.53,40.0,2.85,5.2,-0.0511,-0.2292,-6975.0,0.665,-31.76,6982.7,0.0,19,-5904.4,-1070.6
3m,long,close_confirm,ribbon,cbc_after_1r,atr_1.5,21828,4.69,43.9,4.39,10.4,-0.03,-0.1456,-3178.9,0.762,-18.68,3179.5,0.0,19,-2714.1,-464.8
3m,long,close_confirm,ribbon,close_against,candle_low,32170,6.91,28.4,2.94,4.4,-0.05,-0.2257,-7260.3,0.64,-29.43,7280.6,5.0,19,-5859.9,-1400.4
3m,long,close_confirm,ribbon,close_against,atr_0.5,37570,8.07,20.7,1.42,2.8,-0.081,-0.436,-16381.1,0.564,-40.95,16396.9,5.0,19,-13912.7,-2468.4
3m,long,close_confirm,ribbon,close_against,atr_1.0,31566,6.78,29.6,2.87,4.6,-0.0371,-0.2134,-6735.7,0.654,-28.97,6746.1,5.0,19,-5753.2,-982.5
3m,long,close_confirm,ribbon,close_against,atr_1.5,29942,6.43,31.9,4.33,5.2,-0.0267,-0.1436,-4299.1,0.67,-26.35,4307.7,5.0,19,-3661.5,-637.6
3m,long,close_confirm,ribbon,target2r_trail,candle_low,44834,9.63,23.4,2.82,1.4,-0.0817,-0.262,-11746.2,0.457,-67.52,11756.8,0.0,19,-9267.8,-2478.4
3m,long,close_confirm,ribbon,target2r_trail,atr_0.5,48981,10.52,23.7,1.42,0.7,-0.1231,-0.4764,-23335.8,0.428,-88.52,23348.0,0.0,19,-18851.4,-4484.4
3m,long,close_confirm,ribbon,target2r_trail,atr_1.0,44167,9.48,23.6,2.8,1.5,-0.0873,-0.2673,-11805.3,0.437,-71.25,11812.7,0.0,19,-9816.8,-1988.5
3m,long,close_confirm,ribbon,target2r_trail,atr_1.5,43127,9.26,23.9,4.18,1.8,-0.0645,-0.185,-7978.2,0.428,-68.8,7981.4,0.0,19,-6656.2,-1322.0
3m,long,break_stop,none,cbc_trail,candle_low,123879,26.6,22.7,3.1,1.9,-0.1761,-0.3263,-40424.4,0.358,-143.53,40425.5,0.0,19,-29914.0,-10510.4
3m,long,break_stop,none,cbc_trail,atr_0.5,180258,38.71,9.1,1.44,0.6,-0.6621,-1.0141,-182792.4,0.128,-417.1,182791.7,0.0,19,-139530.4,-43262.0
3m,long,break_stop,none,cbc_trail,atr_1.0,127019,27.27,21.7,2.88,1.7,-0.2331,-0.4108,-52182.3,0.305,-174.86,52181.9,0.0,19,-42063.3,-10119.0
3m,long,break_stop,none,cbc_trail,atr_1.5,117604,25.25,24.6,4.34,2.1,-0.1033,-0.2208,-25971.8,0.384,-129.92,25972.9,0.0,19,-21491.7,-4480.1
3m,long,break_stop,none,cbc_after_1r,candle_low,67810,14.56,36.5,3.43,5.7,-0.1616,-0.2981,-20214.3,0.579,-64.79,20214.5,0.0,19,-14197.4,-6016.9
3m,long,break_stop,none,cbc_after_1r,atr_0.5,169532,36.4,10.9,1.43,0.7,-0.6532,-1.008,-170896.2,0.156,-367.62,170895.6,0.0,19,-131125.9,-39770.4
3m,long,break_stop,none,cbc_after_1r,atr_1.0,80472,17.28,33.4,2.95,4.3,-0.215,-0.3888,-31286.2,0.495,-91.52,31286.1,0.0,19,-24850.5,-6435.8
3m,long,break_stop,none,cbc_after_1r,atr_1.5,47157,10.13,41.8,4.6,9.4,-0.0848,-0.1957,-9227.2,0.693,-37.39,9226.9,0.0,19,-7522.3,-1704.9
3m,long,break_stop,none,close_against,candle_low,76979,16.53,27.3,3.35,4.5,-0.1512,-0.2909,-22394.5,0.54,-66.74,22400.7,0.0,19,-15630.7,-6763.8
3m,long,break_stop,none,close_against,atr_0.5,152279,32.7,8.2,1.42,1.1,-0.6525,-1.0124,-154174.5,0.177,-290.85,154176.9,0.0,19,-119544.2,-34630.4
3m,long,break_stop,none,close_against,atr_1.0,81799,17.56,25.3,2.99,4.0,-0.207,-0.3784,-30955.9,0.474,-85.96,30957.5,0.0,19,-24322.6,-6633.3
3m,long,break_stop,none,close_against,atr_1.5,68384,14.68,31.5,4.59,5.3,-0.0726,-0.1836,-12556.9,0.61,-50.36,12561.7,0.0,19,-10150.6,-2406.3
3m,long,break_stop,none,target2r_trail,candle_low,128275,27.54,22.8,3.17,1.7,-0.1708,-0.319,-40919.7,0.368,-149.96,40920.7,0.0,19,-29962.3,-10957.4
3m,long,break_stop,none,target2r_trail,atr_0.5,191777,41.18,10.0,1.47,0.4,-0.6542,-0.9989,-191574.9,0.131,-480.0,191575.4,0.0,19,-143975.7,-47599.3
3m,long,break_stop,none,target2r_trail,atr_1.0,131745,28.29,21.8,2.91,1.6,-0.2268,-0.403,-53094.2,0.316,-180.2,53093.8,0.0,19,-42506.9,-10587.3
3m,long,break_stop,none,target2r_trail,atr_1.5,119073,25.57,24.6,4.36,2.0,-0.1019,-0.2191,-26088.9,0.389,-131.43,26090.0,0.0,19,-21531.3,-4557.6
3m,long,break_stop,ribbon,cbc_trail,candle_low,69168,14.85,22.0,2.9,1.9,-0.1752,-0.3344,-23131.0,0.354,-109.3,23131.3,0.0,19,-17296.9,-5834.1
3m,long,break_stop,ribbon,cbc_trail,atr_0.5,98976,21.25,9.3,1.35,0.6,-0.6515,-1.0218,-101131.6,0.131,-304.25,101132.0,0.0,19,-77686.9,-23444.6
3m,long,break_stop,ribbon,cbc_trail,atr_1.0,70285,15.09,21.3,2.72,1.8,-0.2222,-0.4085,-28711.3,0.308,-128.86,28711.5,0.0,19,-23384.8,-5326.4
3m,long,break_stop,ribbon,cbc_trail,atr_1.5,66061,14.19,23.6,4.12,2.1,-0.1054,-0.2284,-15087.8,0.373,-100.8,15089.4,0.0,19,-12539.2,-2548.6
3m,long,break_stop,ribbon,cbc_after_1r,candle_low,37852,8.13,36.6,3.2,6.0,-0.1498,-0.2961,-11208.3,0.584,-47.55,11208.6,0.0,19,-8113.8,-3094.4
3m,long,break_stop,ribbon,cbc_after_1r,atr_0.5,92622,19.89,11.1,1.34,0.8,-0.6427,-1.0174,-94230.9,0.16,-268.07,94231.4,0.0,19,-73061.5,-21169.4
3m,long,break_stop,ribbon,cbc_after_1r,atr_1.0,43264,9.29,34.0,2.79,4.7,-0.1905,-0.3742,-16189.0,0.514,-63.39,16189.3,0.0,19,-13247.2,-2941.8
3m,long,break_stop,ribbon,cbc_after_1r,atr_1.5,26212,5.63,42.1,4.39,10.3,-0.0681,-0.1843,-4831.4,0.709,-26.02,4832.4,0.0,19,-4087.6,-743.9
3m,long,break_stop,ribbon,close_against,candle_low,42680,9.16,27.0,3.13,4.6,-0.1413,-0.2911,-12424.6,0.544,-49.13,12429.3,0.0,19,-9028.3,-3396.4
3m,long,break_stop,ribbon,close_against,atr_0.5,82936,17.81,8.5,1.33,1.1,-0.6379,-1.019,-84513.3,0.182,-210.65,84513.2,0.0,19,-66681.5,-17831.8
3m,long,break_stop,ribbon,close_against,atr_1.0,44494,9.55,25.5,2.83,4.2,-0.1825,-0.3632,-16158.2,0.492,-59.94,16160.4,0.0,19,-13046.3,-3111.9
3m,long,break_stop,ribbon,close_against,atr_1.5,38158,8.19,30.9,4.36,5.4,-0.0666,-0.183,-6982.5,0.61,-37.47,6987.7,0.0,19,-5786.3,-1196.2
3m,long,break_stop,ribbon,target2r_trail,candle_low,71720,15.4,22.2,2.96,1.7,-0.169,-0.326,-23382.3,0.365,-113.74,23382.6,0.0,19,-17343.1,-6039.2
3m,long,break_stop,ribbon,target2r_trail,atr_0.5,105387,22.63,10.2,1.39,0.4,-0.6474,-1.0098,-106417.7,0.131,-354.97,106419.3,0.0,19,-80465.5,-25952.2
3m,long,break_stop,ribbon,target2r_trail,atr_1.0,73023,15.68,21.4,2.75,1.6,-0.2166,-0.4015,-29316.6,0.319,-133.14,29316.8,0.0,19,-23714.9,-5601.7
3m,long,break_stop,ribbon,target2r_trail,atr_1.5,66935,14.37,23.6,4.13,2.0,-0.1034,-0.226,-15130.1,0.38,-101.28,15130.2,0.0,19,-12540.6,-2589.4
3m,short,close_confirm,none,cbc_trail,candle_low,69294,14.88,22.7,3.03,1.6,-0.0901,-0.2619,-18150.1,0.466,-70.78,18168.5,0.0,19,-14659.1,-3491.0
3m,short,close_confirm,none,cbc_trail,atr_0.5,73155,15.71,19.3,1.49,1.1,-0.1562,-0.4957,-36261.8,0.425,-86.61,36268.9,0.0,19,-30335.3,-5926.6
3m,short,close_confirm,none,cbc_trail,atr_1.0,68708,14.75,23.2,2.96,1.7,-0.0922,-0.2638,-18127.3,0.457,-76.46,18138.7,0.0,19,-15226.9,-2900.4
3m,short,close_confirm,none,cbc_trail,atr_1.5,68052,14.61,23.7,4.44,1.8,-0.0645,-0.179,-12181.3,0.458,-75.07,12187.4,0.0,19,-10211.2,-1970.1
3m,short,close_confirm,none,cbc_after_1r,candle_low,48574,10.43,36.8,3.12,5.1,-0.0861,-0.2534,-12308.7,0.641,-41.15,12320.6,0.0,19,-9793.5,-2515.2
3m,short,close_confirm,none,cbc_after_1r,atr_0.5,68913,14.8,24.4,1.5,1.6,-0.1288,-0.4675,-32215.4,0.499,-70.97,32226.0,0.0,19,-26921.6,-5293.8
3m,short,close_confirm,none,cbc_after_1r,atr_1.0,50560,10.86,38.0,3.01,4.6,-0.0741,-0.2434,-12305.2,0.654,-41.39,12333.3,5.0,19,-10231.0,-2074.2
3m,short,close_confirm,none,cbc_after_1r,atr_1.5,36262,7.79,42.0,4.59,9.2,-0.0627,-0.1732,-6282.1,0.725,-27.9,6300.1,5.0,19,-5273.7,-1008.4
3m,short,close_confirm,none,close_against,candle_low,53031,11.39,26.9,3.08,3.9,-0.0687,-0.2386,-12654.2,0.629,-37.46,12693.3,0.0,19,-9977.4,-2676.7
3m,short,close_confirm,none,close_against,atr_0.5,62037,13.32,19.3,1.5,2.4,-0.1037,-0.442,-27419.5,0.562,-49.75,27457.0,0.0,19,-22876.0,-4543.5
3m,short,close_confirm,none,close_against,atr_1.0,52057,11.18,27.9,3.01,4.1,-0.0561,-0.225,-11713.8,0.645,-36.75,11747.1,0.0,19,-9732.5,-1981.4
3m,short,close_confirm,none,close_against,atr_1.5,49388,10.61,30.1,4.53,4.7,-0.0436,-0.1557,-7689.5,0.654,-34.62,7703.5,0.0,19,-6374.6,-1314.9
3m,short,close_confirm,none,target2r_trail,candle_low,71519,15.36,23.4,3.06,1.4,-0.0798,-0.25,-17881.5,0.488,-78.46,17887.7,0.0,19,-14330.8,-3550.8
3m,short,close_confirm,none,target2r_trail,atr_0.5,78978,16.96,24.2,1.51,0.6,-0.1247,-0.4594,-36281.6,0.454,-105.81,36287.7,0.0,19,-29686.8,-6594.8
3m,short,close_confirm,none,target2r_trail,atr_1.0,70694,15.18,23.5,2.98,1.4,-0.084,-0.2547,-18002.8,0.476,-80.96,18012.7,0.0,19,-15071.0,-2931.8
3m,short,close_confirm,none,target2r_trail,atr_1.5,68793,14.77,23.8,4.45,1.7,-0.0623,-0.1766,-12146.3,0.466,-77.4,12150.0,0.0,19,-10104.1,-2042.1
3m,short,close_confirm,ribbon,cbc_trail,candle_low,37080,7.96,24.6,3.32,1.6,-0.07,-0.2278,-8446.0,0.523,-43.77,8466.3,0.0,19,-6904.4,-1541.6
3m,short,close_confirm,ribbon,cbc_trail,atr_0.5,39418,8.46,20.5,1.57,1.1,-0.12,-0.445,-17540.1,0.481,-53.67,17550.9,0.0,19,-14743.0,-2797.0
3m,short,close_confirm,ribbon,cbc_trail,atr_1.0,36827,7.91,25.0,3.12,1.7,-0.0734,-0.2377,-8755.2,0.515,-47.18,8767.1,5.0,19,-7452.6,-1302.5
3m,short,close_confirm,ribbon,cbc_trail,atr_1.5,36411,7.82,25.6,4.67,1.8,-0.0522,-0.1619,-5894.2,0.516,-46.3,5902.6,0.0,19,-4995.3,-898.9
3m,short,close_confirm,ribbon,cbc_after_1r,candle_low,26206,5.63,37.5,3.43,5.2,-0.0658,-0.22,-5764.6,0.682,-25.99,5777.0,0.0,19,-4707.6,-1057.0
3m,short,close_confirm,ribbon,cbc_after_1r,atr_0.5,37491,8.05,24.8,1.57,1.5,-0.0932,-0.4179,-15666.1,0.547,-44.75,15678.2,0.0,19,-13128.1,-2538.0
3m,short,close_confirm,ribbon,cbc_after_1r,atr_1.0,28275,6.07,37.8,3.12,4.2,-0.0596,-0.2237,-6324.4,0.681,-27.8,6341.4,5.0,19,-5360.3,-964.1
3m,short,close_confirm,ribbon,cbc_after_1r,atr_1.5,21125,4.54,42.1,4.7,8.3,-0.0473,-0.1565,-3305.5,0.751,-18.86,3325.9,5.0,19,-2849.7,-455.8
3m,short,close_confirm,ribbon,close_against,candle_low,28650,6.15,28.2,3.38,3.8,-0.0464,-0.2026,-5803.7,0.676,-22.99,5843.3,0.0,19,-4793.8,-1009.9
3m,short,close_confirm,ribbon,close_against,atr_0.5,33844,7.27,19.8,1.57,2.2,-0.0663,-0.392,-13267.7,0.608,-31.25,13314.9,0.0,19,-11292.6,-1975.0
3m,short,close_confirm,ribbon,close_against,atr_1.0,28435,6.11,28.8,3.14,3.9,-0.0367,-0.2002,-5693.3,0.687,-23.17,5729.6,0.0,19,-4860.0,-833.3
3m,short,close_confirm,ribbon,close_against,atr_1.5,26890,5.77,31.3,4.72,4.5,-0.0299,-0.1384,-3721.3,0.698,-21.69,3748.6,0.0,19,-3161.4,-559.9
3m,short,close_confirm,ribbon,target2r_trail,candle_low,38392,8.24,25.2,3.35,1.4,-0.058,-0.2144,-8233.0,0.549,-47.81,8249.1,5.0,19,-6675.1,-1557.9
3m,short,close_confirm,ribbon,target2r_trail,atr_0.5,42892,9.21,26.0,1.59,0.5,-0.0927,-0.4133,-17725.9,0.503,-67.93,17734.6,0.0,19,-14489.5,-3236.4
3m,short,close_confirm,ribbon,target2r_trail,atr_1.0,38097,8.18,25.2,3.13,1.4,-0.0632,-0.2267,-8637.9,0.539,-49.85,8657.6,5.0,19,-7337.6,-1300.3
3m,short,close_confirm,ribbon,target2r_trail,atr_1.5,36887,7.92,25.7,4.68,1.7,-0.0484,-0.1577,-5818.5,0.529,-47.31,5828.9,0.0,19,-4876.5,-942.0
3m,short,break_stop,none,cbc_trail,candle_low,122440,26.29,21.4,3.03,1.8,-0.1824,-0.3347,-40979.0,0.37,-132.24,40984.2,0.0,19,-29750.4,-11228.6
3m,short,break_stop,none,cbc_trail,atr_0.5,177627,38.14,8.3,1.44,0.5,-0.672,-1.0211,-181375.8,0.131,-389.77,181374.5,0.0,19,-137265.7,-44110.1
3m,short,break_stop,none,cbc_trail,atr_1.0,124784,26.79,20.6,2.88,1.7,-0.2314,-0.4087,-50993.9,0.321,-159.5,50997.2,0.0,19,-41237.5,-9756.5
3m,short,break_stop,none,cbc_trail,atr_1.5,115977,24.9,23.3,4.36,2.1,-0.1023,-0.2192,-25421.4,0.401,-118.5,25425.7,0.0,19,-20968.9,-4452.4
3m,short,break_stop,none,cbc_after_1r,candle_low,71151,15.28,34.4,3.26,5.2,-0.1817,-0.3232,-22994.8,0.558,-68.0,23004.9,0.0,19,-16011.2,-6983.6
3m,short,break_stop,none,cbc_after_1r,atr_0.5,168182,36.11,9.9,1.43,0.7,-0.6633,-1.0158,-170837.5,0.156,-349.57,170838.4,0.0,19,-129892.9,-40944.6
3m,short,break_stop,none,cbc_after_1r,atr_1.0,80330,17.25,31.8,2.92,4.2,-0.2273,-0.4031,-32384.6,0.489,-90.1,32399.5,0.0,19,-26172.9,-6211.7
3m,short,break_stop,none,cbc_after_1r,atr_1.5,47279,10.15,39.7,4.54,9.3,-0.1098,-0.2222,-10506.4,0.663,-40.93,10530.5,5.0,19,-8689.1,-1817.3
3m,short,break_stop,none,close_against,candle_low,79853,17.15,24.7,3.12,4.1,-0.1739,-0.3217,-25686.5,0.52,-68.77,25704.1,0.0,19,-17724.4,-7962.1
3m,short,break_stop,none,close_against,atr_0.5,153073,32.87,7.6,1.41,1.0,-0.6637,-1.0232,-156620.6,0.175,-279.08,156619.7,0.0,19,-119646.6,-36974.0
3m,short,break_stop,none,close_against,atr_1.0,82516,17.72,23.5,2.94,3.8,-0.2135,-0.388,-32020.1,0.469,-83.69,32036.7,0.0,19,-25394.8,-6625.2
3m,short,break_stop,none,close_against,atr_1.5,70084,15.05,28.7,4.53,5.0,-0.086,-0.1986,-13915.3,0.587,-52.63,13936.9,0.0,19,-11260.8,-2654.5
3m,short,break_stop,none,target2r_trail,candle_low,127938,27.47,21.7,3.14,1.6,-0.1767,-0.3261,-41717.3,0.38,-145.87,41721.0,0.0,19,-29882.2,-11835.1
3m,short,break_stop,none,target2r_trail,atr_0.5,189679,40.73,9.3,1.48,0.3,-0.674,-1.0151,-192539.0,0.127,-490.59,192539.2,0.0,19,-142860.2,-49678.8
3m,short,break_stop,none,target2r_trail,atr_1.0,130978,28.12,20.7,2.91,1.5,-0.2284,-0.4037,-52870.6,0.33,-173.06,52875.3,0.0,19,-42286.0,-10584.7
3m,short,break_stop,none,target2r_trail,atr_1.5,118278,25.4,23.4,4.38,2.0,-0.1009,-0.2174,-25708.2,0.408,-123.08,25711.2,0.0,19,-21105.4,-4602.8
3m,short,break_stop,ribbon,cbc_trail,candle_low,57662,12.38,23.8,3.37,1.9,-0.1437,-0.2845,-16404.0,0.441,-73.75,16412.6,0.0,19,-12378.7,-4025.3
3m,short,break_stop,ribbon,cbc_trail,atr_0.5,84457,18.14,9.2,1.54,0.5,-0.6382,-0.9677,-81732.7,0.159,-235.87,81731.5,0.0,19,-62701.0,-19031.7
3m,short,break_stop,ribbon,cbc_trail,atr_1.0,59197,12.71,22.6,3.08,1.7,-0.2001,-0.3671,-21731.5,0.381,-92.49,21735.6,0.0,19,-17824.8,-3906.8
3m,short,break_stop,ribbon,cbc_trail,atr_1.5,54985,11.81,25.6,4.65,2.1,-0.0808,-0.1911,-10506.7,0.474,-66.22,10516.5,0.0,19,-8869.1,-1637.5
3m,short,break_stop,ribbon,cbc_after_1r,candle_low,34781,7.47,35.5,3.58,5.2,-0.1458,-0.2791,-9705.7,0.609,-40.34,9719.8,0.0,19,-7222.4,-2483.3
3m,short,break_stop,ribbon,cbc_after_1r,atr_0.5,80771,17.34,10.6,1.53,0.7,-0.631,-0.9632,-77800.4,0.182,-215.64,77800.8,0.0,19,-59866.3,-17934.1
3m,short,break_stop,ribbon,cbc_after_1r,atr_1.0,40970,8.8,32.2,3.07,3.8,-0.1988,-0.3669,-15032.2,0.528,-56.88,15044.7,0.0,19,-12396.8,-2635.4
3m,short,break_stop,ribbon,cbc_after_1r,atr_1.5,26019,5.59,40.1,4.68,8.3,-0.09,-0.2,-5205.1,0.694,-26.89,5240.5,5.0,19,-4487.4,-717.7
3m,short,break_stop,ribbon,close_against,candle_low,38591,8.29,26.4,3.44,4.0,-0.1391,-0.2771,-10695.4,0.574,-40.67,10707.8,0.0,19,-7898.0,-2797.4
3m,short,break_stop,ribbon,close_against,atr_0.5,73243,15.73,8.3,1.49,0.9,-0.6298,-0.9696,-71018.1,0.202,-171.89,71016.9,0.0,19,-55076.1,-15942.0
3m,short,break_stop,ribbon,close_against,atr_1.0,40603,8.72,24.6,3.09,3.6,-0.1874,-0.3545,-14395.4,0.515,-51.29,14400.7,0.0,19,-11744.9,-2650.6
3m,short,break_stop,ribbon,close_against,atr_1.5,34699,7.45,30.0,4.74,4.7,-0.0699,-0.1783,-6185.8,0.635,-31.68,6203.1,0.0,19,-5207.4,-978.4
3m,short,break_stop,ribbon,target2r_trail,candle_low,60717,13.04,23.9,3.48,1.6,-0.1392,-0.2771,-16826.0,0.45,-82.11,16834.4,0.0,19,-12458.6,-4367.4
3m,short,break_stop,ribbon,target2r_trail,atr_0.5,91163,19.58,10.3,1.58,0.3,-0.6494,-0.9708,-88500.8,0.147,-313.12,88501.0,0.0,19,-66373.2,-22127.6
3m,short,break_stop,ribbon,target2r_trail,atr_1.0,62907,13.51,22.6,3.1,1.5,-0.1979,-0.3631,-22840.9,0.391,-101.7,22843.3,0.0,19,-18480.7,-4360.2
3m,short,break_stop,ribbon,target2r_trail,atr_1.5,56361,12.1,25.7,4.66,2.0,-0.0787,-0.1886,-10630.1,0.484,-68.68,10640.0,0.0,19,-8928.9,-1701.2
10m,long,close_confirm,none,cbc_trail,candle_low,21291,4.57,27.8,4.98,1.7,-0.0555,-0.1672,-3559.1,0.61,-25.76,3559.8,0.0,19,-3005.3,-553.8
10m,long,close_confirm,none,cbc_trail,atr_0.5,22192,4.77,24.7,2.71,1.4,-0.0956,-0.2793,-6197.3,0.577,-30.71,6204.6,0.0,19,-5392.2,-805.1
10m,long,close_confirm,none,cbc_trail,atr_1.0,20948,4.5,29.0,5.41,1.8,-0.0472,-0.1394,-2919.9,0.619,-25.64,2922.2,0.0,19,-2565.7,-354.2
10m,long,close_confirm,none,cbc_trail,atr_1.5,20797,4.47,29.4,8.1,1.9,-0.0345,-0.0961,-1997.6,0.616,-25.56,1998.8,0.0,19,-1748.3,-249.3
10m,long,close_confirm,none,cbc_after_1r,candle_low,15271,3.28,40.8,5.28,4.9,-0.0323,-0.1374,-2098.7,0.779,-13.25,2101.6,0.0,19,-1741.5,-357.2
10m,long,close_confirm,none,cbc_after_1r,atr_0.5,20267,4.35,31.8,2.74,2.0,-0.0615,-0.2433,-4931.4,0.681,-22.11,4934.2,0.0,19,-4323.7,-607.7
10m,long,close_confirm,none,cbc_after_1r,atr_1.0,14450,3.1,43.6,5.62,5.5,0.0008,-0.0877,-1267.1,0.852,-8.61,1274.1,5.0,19,-1160.0,-107.2
10m,long,close_confirm,none,cbc_after_1r,atr_1.5,10931,2.35,46.7,8.61,9.5,0.0074,-0.05,-546.0,0.903,-4.86,581.2,11.0,19,-532.2,-13.8
10m,long,close_confirm,none,close_against,candle_low,16457,3.53,33.2,5.25,3.9,-0.0003,-0.1067,-1756.7,0.809,-9.67,1812.5,16.0,19,-1641.6,-115.1
10m,long,close_confirm,none,close_against,atr_0.5,18418,3.95,26.0,2.77,2.8,-0.004,-0.1839,-3387.7,0.77,-12.6,3541.1,16.0,19,-3321.6,-66.0
10m,long,close_confirm,none,close_against,atr_1.0,15863,3.41,35.6,5.58,4.2,0.0145,-0.0747,-1184.7,0.849,-7.71,1274.0,16.0,19,-1187.3,2.7
10m,long,close_confirm,none,close_against,atr_1.5,15307,3.29,37.7,8.37,4.6,0.0038,-0.0557,-851.9,0.842,-7.92,893.4,16.0,19,-831.6,-20.3
10m,long,close_confirm,none,target2r_trail,candle_low,21940,4.71,28.2,4.98,1.5,-0.0526,-0.1638,-3593.3,0.617,-28.54,3594.1,0.0,19,-2977.2,-616.0
10m,long,close_confirm,none,target2r_trail,atr_0.5,23709,5.09,26.6,2.73,0.9,-0.0778,-0.2601,-6165.8,0.602,-35.05,6172.5,0.0,19,-5241.6,-924.2
10m,long,close_confirm,none,target2r_trail,atr_1.0,21323,4.58,29.0,5.42,1.7,-0.0451,-0.137,-2921.0,0.626,-26.79,2924.4,0.0,19,-2537.1,-383.9
10m,long,close_confirm,none,target2r_trail,atr_1.5,20907,4.49,29.4,8.1,1.9,-0.034,-0.0955,-1995.6,0.618,-26.05,1996.8,0.0,19,-1737.3,-258.3
10m,long,close_confirm,ribbon,cbc_trail,candle_low,13007,2.79,27.7,4.51,1.7,-0.0404,-0.1604,-2086.5,0.628,-18.68,2090.0,0.0,19,-1822.0,-264.5
10m,long,close_confirm,ribbon,cbc_trail,atr_0.5,13462,2.89,25.0,2.54,1.4,-0.068,-0.2626,-3535.1,0.597,-22.14,3541.5,5.0,19,-3156.7,-378.5
10m,long,close_confirm,ribbon,cbc_trail,atr_1.0,12789,2.75,28.8,5.08,1.9,-0.0334,-0.1309,-1674.5,0.634,-18.9,1677.5,11.0,19,-1541.0,-133.4
10m,long,close_confirm,ribbon,cbc_trail,atr_1.5,12707,2.73,29.2,7.61,1.9,-0.0247,-0.0898,-1141.2,0.632,-18.79,1142.9,5.0,19,-1042.5,-98.6
10m,long,close_confirm,ribbon,cbc_after_1r,candle_low,9340,2.01,40.9,4.84,4.9,-0.0176,-0.1301,-1214.9,0.792,-9.6,1222.3,5.0,19,-1076.7,-138.3
10m,long,close_confirm,ribbon,cbc_after_1r,atr_0.5,12104,2.6,33.0,2.57,2.2,-0.0147,-0.2076,-2513.3,0.725,-14.17,2518.1,5.0,19,-2345.4,-167.9
10m,long,close_confirm,ribbon,cbc_after_1r,atr_1.0,8687,1.87,44.1,5.28,5.8,0.0152,-0.0788,-684.7,0.866,-5.98,702.4,21.0,19,-698.0,13.3
10m,long,close_confirm,ribbon,cbc_after_1r,atr_1.5,6615,1.42,47.5,8.12,10.0,0.0321,-0.029,-191.7,0.942,-2.2,254.1,42.0,19,-237.9,46.2
10m,long,close_confirm,ribbon,close_against,candle_low,9977,2.14,33.2,4.78,4.0,0.0147,-0.0997,-995.1,0.823,-7.0,1064.3,16.0,19,-988.6,-6.4
10m,long,close_confirm,ribbon,close_against,atr_0.5,11012,2.36,26.9,2.59,3.0,0.0387,-0.1525,-1678.8,0.807,-8.12,1882.1,26.0,19,-1821.0,142.2
10m,long,close_confirm,ribbon,close_against,atr_1.0,9600,2.06,35.7,5.24,4.4,0.0274,-0.0674,-647.5,0.862,-5.52,743.7,26.0,19,-731.9,84.4
10m,long,close_confirm,ribbon,close_against,atr_1.5,9278,1.99,37.7,7.87,4.8,0.0183,-0.0448,-415.7,0.869,-5.08,480.7,26.0,19,-467.1,51.4
10m,long,close_confirm,ribbon,target2r_trail,candle_low,13421,2.88,28.0,4.52,1.5,-0.0429,-0.1624,-2179.6,0.622,-21.95,2180.9,0.0,19,-1832.9,-346.7
10m,long,close_confirm,ribbon,target2r_trail,atr_0.5,14391,3.09,26.9,2.57,0.9,-0.0613,-0.254,-3655.7,0.606,-26.82,3660.1,0.0,19,-3121.8,-534.0
10m,long,close_confirm,ribbon,target2r_trail,atr_1.0,13026,2.8,28.8,5.09,1.7,-0.0318,-0.1291,-1682.2,0.64,-19.86,1686.6,5.0,19,-1524.2,-158.0
10m,long,close_confirm,ribbon,target2r_trail,atr_1.5,12780,2.74,29.2,7.61,1.9,-0.0248,-0.0898,-1147.9,0.631,-19.3,1150.5,5.0,19,-1040.3,-107.6
10m,long,break_stop,none,cbc_trail,candle_low,36495,7.84,27.3,5.32,1.9,-0.143,-0.2385,-8704.2,0.481,-53.79,8708.0,0.0,19,-6565.5,-2138.7
10m,long,break_stop,none,cbc_trail,atr_0.5,50139,10.77,13.9,2.67,0.8,-0.5283,-0.7156,-35881.8,0.226,-144.43,35880.8,0.0,19,-27594.3,-8287.5
10m,long,break_stop,none,cbc_trail,atr_1.0,36373,7.81,27.3,5.36,2.0,-0.1459,-0.2389,-8690.0,0.47,-56.21,8689.6,0.0,19,-6906.2,-1783.8
10m,long,break_stop,none,cbc_trail,atr_1.5,34352,7.38,30.0,8.03,2.2,-0.0592,-0.1214,-4169.6,0.564,-39.99,4171.1,0.0,19,-3507.2,-662.4
10m,long,break_stop,none,cbc_after_1r,candle_low,21108,4.53,38.3,5.99,5.3,-0.1201,-0.2049,-4325.6,0.684,-24.73,4326.8,0.0,19,-3120.2,-1205.4
10m,long,break_stop,none,cbc_after_1r,atr_0.5,45703,9.81,16.4,2.7,1.1,-0.5193,-0.7052,-32232.0,0.276,-121.84,32230.7,0.0,19,-24678.1,-7553.8
10m,long,break_stop,none,cbc_after_1r,atr_1.0,22335,4.8,37.3,5.63,4.9,-0.1353,-0.2237,-4996.6,0.664,-27.64,4998.1,0.0,19,-3823.2,-1173.3
10m,long,break_stop,none,cbc_after_1r,atr_1.5,14490,3.11,44.0,8.57,9.1,-0.0404,-0.0983,-1423.8,0.822,-10.82,1426.0,0.0,19,-1189.9,-233.9
10m,long,break_stop,none,close_against,candle_low,24368,5.23,31.2,5.77,4.0,-0.1132,-0.2009,-4895.1,0.652,-25.35,4895.2,0.0,19,-3592.6,-1302.5
10m,long,break_stop,none,close_against,atr_0.5,41187,8.84,12.8,2.71,1.5,-0.5074,-0.6924,-28519.8,0.309,-92.84,28518.6,0.0,19,-21940.6,-6579.2
10m,long,break_stop,none,close_against,atr_1.0,24521,5.27,30.8,5.59,4.0,-0.1254,-0.2146,-5263.2,0.636,-27.71,5262.1,0.0,19,-4108.8,-1154.4
10m,long,break_stop,none,close_against,atr_1.5,21530,4.62,36.3,8.39,4.9,-0.0338,-0.0932,-2006.1,0.762,-15.24,2005.3,5.0,19,-1716.3,-289.8
10m,long,break_stop,none,target2r_trail,candle_low,37890,8.14,27.4,5.39,1.8,-0.14,-0.2345,-8885.7,0.487,-57.46,8884.9,0.0,19,-6613.4,-2272.3
10m,long,break_stop,none,target2r_trail,atr_0.5,54135,11.62,14.4,2.71,0.6,-0.5268,-0.7116,-38522.2,0.224,-173.84,38522.1,0.0,19,-29194.8,-9327.5
10m,long,break_stop,none,target2r_trail,atr_1.0,37542,8.06,27.4,5.39,1.8,-0.1435,-0.2361,-8863.6,0.475,-59.38,8863.1,0.0,19,-6985.2,-1878.4
10m,long,break_stop,none,target2r_trail,atr_1.5,34725,7.46,30.0,8.04,2.2,-0.0593,-0.1214,-4216.4,0.564,-41.2,4216.7,0.0,19,-3533.7,-682.7
10m,long,break_stop,ribbon,cbc_trail,candle_low,20914,4.49,26.9,4.8,1.9,-0.1365,-0.2411,-5042.7,0.478,-41.01,5041.9,0.0,19,-3938.4,-1104.3
10m,long,break_stop,ribbon,cbc_trail,atr_0.5,27869,5.98,14.7,2.46,0.9,-0.4956,-0.6969,-19422.3,0.239,-103.13,19421.3,0.0,19,-15327.0,-4095.3
10m,long,break_stop,ribbon,cbc_trail,atr_1.0,20699,4.44,27.1,4.97,2.0,-0.1311,-0.2305,-4771.0,0.473,-41.87,4771.1,0.0,19,-3936.5,-834.5
10m,long,break_stop,ribbon,cbc_trail,atr_1.5,19821,4.26,29.1,7.45,2.2,-0.0598,-0.1261,-2499.8,0.543,-32.35,2499.9,0.0,19,-2154.4,-345.5
10m,long,break_stop,ribbon,cbc_after_1r,candle_low,12115,2.6,38.7,5.42,5.5,-0.1069,-0.2004,-2427.7,0.692,-18.19,2427.3,0.0,19,-1815.4,-612.4
10m,long,break_stop,ribbon,cbc_after_1r,atr_0.5,24960,5.36,17.7,2.48,1.3,-0.4824,-0.6831,-17049.8,0.297,-84.7,17049.7,0.0,19,-13432.5,-3617.3
10m,long,break_stop,ribbon,cbc_after_1r,atr_1.0,12160,2.61,38.7,5.22,5.4,-0.1027,-0.1977,-2404.6,0.698,-17.92,2404.7,0.0,19,-1964.9,-439.7
10m,long,break_stop,ribbon,cbc_after_1r,atr_1.5,8212,1.76,45.1,8.05,9.8,-0.0216,-0.0832,-682.9,0.845,-6.97,681.8,16.0,19,-634.4,-48.4
10m,long,break_stop,ribbon,close_against,candle_low,13771,2.96,30.9,5.26,4.2,-0.1029,-0.1993,-2744.7,0.657,-19.13,2743.8,0.0,19,-2112.4,-632.3
10m,long,break_stop,ribbon,close_against,atr_0.5,22462,4.82,13.7,2.5,1.7,-0.471,-0.6712,-15075.6,0.33,-66.1,15074.3,0.0,19,-11961.3,-3114.2
10m,long,break_stop,ribbon,close_against,atr_1.0,13605,2.92,31.2,5.2,4.3,-0.1007,-0.1962,-2669.6,0.659,-19.17,2668.7,0.0,19,-2225.4,-444.1
10m,long,break_stop,ribbon,close_against,atr_1.5,12243,2.63,35.8,7.82,5.0,-0.0248,-0.0882,-1080.0,0.769,-11.15,1079.2,11.0,19,-990.1,-89.9
10m,long,break_stop,ribbon,target2r_trail,candle_low,21716,4.66,27.0,4.85,1.8,-0.1333,-0.2368,-5143.1,0.484,-43.85,5142.4,0.0,19,-3956.7,-1186.5
10m,long,break_stop,ribbon,target2r_trail,atr_0.5,30112,6.47,15.4,2.5,0.7,-0.4961,-0.6943,-20906.0,0.235,-124.19,20906.9,0.0,19,-16163.7,-4742.3
10m,long,break_stop,ribbon,target2r_trail,atr_1.0,21336,4.58,27.3,4.99,1.9,-0.1291,-0.228,-4865.4,0.477,-44.12,4865.6,0.0,19,-3971.4,-894.0
10m,long,break_stop,ribbon,target2r_trail,atr_1.5,20031,4.3,29.1,7.46,2.1,-0.0597,-0.1259,-2522.2,0.544,-33.13,2523.7,0.0,19,-2162.8,-359.4
10m,short,close_confirm,none,cbc_trail,candle_low,19951,4.28,26.0,5.11,1.6,-0.0725,-0.181,-3612.1,0.601,-24.19,3621.3,5.0,19,-3126.7,-485.4
10m,short,close_confirm,none,cbc_trail,atr_0.5,20825,4.47,22.7,2.73,1.2,-0.0942,-0.2766,-5761.2,0.604,-25.17,5783.5,5.0,19,-5221.9,-539.3
10m,short,close_confirm,none,cbc_trail,atr_1.0,19729,4.24,26.8,5.45,1.7,-0.0586,-0.1502,-2963.1,0.622,-23.42,2986.9,11.0,19,-2689.4,-273.7
10m,short,close_confirm,none,cbc_trail,atr_1.5,19563,4.2,27.4,8.16,1.8,-0.0397,-0.1008,-1972.4,0.626,-22.86,1994.1,11.0,19,-1792.5,-179.9
10m,short,close_confirm,none,cbc_after_1r,candle_low,14820,3.18,37.2,5.26,4.6,-0.0659,-0.1729,-2562.7,0.738,-14.89,2615.9,11.0,19,-2289.0,-273.7
10m,short,close_confirm,none,cbc_after_1r,atr_0.5,19414,4.17,28.4,2.74,1.8,-0.0735,-0.2555,-4960.5,0.679,-19.92,5013.8,11.0,19,-4584.1,-376.4
10m,short,close_confirm,none,cbc_after_1r,atr_1.0,14256,3.06,39.4,5.57,5.0,-0.0467,-0.1364,-1944.1,0.786,-12.3,1999.5,16.0,19,-1800.7,-143.4
10m,short,close_confirm,none,cbc_after_1r,atr_1.5,10891,2.34,42.3,8.49,8.9,-0.0396,-0.0986,-1074.4,0.823,-9.07,1109.0,16.0,19,-988.3,-86.1
10m,short,close_confirm,none,close_against,candle_low,16091,3.46,29.6,5.16,3.4,-0.034,-0.1425,-2292.5,0.76,-11.72,2335.0,16.0,19,-2060.0,-232.5
10m,short,close_confirm,none,close_against,atr_0.5,18000,3.87,22.8,2.73,2.4,-0.0304,-0.2127,-3827.7,0.747,-12.89,3994.5,16.0,19,-3806.8,-20.9
10m,short,close_confirm,none,close_against,atr_1.0,15637,3.36,31.2,5.51,3.7,-0.0211,-0.1117,-1746.7,0.79,-10.43,1828.8,16.0,19,-1704.9,-41.8
10m,short,close_confirm,none,close_against,atr_1.5,15103,3.24,33.2,8.27,4.1,-0.0168,-0.0772,-1166.7,0.795,-10.02,1216.1,16.0,19,-1129.3,-37.4
10m,short,close_confirm,none,target2r_trail,candle_low,20654,4.44,26.6,5.18,1.4,-0.0578,-0.1651,-3411.0,0.634,-26.36,3419.1,5.0,19,-2892.6,-518.4
10m,short,close_confirm,none,target2r_trail,atr_0.5,22511,4.83,26.0,2.77,0.7,-0.0849,-0.2651,-5967.6,0.616,-33.24,5980.9,5.0,19,-5040.2,-927.5
10m,short,close_confirm,none,target2r_trail,atr_1.0,20289,4.36,26.8,5.48,1.5,-0.0544,-0.1455,-2951.7,0.637,-25.2,2964.5,11.0,19,-2603.0,-348.7
10m,short,close_confirm,none,target2r_trail,atr_1.5,19772,4.25,27.4,8.18,1.8,-0.0356,-0.0966,-1910.7,0.643,-22.88,1932.7,11.0,19,-1720.8,-190.0
10m,short,close_confirm,ribbon,cbc_trail,candle_low,10338,2.22,27.8,5.87,1.7,-0.0557,-0.1494,-1544.6,0.657,-14.95,1549.1,0.0,19,-1317.5,-227.1
10m,short,close_confirm,ribbon,cbc_trail,atr_0.5,10868,2.33,23.8,2.97,1.2,-0.0707,-0.2386,-2593.6,0.657,-15.4,2598.1,5.0,19,-2316.8,-276.8
10m,short,close_confirm,ribbon,cbc_trail,atr_1.0,10242,2.2,28.5,5.92,1.8,-0.0493,-0.1336,-1368.8,0.671,-14.5,1385.2,5.0,19,-1201.8,-167.0
10m,short,close_confirm,ribbon,cbc_trail,atr_1.5,10133,2.18,29.3,8.86,1.9,-0.0327,-0.089,-902.2,0.678,-13.97,918.1,5.0,19,-792.1,-110.1
10m,short,close_confirm,ribbon,cbc_after_1r,candle_low,7676,1.65,37.9,6.08,4.7,-0.0534,-0.1451,-1113.6,0.775,-9.3,1125.5,16.0,19,-976.7,-136.8
10m,short,close_confirm,ribbon,cbc_after_1r,atr_0.5,10268,2.2,28.3,2.97,1.6,-0.0589,-0.227,-2331.0,0.712,-12.87,2334.7,5.0,19,-2086.8,-244.2
10m,short,close_confirm,ribbon,cbc_after_1r,atr_1.0,7773,1.67,39.5,5.92,4.4,-0.0413,-0.1257,-977.0,0.803,-8.35,1008.6,11.0,19,-851.6,-125.4
10m,short,close_confirm,ribbon,cbc_after_1r,atr_1.5,6044,1.3,43.0,8.99,8.1,-0.0285,-0.0843,-509.6,0.849,-5.65,520.5,16.0,19,-444.3,-65.3
10m,short,close_confirm,ribbon,close_against,candle_low,8386,1.8,30.8,5.99,3.4,-0.0288,-0.1219,-1022.2,0.786,-7.78,1035.5,16.0,19,-862.3,-159.8
10m,short,close_confirm,ribbon,close_against,atr_0.5,9491,2.04,23.0,2.97,2.3,-0.0279,-0.196,-1860.2,0.766,-8.93,1865.5,16.0,19,-1652.2,-208.1
10m,short,close_confirm,ribbon,close_against,atr_1.0,8268,1.78,31.7,5.94,3.5,-0.0285,-0.1126,-930.8,0.795,-7.7,949.0,16.0,19,-816.9,-113.9
10m,short,close_confirm,ribbon,close_against,atr_1.5,7926,1.7,34.2,8.91,4.0,-0.0204,-0.0765,-606.4,0.804,-7.16,610.6,11.0,19,-524.4,-81.9
10m,short,close_confirm,ribbon,target2r_trail,candle_low,10716,2.3,28.5,5.92,1.4,-0.0392,-0.1321,-1415.3,0.696,-15.03,1423.1,5.0,19,-1163.2,-252.1
10m,short,close_confirm,ribbon,target2r_trail,atr_0.5,11840,2.54,27.9,2.99,0.6,-0.0508,-0.2167,-2566.0,0.683,-19.04,2571.7,0.0,19,-2159.4,-406.6
10m,short,close_confirm,ribbon,target2r_trail,atr_1.0,10556,2.27,28.6,5.93,1.5,-0.0406,-0.1246,-1315.0,0.696,-14.76,1334.0,5.0,19,-1121.7,-193.3
10m,short,close_confirm,ribbon,target2r_trail,atr_1.5,10248,2.2,29.4,8.87,1.8,-0.0263,-0.0825,-845.4,0.702,-13.28,871.3,5.0,19,-736.6,-108.8
10m,short,break_stop,none,cbc_trail,candle_low,35931,7.72,24.6,5.07,1.8,-0.1617,-0.2608,-9369.5,0.48,-51.14,9377.9,0.0,19,-6794.9,-2574.7
10m,short,break_stop,none,cbc_trail,atr_0.5,49220,10.57,12.0,2.67,0.7,-0.5544,-0.7408,-36462.7,0.222,-136.8,36461.5,0.0,19,-27442.3,-9020.4
10m,short,break_stop,none,cbc_trail,atr_1.0,35592,7.64,24.9,5.36,1.9,-0.1522,-0.2454,-8735.1,0.478,-51.86,8741.9,0.0,19,-6968.6,-1766.5
10m,short,break_stop,none,cbc_trail,atr_1.5,33802,7.26,27.2,8.05,2.1,-0.066,-0.128,-4328.2,0.565,-37.82,4334.0,0.0,19,-3597.4,-730.8
10m,short,break_stop,none,cbc_after_1r,candle_low,22345,4.8,34.5,5.43,4.7,-0.1624,-0.2549,-5695.0,0.633,-29.18,5712.5,0.0,19,-4073.0,-1621.9
10m,short,break_stop,none,cbc_after_1r,atr_0.5,45446,9.76,14.2,2.68,1.0,-0.5483,-0.7346,-33385.1,0.265,-118.76,33386.1,0.0,19,-25055.5,-8329.6
10m,short,break_stop,none,cbc_after_1r,atr_1.0,22259,4.78,34.3,5.53,4.7,-0.1682,-0.2588,-5760.2,0.63,-30.02,5774.8,0.0,19,-4505.6,-1254.5
10m,short,break_stop,none,cbc_after_1r,atr_1.5,14438,3.1,40.1,8.42,9.0,-0.0858,-0.1451,-2094.4,0.753,-15.24,2108.7,0.0,19,-1723.6,-370.8
10m,short,break_stop,none,close_against,candle_low,25526,5.48,26.4,5.17,3.6,-0.1564,-0.2534,-6468.6,0.603,-29.33,6492.1,0.0,19,-4562.9,-1905.6
10m,short,break_stop,none,close_against,atr_0.5,41707,8.96,11.1,2.65,1.3,-0.5378,-0.7258,-30271.1,0.291,-92.84,30273.3,0.0,19,-22885.1,-7386.0
10m,short,break_stop,none,close_against,atr_1.0,24925,5.35,27.0,5.45,3.7,-0.149,-0.2406,-5996.3,0.604,-29.49,6009.9,0.0,19,-4715.1,-1281.3
10m,short,break_stop,none,close_against,atr_1.5,22270,4.78,31.2,8.25,4.4,-0.0583,-0.1188,-2646.1,0.707,-18.8,2658.9,0.0,19,-2170.3,-475.8
10m,short,break_stop,none,target2r_trail,candle_low,37872,8.13,24.8,5.25,1.6,-0.1595,-0.2564,-9710.8,0.484,-58.63,9717.3,0.0,19,-6880.1,-2830.7
10m,short,break_stop,none,target2r_trail,atr_0.5,53423,11.47,12.6,2.72,0.5,-0.5701,-0.7533,-40246.1,0.207,-185.26,40244.8,0.0,19,-29621.0,-10625.1
10m,short,break_stop,none,target2r_trail,atr_1.0,37413,8.03,24.9,5.4,1.7,-0.1557,-0.2482,-9287.2,0.478,-58.62,9293.0,0.0,19,-7242.0,-2045.1
10m,short,break_stop,none,target2r_trail,atr_1.5,34513,7.41,27.1,8.08,2.0,-0.0671,-0.1289,-4449.2,0.565,-40.2,4455.6,0.0,19,-3637.4,-811.8
10m,short,break_stop,ribbon,cbc_trail,candle_low,16510,3.55,27.3,5.96,1.9,-0.1241,-0.21,-3467.2,0.556,-28.29,3469.9,0.0,19,-2548.0,-919.2
10m,short,break_stop,ribbon,cbc_trail,atr_0.5,23121,4.96,12.9,2.94,0.7,-0.5311,-0.7002,-16189.1,0.253,-85.46,16187.8,0.0,19,-12054.4,-4134.7
10m,short,break_stop,ribbon,cbc_trail,atr_1.0,16567,3.56,27.1,5.87,1.9,-0.1366,-0.2217,-3672.4,0.534,-30.65,3675.9,0.0,19,-2920.6,-751.8
10m,short,break_stop,ribbon,cbc_trail,atr_1.5,15643,3.36,29.8,8.81,2.1,-0.0523,-0.109,-1705.1,0.634,-20.93,1710.6,5.0,19,-1444.9,-260.1
10m,short,break_stop,ribbon,cbc_after_1r,candle_low,10436,2.24,36.7,6.37,4.8,-0.1234,-0.2041,-2130.4,0.693,-16.27,2142.0,0.0,19,-1569.1,-561.3
10m,short,break_stop,ribbon,cbc_after_1r,atr_0.5,21740,4.67,14.7,2.94,0.9,-0.5241,-0.6933,-15071.4,0.292,-75.69,15071.5,0.0,19,-11170.0,-3901.4
10m,short,break_stop,ribbon,cbc_after_1r,atr_1.0,11277,2.42,35.0,5.97,4.2,-0.1507,-0.2346,-2645.4,0.66,-19.23,2651.4,0.0,19,-2040.6,-604.8
10m,short,break_stop,ribbon,cbc_after_1r,atr_1.5,7692,1.65,41.3,8.95,8.1,-0.073,-0.129,-992.1,0.78,-9.8,1001.5,5.0,19,-807.0,-185.2
10m,short,break_stop,ribbon,close_against,candle_low,11819,2.54,29.1,6.12,3.6,-0.1253,-0.2096,-2477.0,0.653,-17.41,2487.1,0.0,19,-1719.0,-758.0
10m,short,break_stop,ribbon,close_against,atr_0.5,19837,4.26,11.7,2.92,1.2,-0.5188,-0.6897,-13682.1,0.315,-61.58,13681.1,0.0,19,-10133.7,-3548.4
10m,short,break_stop,ribbon,close_against,atr_1.0,11916,2.56,28.7,5.91,3.5,-0.1387,-0.2233,-2661.4,0.638,-18.74,2668.1,0.0,19,-2041.8,-619.7
10m,short,break_stop,ribbon,close_against,atr_1.5,10570,2.27,33.5,8.9,4.3,-0.0478,-0.1039,-1098.7,0.749,-11.11,1108.9,0.0,19,-887.8,-210.9
10m,short,break_stop,ribbon,target2r_trail,candle_low,17463,3.75,27.3,6.12,1.7,-0.1203,-0.2045,-3571.2,0.564,-31.09,3574.1,0.0,19,-2563.5,-1007.7
10m,short,break_stop,ribbon,target2r_trail,atr_0.5,25402,5.45,13.5,2.98,0.5,-0.5527,-0.7192,-18270.3,0.232,-118.02,18269.0,0.0,19,-13360.5,-4909.8
10m,short,break_stop,ribbon,target2r_trail,atr_1.0,17532,3.76,26.9,5.89,1.6,-0.1388,-0.2234,-3916.8,0.536,-34.19,3921.3,0.0,19,-3031.8,-885.0
10m,short,break_stop,ribbon,target2r_trail,atr_1.5,15982,3.43,29.8,8.82,2.0,-0.0511,-0.1077,-1720.5,0.641,-21.5,1727.0,0.0,19,-1443.9,-276.5
