date,es_45
2008-01-02,0.275
2008-01-03,0.258
2008-01-07,-0.158
2008-01-08,0.018
2008-01-09,-0.124
2008-01-10,-0.491
2008-01-14,-0.087
2008-01-15,-0.919
2008-01-16,0.091
2008-01-17,0.411
2008-01-22,-0.876
2008-01-23,0.187
2008-01-24,0.554
2008-01-28,-0.258
2008-01-29,-0.11
2008-01-30,-0.646
2008-01-31,0.0
2008-02-04,-0.271
2008-02-05,0.374
2008-02-06,-0.169
2008-02-07,0.075
2008-02-11,-0.186
2008-02-12,0.093
2008-02-13,-0.092
2008-02-19,0.297
2008-02-20,-0.11
2008-02-21,0.093
2008-02-26,0.036
2008-02-27,0.091
2008-02-28,-0.292
2008-03-03,0.131
2008-03-04,0.302
2008-03-05,0.113
2008-03-06,0.326
2008-03-10,-0.097
2008-03-11,0.303
2008-03-12,0.038
2008-03-13,-0.266
2008-03-17,0.254
2008-03-18,0.188
2008-03-24,-0.018
2008-03-25,-0.221
2008-03-26,-0.429
2008-03-27,0.339
2008-03-31,0.038
2008-04-01,-0.11
2008-04-02,-0.164
2008-04-03,0.146
2008-04-07,-0.347
2008-04-08,0.237
2008-04-09,0.203
2008-04-10,0.184
2008-04-14,0.113
2008-04-15,0.355
2008-04-16,0.458
2008-04-17,0.549
2008-04-21,-0.252
2008-04-22,0.235
2008-04-23,-0.525
2008-04-24,-0.45
2008-04-28,0.018
2008-04-29,-0.144
2008-04-30,-0.037
2008-05-01,0.088
2008-05-05,0.088
2008-05-06,0.194
2008-05-07,0.233
2008-05-08,-0.572
2008-05-13,-0.035
2008-05-14,-0.16
2008-05-15,-0.087
2008-05-19,0.105
2008-05-20,0.088
2008-05-21,0.126
2008-05-22,-0.071
2008-05-27,0.0
2008-05-28,-0.108
2008-05-29,0.036
2008-06-02,0.0
2008-06-03,0.018
2008-06-04,-0.018
2008-06-05,0.106
2008-06-09,0.0
2008-06-10,-0.166
2008-06-11,0.075
2008-06-12,0.094
2008-06-16,-0.22
2008-06-17,0.056
2008-06-18,-0.205
2008-06-19,-0.148
2008-06-23,-0.227
2008-06-24,0.0
2008-06-25,-0.283
2008-06-26,0.019
2008-06-30,0.293
2008-07-01,0.098
2008-07-02,0.119
2008-07-07,0.0
2008-07-08,-0.02
2008-07-09,0.02
2008-07-10,0.2
2008-07-14,-0.041
2008-07-15,-0.123
2008-07-16,-0.321
2008-07-17,-0.913
2008-07-21,-0.773
2008-07-22,-0.216
2008-07-23,-0.097
2008-07-24,-0.021
2008-07-28,0.0
2008-07-29,-0.039
2008-07-30,0.136
2008-07-31,0.039
2008-08-04,0.16
2008-08-05,0.02
2008-08-06,-0.135
2008-08-07,0.139
2008-08-11,-0.057
2008-08-12,0.135
2008-08-13,-0.097
2008-08-14,0.174
2008-08-18,0.175
2008-08-19,-0.02
2008-08-20,-0.059
2008-08-21,-0.137
2008-08-25,-0.079
2008-08-26,0.0
2008-08-27,0.0
2008-08-28,-0.116
2008-09-02,-0.039
2008-09-03,0.0
2008-09-04,0.04
2008-09-08,-0.217
2008-09-09,0.02
2008-09-10,0.244
2008-09-11,0.199
2008-09-15,-0.292
2008-09-16,-1.357
2008-09-17,0.474
2008-09-18,-0.186
2008-09-22,0.58
2008-09-23,0.084
2008-09-24,0.189
2008-09-25,-0.37
2008-09-29,-1.392
2008-09-30,-0.745
2008-10-01,0.15
2008-10-02,0.537
2008-10-06,-1.546
2008-10-07,0.424
2008-10-08,-1.443
2008-10-09,-1.087
2008-10-13,0.124
2008-10-14,0.499
2008-10-15,-0.88
2008-10-16,-0.633
2008-10-20,0.202
2008-10-21,-0.157
2008-10-22,0.695
2008-10-23,0.715
2008-10-27,-1.004
2008-10-28,-0.744
2008-10-29,1.25
2008-10-30,0.576
2008-11-03,0.517
2008-11-04,-0.125
2008-11-05,-0.473
2008-11-06,0.497
2008-11-10,0.163
2008-11-11,-0.363
2008-11-12,0.089
2008-11-13,-0.658
2008-11-17,-0.147
2008-11-18,0.787
2008-11-19,0.216
2008-11-20,0.0
2008-11-24,0.059
2008-11-25,-0.497
2008-11-26,-0.084
2008-12-01,-0.091
2008-12-02,-0.059
2008-12-03,-0.173
2008-12-04,0.356
2008-12-08,-0.854
2008-12-09,0.196
2008-12-10,-0.307
2008-12-11,-1.087
2008-12-15,0.431
2008-12-16,-0.109
2008-12-17,0.139
2008-12-18,0.623
2008-12-22,0.432
2008-12-23,-0.03
2008-12-29,0.49
2008-12-30,0.282
2009-01-05,0.0
2009-01-06,-0.402
2009-01-07,0.331
2009-01-08,-0.11
2009-01-12,0.491
2009-01-13,0.028
2009-01-14,-0.328
2009-01-15,0.029
2009-01-20,0.311
2009-01-21,0.269
2009-01-22,0.09
2009-01-26,0.15
2009-01-27,0.119
2009-01-28,0.057
2009-01-29,0.237
2009-02-02,-0.031
2009-02-03,-0.299
2009-02-04,-0.241
2009-02-05,-0.09
2009-02-09,-0.519
2009-02-10,0.242
2009-02-11,0.091
2009-02-12,0.3
2009-02-17,-0.096
2009-02-18,-0.922
2009-02-19,-0.097
2009-02-23,0.202
2009-02-24,-0.259
2009-02-25,-0.36
2009-02-26,0.034
2009-03-02,0.642
2009-03-03,-1.367
2009-03-04,-0.352
2009-03-05,0.624
2009-03-09,-0.148
2009-03-10,0.0
2009-03-11,0.0
2009-03-12,-0.033
2009-03-16,0.365
2009-03-17,0.258
2009-03-18,0.221
2009-03-19,-0.063
2009-03-23,-0.182
2009-03-24,0.0
2009-03-25,0.092
2009-03-26,-0.121
2009-03-30,0.255
2009-03-31,-0.284
2009-04-01,0.342
2009-04-02,0.722
2009-04-06,0.151
2009-04-07,0.185
2009-04-08,0.365
2009-04-13,0.147
2009-04-14,-0.506
2009-04-15,0.089
2009-04-16,-0.32
2009-04-20,0.481
2009-04-21,0.0
2009-04-22,-0.326
2009-04-23,0.147
2009-04-27,-0.204
2009-04-28,-0.177
2009-04-29,-0.086
2009-04-30,-0.345
2009-05-04,-0.194
2009-05-05,0.389
2009-05-06,-0.247
2009-05-07,0.138
2009-05-11,0.027
2009-05-12,0.248
2009-05-13,0.34
2009-05-14,0.028
2009-05-18,-0.028
2009-05-19,-0.275
2009-05-20,-0.028
2009-05-21,0.338
2009-05-26,0.028
2009-05-27,-0.112
2009-05-28,0.027
2009-06-01,-0.45
2009-06-02,-0.212
2009-06-03,-0.108
2009-06-04,0.079
2009-06-08,0.16
2009-06-09,-0.212
2009-06-10,0.186
2009-06-11,-0.265
2009-06-15,-0.055
2009-06-16,0.0
2009-06-17,-0.028
2009-06-18,0.082
2009-06-22,0.113
2009-06-23,0.0
2009-06-24,0.112
2009-06-25,0.0
2009-06-29,-0.163
2009-06-30,-0.027
2009-07-01,0.027
2009-07-02,-0.364
2009-07-06,0.14
2009-07-07,0.229
2009-07-08,-0.057
2009-07-09,0.143
2009-07-13,-0.167
2009-07-14,0.914
2009-07-15,-0.242
2009-07-16,-0.32
2009-07-20,0.025
2009-07-21,0.447
2009-07-22,-0.026
2009-07-23,-0.874
2009-07-27,0.0
2009-07-28,-0.18
2009-07-29,0.257
2009-07-30,-0.101
2009-08-03,0.125
2009-08-04,0.225
2009-08-05,-0.201
2009-08-06,0.0
2009-08-10,0.174
2009-08-11,0.076
2009-08-12,0.075
2009-08-13,0.149
2009-08-17,0.026
2009-08-18,0.127
2009-08-19,0.076
2009-08-20,-0.124
2009-08-24,-0.097
2009-08-25,-0.146
2009-08-26,-0.073
2009-08-27,-0.024
2009-08-31,-0.025
2009-09-01,-0.05
2009-09-02,0.024
2009-09-03,0.025
2009-09-08,-0.171
2009-09-09,-0.048
2009-09-10,-0.168
2009-09-14,-0.096
2009-09-15,-0.311
2009-09-16,-0.048
2009-09-17,0.071
2009-09-21,-0.024
2009-09-22,0.023
2009-09-23,0.166
2009-09-24,-0.144
2009-09-28,0.118
2009-09-29,-0.095
2009-09-30,0.096
2009-10-01,0.245
2009-10-05,0.145
2009-10-06,-0.143
2009-10-07,0.308
2009-10-08,0.283
2009-10-12,-0.14
2009-10-13,0.373
2009-10-14,-0.046
2009-10-15,-0.183
2009-10-19,0.138
2009-10-20,0.024
2009-10-21,-0.093
2009-10-22,0.229
2009-10-26,0.164
2009-10-27,0.212
2009-10-28,-0.121
2009-10-29,-0.118
2009-11-02,0.217
2009-11-03,0.0
2009-11-04,0.312
2009-11-05,0.0
2009-11-09,0.046
2009-11-10,0.229
2009-11-11,-0.046
2009-11-12,0.115
2009-11-16,-0.09
2009-11-17,-0.113
2009-11-18,0.09
2009-11-19,-0.068
2009-11-23,-0.113
2009-11-24,-0.113
2009-11-25,0.0
2009-11-30,-0.092
2009-12-01,0.023
2009-12-02,-0.045
2009-12-03,-0.227
2009-12-07,0.226
2009-12-08,-0.16
2009-12-09,0.114
2009-12-10,0.159
2009-12-14,-0.158
2009-12-16,-0.112
2009-12-17,0.206
2009-12-21,-0.135
2009-12-22,0.022
2009-12-28,-0.044
2009-12-29,-0.022
2009-12-30,0.133
2010-01-04,-0.044
2010-01-05,-0.022
2010-01-06,-0.044
2010-01-07,0.0
2010-01-11,-0.241
2010-01-12,0.177
2010-01-14,0.175
2010-01-19,-0.153
2010-01-21,-0.224
2010-01-25,0.024
2010-01-26,0.069
2010-01-27,0.16
2010-01-28,0.139
2010-02-01,0.023
2010-02-02,-0.091
2010-02-03,0.343
2010-02-04,0.165
2010-02-08,0.094
2010-02-09,-0.048
2010-02-10,-0.141
2010-02-11,0.209
2010-02-16,0.092
2010-02-17,0.069
2010-02-18,-0.769
2010-02-22,0.0
2010-02-23,0.343
2010-02-24,-0.09
2010-02-25,-0.069
2010-03-01,0.045
2010-03-02,0.134
2010-03-03,-0.022
2010-03-08,-0.066
2010-03-09,0.066
2010-03-10,0.044
2010-03-11,0.043
2010-03-15,0.066
2010-03-16,-0.021
2010-03-17,0.043
2010-03-18,0.044
2010-03-22,0.129
2010-03-23,0.0
2010-03-24,0.043
2010-03-25,-0.086
2010-03-29,0.0
2010-03-31,0.172
2010-04-01,0.021
2010-04-05,0.064
2010-04-06,-0.042
2010-04-07,-0.043
2010-04-08,0.105
2010-04-12,-0.022
2010-04-14,0.0
2010-04-15,-0.165
2010-04-19,0.105
2010-04-20,0.312
2010-04-21,-0.353
2010-04-22,-0.208
2010-04-26,-0.042
2010-04-27,0.128
2010-04-28,0.168
2010-04-29,0.124
2010-05-03,-0.083
2010-05-04,0.043
2010-05-05,0.043
2010-05-06,-0.646
2010-05-10,0.108
2010-05-11,-0.261
2010-05-12,-0.15
2010-05-13,0.044
2010-05-17,0.198
2010-05-18,-0.313
2010-05-19,0.203
2010-05-20,-0.421
2010-05-24,-0.35
2010-05-25,0.28
2010-05-26,-0.352
2010-05-27,-0.159
2010-06-01,0.023
2010-06-02,0.0
2010-06-03,0.022
2010-06-07,-0.048
2010-06-08,-0.023
2010-06-09,-0.023
2010-06-10,-0.16
2010-06-14,0.0
2010-06-15,-0.135
2010-06-16,-0.112
2010-06-17,-0.023
2010-06-21,0.158
2010-06-22,0.069
2010-06-23,-0.16
2010-06-24,0.351
2010-06-28,0.023
2010-06-29,-0.265
2010-06-30,-0.098
2010-07-01,-0.121
2010-07-06,0.097
2010-07-07,0.284
2010-07-08,0.0
2010-07-12,0.326
2010-07-13,0.504
2010-07-14,0.024
2010-07-15,0.069
2010-07-19,-0.749
2010-07-20,0.185
2010-07-21,-0.281
2010-07-22,-0.253
2010-07-26,-0.113
2010-07-27,0.044
2010-07-28,-0.022
2010-07-29,-0.068
2010-08-02,-0.067
2010-08-03,0.156
2010-08-04,0.022
2010-08-05,0.09
2010-08-09,0.067
2010-08-10,0.045
2010-08-11,-0.575
2010-08-12,-0.162
2010-08-16,0.0
2010-08-17,-0.091
2010-08-18,-0.366
2010-08-19,-0.14
2010-08-23,-0.047
2010-08-24,-0.214
2010-08-25,0.142
2010-08-26,-0.263
2010-08-30,-0.167
2010-08-31,0.43
2010-09-01,0.186
2010-09-02,0.023
2010-09-07,0.0
2010-09-08,0.136
2010-09-09,-0.158
2010-09-13,0.067
2010-09-14,-0.223
2010-09-15,-0.023
2010-09-16,0.29
2010-09-20,-0.132
2010-09-21,-0.131
2010-09-22,0.133
2010-09-23,-0.022
2010-09-27,-0.022
2010-09-28,0.0
2010-09-29,0.066
2010-09-30,-0.022
2010-10-04,0.221
2010-10-05,-0.087
2010-10-06,0.065
2010-10-07,0.173
2010-10-11,0.0
2010-10-12,0.021
2010-10-13,-0.043
2010-10-14,0.406
2010-10-18,-0.741
2010-10-19,0.022
2010-10-20,0.212
2010-10-21,-0.127
2010-10-25,0.021
2010-10-26,0.063
2010-10-27,-0.085
2010-10-28,-0.022
2010-11-01,0.127
2010-11-02,0.21
2010-11-03,0.188
2010-11-04,-0.021
2010-11-08,-0.204
2010-11-09,-0.062
2010-11-10,-0.452
2010-11-11,-0.103
2010-11-15,-0.062
2010-11-16,-0.021
2010-11-17,0.0
2010-11-18,0.146
2010-11-22,0.02
2010-11-23,-0.212
2010-11-24,-0.126
2010-11-29,0.0
2010-11-30,-0.126
2010-12-01,-0.063
2010-12-02,0.123
2010-12-06,-0.082
2010-12-07,-0.143
2010-12-08,0.184
2010-12-09,-0.061
2010-12-13,0.06
2010-12-14,0.0
2010-12-15,0.183
2010-12-16,0.081
2010-12-20,-0.061
2010-12-21,0.02
2010-12-22,0.019
2010-12-28,-0.08
2010-12-29,0.04
2010-12-30,0.04
2011-01-03,-0.079
2011-01-04,0.0
2011-01-05,-0.118
2011-01-06,-0.039
2011-01-10,-0.06
2011-01-11,-0.079
2011-01-12,0.039
2011-01-13,0.156
2011-01-18,0.154
2011-01-19,-0.039
2011-01-20,0.039
2011-01-24,0.039
2011-01-25,-0.058
2011-01-26,0.02
2011-01-27,-0.096
2011-01-31,-0.019
2011-02-01,-0.096
2011-02-02,0.0
2011-02-03,-0.019
2011-02-07,-0.076
2011-02-08,0.0
2011-02-09,0.0
2011-02-10,-0.379
2011-02-14,-0.282
2011-02-15,0.018
2011-02-16,-0.076
2011-02-17,-0.018
2011-02-22,-0.019
2011-02-23,0.019
2011-02-24,-0.23
2011-02-28,-0.038
2011-03-01,-0.479
2011-03-02,-0.134
2011-03-03,-0.038
2011-03-07,0.0
2011-03-08,-0.095
2011-03-09,-0.284
2011-03-10,-0.058
2011-03-14,0.0
2011-03-15,-0.176
2011-03-16,0.019
2011-03-17,-0.039
2011-03-21,-0.038
2011-03-22,-0.02
2011-03-23,-0.078
2011-03-24,0.058
2011-03-28,-0.249
2011-03-29,0.209
2011-03-30,0.038
2011-03-31,0.019
2011-04-04,0.113
2011-04-05,-0.095
2011-04-06,-0.282
2011-04-07,-0.038
2011-04-11,-0.114
2011-04-12,-0.096
2011-04-13,-0.115
2011-04-14,-0.057
2011-04-18,-0.134
2011-04-19,0.229
2011-04-20,0.49
2011-04-25,0.037
2011-04-26,-0.112
2011-04-27,0.019
2011-04-28,-0.111
2011-05-02,-0.037
2011-05-03,-0.166
2011-05-04,0.018
2011-05-05,0.263
2011-05-09,0.094
2011-05-10,0.019
2011-05-11,-0.28
2011-05-12,0.056
2011-05-16,-0.358
2011-05-17,-0.019
2011-05-18,0.038
2011-05-19,0.018
2011-05-23,-0.076
2011-05-24,-0.17
2011-05-25,-0.171
2011-05-26,0.152
2011-05-31,0.018
2011-06-01,-0.019
2011-06-02,0.095
2011-06-06,0.0
2011-06-08,-0.255
2011-06-09,-0.077
2011-06-14,0.039
2011-06-15,0.02
2011-06-16,0.198
2011-06-20,0.02
2011-06-21,-0.097
2011-06-22,-0.214
2011-06-23,0.078
2011-06-27,0.215
2011-06-28,0.194
2011-06-30,-0.114
2011-07-05,0.169
2011-07-06,0.206
2011-07-07,0.111
2011-07-11,0.209
2011-07-12,0.076
2011-07-13,-0.095
2011-07-14,0.134
2011-07-18,0.038
2011-07-19,0.019
2011-07-20,-0.341
2011-07-21,0.224
2011-07-25,-0.019
2011-07-26,-0.189
2011-07-27,-0.077
2011-07-28,0.077
2011-08-01,-0.254
2011-08-02,-0.3
2011-08-03,-0.199
2011-08-04,-0.105
2011-08-08,-0.336
2011-08-09,0.342
2011-08-10,0.963
2011-08-11,0.15
2011-08-15,-0.291
2011-08-16,0.126
2011-08-17,-0.336
2011-08-18,0.22
2011-08-22,0.089
2011-08-23,0.108
2011-08-24,-0.34
2011-08-25,-0.173
2011-08-29,-0.021
2011-08-30,-0.537
2011-08-31,0.103
2011-09-01,-0.269
2011-09-06,0.064
2011-09-07,0.188
2011-09-08,0.064
2011-09-13,-0.214
2011-09-14,-0.064
2011-09-15,0.02
2011-09-19,-0.021
2011-09-20,0.188
2011-09-21,-0.151
2011-09-22,0.468
2011-09-26,0.216
2011-09-27,0.0
2011-09-28,0.197
2011-09-29,0.238
2011-10-03,-0.573
2011-10-04,-0.358
2011-10-05,-0.286
2011-10-06,-0.129
2011-10-10,-0.042
2011-10-11,-0.441
2011-10-12,-0.25
2011-10-13,-0.084
2011-10-17,-0.376
2011-10-18,-0.286
2011-10-19,0.187
2011-10-20,-0.041
2011-10-24,-0.2
2011-10-25,0.0
2011-10-26,0.343
2011-10-27,0.098
2011-10-31,-0.421
2011-11-01,0.782
2011-11-02,0.061
2011-11-03,-0.139
2011-11-07,0.139
2011-11-08,0.02
2011-11-09,0.082
2011-11-10,0.141
2011-11-14,0.26
2011-11-15,-0.08
2011-11-16,-0.405
2011-11-17,0.021
2011-11-21,-0.21
2011-11-22,-0.253
2011-11-23,-0.064
2011-11-28,-0.041
2011-11-29,-0.356
2011-11-30,-0.08
2011-12-01,-0.061
2011-12-05,-0.318
2011-12-06,-0.06
2011-12-07,0.198
2011-12-08,-0.142
2011-12-12,-0.121
2011-12-13,0.163
2011-12-14,0.083
2011-12-15,0.145
2011-12-19,0.083
2011-12-20,0.162
2011-12-21,-0.182
2011-12-22,0.18
2011-12-27,-0.059
2011-12-28,-0.02
2011-12-29,-0.06
2012-01-03,0.138
2012-01-04,0.059
2012-01-05,-0.255
2012-01-09,-0.059
2012-01-10,-0.175
2012-01-11,0.0
2012-01-12,0.039
2012-01-17,0.116
2012-01-18,-0.058
2012-01-19,-0.019
2012-01-23,-0.133
2012-01-24,0.343
2012-01-25,-0.057
2012-01-26,0.133
2012-01-30,0.0
2012-01-31,-0.115
2012-02-01,0.038
2012-02-02,0.057
2012-02-06,0.019
2012-02-07,0.074
2012-02-08,-0.056
2012-02-09,-0.093
2012-02-13,0.019
2012-02-14,-0.019
2012-02-15,-0.13
2012-02-16,-0.074
2012-02-21,0.074
2012-02-22,0.111
2012-02-23,0.092
2012-02-27,0.018
2012-02-28,0.0
2012-02-29,-0.275
2012-03-01,0.2
2012-03-05,0.0
2012-03-06,-0.019
2012-03-07,-0.037
2012-03-08,0.0
2012-03-12,0.128
2012-03-13,0.125
2012-03-14,-0.162
2012-03-15,-0.071
2012-03-19,0.036
2012-03-20,0.107
2012-03-21,-0.036
2012-03-22,0.216
2012-03-26,0.248
2012-03-27,-0.089
2012-03-28,-0.054
2012-03-29,0.071
2012-04-02,-0.159
2012-04-03,0.0
2012-04-04,-0.089
2012-04-05,-0.126
2012-04-09,-0.145
2012-04-10,0.425
2012-04-11,0.074
2012-04-12,0.109
2012-04-16,-0.018
2012-04-17,-0.181
2012-04-18,-0.09
2012-04-19,0.127
2012-04-23,0.129
2012-04-24,0.566
2012-04-25,0.072
2012-04-26,-0.071
2012-04-30,0.179
2012-05-01,-0.089
2012-05-02,-0.018
2012-05-03,-0.018
2012-05-07,0.073
2012-05-08,0.0
2012-05-09,-0.278
2012-05-10,-0.277
2012-05-14,-0.168
2012-05-15,0.113
2012-05-16,0.019
2012-05-17,0.019
2012-05-21,0.019
2012-05-22,-0.039
2012-05-23,-0.19
2012-05-24,0.341
2012-05-29,0.112
2012-05-30,-0.305
2012-05-31,-0.229
2012-06-04,-0.157
2012-06-05,0.058
2012-06-06,0.058
2012-06-07,0.171
2012-06-11,-0.172
2012-06-12,0.095
2012-06-13,-0.152
2012-06-14,0.34
2012-06-19,-0.111
2012-06-20,0.186
2012-06-21,-0.019
2012-06-25,0.019
2012-06-26,0.114
2012-06-27,-0.037
2012-06-28,-0.17
2012-07-02,-0.147
2012-07-05,0.036
2012-07-09,-0.018
2012-07-10,0.038
2012-07-11,0.149
2012-07-12,0.038
2012-07-16,-0.074
2012-07-17,0.0
2012-07-18,0.183
2012-07-19,0.019
2012-07-23,-0.334
2012-07-24,-0.843
2012-07-25,0.094
2012-07-26,-0.018
2012-07-30,-0.055
2012-07-31,-0.036
2012-08-01,-0.036
2012-08-02,0.074
2012-08-06,-0.072
2012-08-07,0.0
2012-08-08,-0.072
2012-08-09,0.036
2012-08-13,0.054
2012-08-14,-0.054
2012-08-15,0.107
2012-08-16,0.018
2012-08-20,-0.035
2012-08-21,0.035
2012-08-22,0.035
2012-08-23,-0.018
2012-08-27,-0.071
2012-08-28,-0.035
2012-08-29,-0.107
2012-08-30,-0.161
2012-09-04,0.09
2012-09-05,0.196
2012-09-06,0.087
2012-09-10,-0.297
2012-09-11,-0.139
2012-09-12,0.07
2012-09-13,-0.222
2012-09-17,-0.035
2012-09-18,0.104
2012-09-19,-0.172
2012-09-20,0.069
2012-09-24,0.103
2012-09-25,0.122
2012-09-26,0.105
2012-09-27,0.0
2012-10-01,-0.035
2012-10-02,0.07
2012-10-03,-0.017
2012-10-04,-0.018
2012-10-08,-0.103
2012-10-09,0.052
2012-10-10,-0.262
2012-10-11,0.105
2012-10-15,0.053
2012-10-16,0.018
2012-10-17,0.068
2012-10-18,-0.155
2012-10-22,0.28
2012-10-23,0.053
2012-10-24,0.196
2012-10-25,-0.124
2012-10-31,-0.302
2012-11-01,0.158
2012-11-05,-0.124
2012-11-06,0.193
2012-11-07,0.036
2012-11-08,0.146
2012-11-12,0.164
2012-11-13,0.219
2012-11-14,0.129
2012-11-15,0.112
2012-11-19,0.019
2012-11-20,0.018
2012-11-21,0.036
2012-11-26,-0.036
2012-11-27,0.0
2012-11-28,-0.053
2012-11-29,0.0
2012-11-30,0.071
2012-12-03,-0.125
2012-12-04,-0.089
2012-12-05,-0.089
2012-12-06,0.035
2012-12-07,0.0
2012-12-10,-0.017
2012-12-11,0.351
2012-12-12,-0.157
2012-12-13,-0.194
2012-12-14,0.16
2012-12-17,0.21
2012-12-18,-0.086
2012-12-19,-0.07
2012-12-20,0.087
2012-12-21,0.158
2012-12-26,-0.105
2012-12-27,0.088
2012-12-28,-0.823
2012-12-31,0.088
2013-01-02,-0.018
2013-01-03,0.0
2013-01-04,-0.103
2013-01-07,0.018
2013-01-08,-0.017
2013-01-09,0.017
2013-01-10,0.102
2013-01-11,-0.033
2013-01-14,-0.086
2013-01-15,0.0
2013-01-16,-0.137
2013-01-17,-0.051
2013-01-18,-0.017
2013-01-22,0.219
2013-01-23,-0.285
2013-01-24,-0.101
2013-01-25,-0.15
2013-01-28,-0.067
2013-01-29,0.15
2013-01-30,-0.184
2013-01-31,0.101
2013-02-01,-0.033
2013-02-05,0.083
2013-02-06,0.017
2013-02-07,0.033
2013-02-08,0.033
2013-02-11,0.033
2013-02-12,0.05
2013-02-13,-0.033
2013-02-14,-0.033
2013-02-15,-0.017
2013-02-19,0.016
2013-02-20,-0.066
2013-02-21,0.134
2013-02-22,-0.066
2013-02-25,-0.151
2013-02-26,-0.167
2013-02-27,0.099
2013-02-28,-0.182
2013-03-01,-0.066
2013-03-04,0.18
2013-03-05,0.0
2013-03-06,-0.064
2013-03-07,0.016
2013-03-08,0.0
2013-03-11,0.032
2013-03-12,0.064
2013-03-13,0.145
2013-03-14,-0.048
2013-03-15,-0.048
2013-03-18,0.13
2013-03-19,-0.146
2013-03-20,-0.145
2013-03-21,0.0
2013-03-22,0.081
2013-03-25,0.178
2013-03-26,0.016
2013-03-27,-0.016
2013-03-28,0.112
2013-04-01,-0.048
2013-04-02,0.079
2013-04-03,0.033
2013-04-04,-0.048
2013-04-05,-0.032
2013-04-08,0.321
2013-04-09,0.032
2013-04-10,0.079
2013-04-11,0.016
2013-04-12,-0.063
2013-04-15,-0.307
2013-04-16,-0.048
2013-04-17,0.016
2013-04-18,0.049
2013-04-19,-0.081
2013-04-22,0.032
2013-04-23,0.111
2013-04-24,0.0
2013-04-25,0.0
2013-04-26,-0.079
2013-04-29,0.047
2013-04-30,0.078
2013-05-01,0.032
2013-05-02,0.0
2013-05-03,0.047
2013-05-06,-0.016
2013-05-07,-0.015
2013-05-08,0.015
2013-05-09,0.108
2013-05-10,-0.031
2013-05-13,0.016
2013-05-14,-0.015
2013-05-15,-0.09
2013-05-16,0.061
2013-05-17,-0.045
2013-05-20,-0.015
2013-05-21,-0.075
2013-05-22,0.212
2013-05-23,0.121
2013-05-24,0.121
2013-05-28,-0.075
2013-05-29,-0.076
2013-05-30,0.061
2013-05-31,-0.092
2013-06-03,-0.107
2013-06-04,0.092
2013-06-05,0.078
2013-06-06,0.092
2013-06-07,-0.152
2013-06-10,0.0
2013-06-11,0.153
2013-06-12,-0.062
2013-06-13,0.015
2013-06-14,-0.124
2013-06-17,0.107
2013-06-18,0.03
2013-06-19,-0.062
2013-06-20,0.142
2013-06-21,-0.221
2013-06-24,0.048
2013-06-25,-0.063
2013-06-26,-0.063
2013-06-27,-0.032
2013-06-28,-0.015
2013-07-01,-0.156
2013-07-02,0.031
2013-07-05,0.246
2013-07-08,0.168
2013-07-09,-0.015
2013-07-10,0.44
2013-07-11,0.015
2013-07-12,-0.12
2013-07-15,0.015
2013-07-16,0.045
2013-07-17,0.03
2013-07-18,-0.282
2013-07-19,0.133
2013-07-22,0.0
2013-07-23,0.118
2013-07-24,0.179
2013-07-25,0.045
2013-07-26,0.0
2013-07-29,0.074
2013-07-31,0.238
2013-08-01,0.029
2013-08-02,-0.074
2013-08-05,-0.029
2013-08-06,0.03
2013-08-07,0.089
2013-08-08,0.074
2013-08-09,-0.178
2013-08-12,0.118
2013-08-13,-0.029
2013-08-14,-0.045
2013-08-15,-0.166
2013-08-16,-0.182
2013-08-19,0.091
2013-08-20,0.015
2013-08-21,-0.289
2013-08-22,0.091
2013-08-23,0.075
2013-08-26,0.015
2013-08-27,0.077
2013-08-28,-0.199
2013-08-29,0.122
2013-08-30,0.154
2013-09-03,0.03
2013-09-04,0.166
2013-09-05,-0.06
2013-09-06,0.015
2013-09-09,0.0
2013-09-10,-0.014
2013-09-11,0.089
2013-09-12,0.089
2013-09-13,0.133
2013-09-16,0.0
2013-09-17,0.059
2013-09-18,-0.014
2013-09-19,0.058
2013-09-20,0.088
2013-09-23,-0.133
2013-09-24,0.074
2013-09-25,-0.015
2013-09-26,0.074
2013-09-27,0.03
2013-09-30,0.119
2013-10-01,0.134
2013-10-02,-0.208
2013-10-03,-0.239
2013-10-04,-0.059
2013-10-07,-0.075
2013-10-08,-0.197
2013-10-09,-0.121
2013-10-10,-0.237
2013-10-11,0.118
2013-10-14,0.029
2013-10-15,0.163
2013-10-16,-0.219
2013-10-17,0.029
2013-10-18,-0.072
2013-10-21,-0.057
2013-10-22,0.014
2013-10-23,0.086
2013-10-24,0.129
2013-10-25,-0.043
2013-10-28,0.014
2013-10-29,0.014
2013-10-30,0.057
2013-10-31,0.2
2013-11-01,-0.114
2013-11-04,-0.028
2013-11-05,-0.043
2013-11-06,-0.071
2013-11-07,0.057
2013-11-08,-0.113
2013-11-11,-0.014
2013-11-12,0.043
2013-11-13,0.112
2013-11-14,0.0
2013-11-15,-0.111
2013-11-18,0.014
2013-11-19,0.0
2013-11-20,0.042
2013-11-21,0.014
2013-11-22,-0.069
2013-11-25,0.014
2013-11-26,0.042
2013-11-27,-0.083
2013-12-02,0.014
2013-12-03,-0.097
2013-12-04,0.084
2013-12-05,-0.028
2013-12-06,0.069
2013-12-09,0.014
2013-12-10,0.056
2013-12-11,-0.014
2013-12-12,-0.127
2013-12-13,-0.014
2013-12-16,-0.056
2013-12-17,-0.127
2013-12-18,-0.083
2013-12-19,-0.083
2013-12-20,0.179
2013-12-23,0.027
2013-12-26,-0.013
2013-12-27,0.027
2013-12-30,0.0
2013-12-31,0.15
2014-01-02,0.027
2014-01-03,-0.054
2014-01-06,-0.055
2014-01-07,-0.055
2014-01-08,0.014
2014-01-09,0.041
2014-01-10,0.068
2014-01-13,0.069
2014-01-14,-0.027
2014-01-15,-0.081
2014-01-16,-0.163
2014-01-17,0.095
2014-01-21,-0.054
2014-01-22,-0.014
2014-01-23,0.068
2014-01-24,-0.224
2014-01-27,-0.155
2014-01-28,0.14
2014-01-29,0.056
2014-01-30,-0.252
2014-01-31,0.014
2014-02-03,0.0
2014-02-04,-0.243
2014-02-05,-0.043
2014-02-06,-0.085
2014-02-07,0.07
2014-02-10,0.014
2014-02-11,-0.111
2014-02-12,0.041
2014-02-13,-0.041
2014-02-14,-0.027
2014-02-18,0.014
2014-02-19,0.041
2014-02-20,-0.055
2014-02-21,-0.014
2014-02-24,0.013
2014-02-25,0.217
2014-02-26,-0.027
2014-02-27,0.095
2014-02-28,0.107
2014-03-03,-0.014
2014-03-04,-0.04
2014-03-05,0.027
2014-03-06,0.0
2014-03-07,0.013
2014-03-10,0.04
2014-03-11,-0.134
2014-03-12,0.067
2014-03-13,0.054
2014-03-14,-0.082
2014-03-17,0.027
2014-03-18,-0.054
2014-03-19,-0.229
2014-03-20,0.041
2014-03-21,0.081
2014-03-24,0.054
2014-03-25,0.0
2014-03-26,-0.014
2014-03-27,0.055
2014-03-28,0.041
2014-03-31,-0.054
2014-04-01,0.04
2014-04-02,-0.013
2014-04-03,0.173
2014-04-04,0.148
2014-04-07,0.041
2014-04-08,-0.04
2014-04-09,-0.027
2014-04-10,0.191
2014-04-11,0.11
2014-04-14,0.055
2014-04-15,0.34
2014-04-16,-0.215
2014-04-17,0.054
2014-04-21,-0.041
2014-04-22,0.026
2014-04-23,0.495
2014-04-24,0.04
2014-04-25,0.121
2014-04-28,0.134
2014-04-29,-0.093
2014-04-30,0.04
2014-05-01,0.04
2014-05-02,-0.067
2014-05-05,-0.067
2014-05-06,0.107
2014-05-07,0.067
2014-05-08,-0.067
2014-05-09,0.013
2014-05-12,0.079
2014-05-13,0.053
2014-05-14,0.0
2014-05-15,-0.08
2014-05-16,0.0
2014-05-19,-0.013
2014-05-20,-0.026
2014-05-21,-0.08
2014-05-22,0.013
2014-05-23,-0.027
2014-05-27,0.026
2014-05-28,0.092
2014-05-29,-0.013
2014-05-30,-0.078
2014-06-02,-0.039
2014-06-03,0.065
2014-06-04,0.039
2014-06-05,-0.013
2014-06-06,0.064
2014-06-09,-0.026
2014-06-10,0.064
2014-06-11,0.012
2014-06-12,0.142
2014-06-13,0.039
2014-06-16,-0.013
2014-06-17,0.013
2014-06-18,0.0
2014-06-19,-0.051
2014-06-20,-0.038
2014-06-23,-0.064
2014-06-24,0.039
2014-06-25,-0.09
2014-06-26,-0.026
2014-06-27,-0.09
2014-06-30,0.115
2014-07-01,0.026
2014-07-02,0.013
2014-07-07,0.013
2014-07-08,0.102
2014-07-09,0.038
2014-07-10,-0.089
2014-07-11,0.076
2014-07-14,0.0
2014-07-15,0.013
2014-07-16,-0.126
2014-07-17,-0.128
2014-07-18,-0.038
2014-07-21,-0.127
2014-07-22,-0.202
2014-07-23,-0.013
2014-07-24,-0.101
2014-07-25,-0.051
2014-07-28,-0.05
2014-07-29,0.0
2014-07-30,0.0
2014-07-31,-0.026
2014-08-01,-0.078
2014-08-04,-0.077
2014-08-05,-0.013
2014-08-06,-0.013
2014-08-07,-0.013
2014-08-08,-0.143
2014-08-11,0.065
2014-08-12,0.155
2014-08-13,0.129
2014-08-14,0.102
2014-08-15,0.038
2014-08-18,0.038
2014-08-19,-0.025
2014-08-20,-0.025
2014-08-21,0.05
2014-08-22,0.075
2014-08-25,-0.075
2014-08-26,0.075
2014-08-27,0.0
2014-08-28,0.125
2014-08-29,-0.125
2014-09-02,0.025
2014-09-03,-0.025
2014-09-04,0.163
2014-09-05,0.075
2014-09-08,0.062
2014-09-09,0.088
2014-09-10,0.025
2014-09-11,0.112
2014-09-12,-0.063
2014-09-15,0.051
2014-09-16,0.025
2014-09-17,0.038
2014-09-18,0.112
2014-09-19,-0.05
2014-09-22,-0.101
2014-09-23,-0.316
2014-09-24,-0.038
2014-09-25,0.128
2014-09-26,0.051
2014-09-29,-0.101
2014-09-30,-0.191
2014-10-01,0.193
2014-10-02,-0.013
2014-10-03,0.0
2014-10-06,-0.166
2014-10-07,-0.104
2014-10-08,0.089
2014-10-09,-0.156
2014-10-10,-0.29
2014-10-13,-0.147
2014-10-14,0.321
2014-10-15,-0.633
2014-10-16,-0.31
2014-10-17,0.12
2014-10-20,0.224
2014-10-21,0.233
2014-10-22,0.195
2014-10-23,0.116
2014-10-24,0.115
2014-10-27,0.115
2014-10-28,0.088
2014-10-29,-0.177
2014-10-30,0.0
2014-10-31,-0.075
2014-11-03,-0.062
2014-11-04,0.012
2014-11-05,0.0
2014-11-06,0.123
2014-11-07,-0.123
2014-11-10,0.012
2014-11-11,-0.025
2014-11-12,0.025
2014-11-13,-0.147
2014-11-14,0.061
2014-11-17,0.037
2014-11-18,-0.085
2014-11-19,0.012
2014-11-20,0.073
2014-11-21,-0.012
2014-11-24,0.0
2014-11-25,0.06
2014-11-26,0.169
2014-12-01,-0.097
2014-12-02,0.036
2014-12-03,-0.048
2014-12-04,0.048
2014-12-05,0.084
2014-12-08,0.0
2014-12-09,-0.049
2014-12-10,0.012
2014-12-11,-0.43
2014-12-12,-0.187
2014-12-15,0.025
2014-12-16,0.025
2014-12-17,0.038
2014-12-18,0.243
2014-12-19,-0.097
2014-12-22,-0.12
2014-12-26,0.084
2014-12-29,0.096
2014-12-30,0.144
2014-12-31,-0.012
2015-01-02,-0.159
2015-01-05,0.199
2015-01-06,0.012
2015-01-07,0.05
2015-01-08,-0.134
2015-01-09,-0.16
2015-01-12,0.087
2015-01-13,0.087
2015-01-14,0.299
2015-01-15,-0.113
2015-01-16,0.087
2015-01-20,-0.05
2015-01-21,0.0
2015-01-22,0.024
2015-01-23,-0.123
2015-01-26,0.183
2015-01-27,0.729
2015-01-28,-0.088
2015-01-29,0.149
2015-01-30,-0.013
2015-02-02,0.087
2015-02-03,-0.11
2015-02-04,-0.54
2015-02-05,-0.036
2015-02-06,0.232
2015-02-09,0.073
2015-02-10,-0.012
2015-02-11,0.472
2015-02-12,-0.048
2015-02-13,0.048
2015-02-17,0.036
2015-02-18,-0.06
2015-02-19,0.06
2015-02-20,-0.012
2015-02-23,-0.024
2015-02-24,0.012
2015-02-25,-0.012
2015-02-26,0.059
2015-02-27,0.167
2015-03-02,-0.048
2015-03-03,-0.071
2015-03-04,-0.048
2015-03-05,0.0
2015-03-06,0.109
2015-03-09,-0.036
2015-03-10,-0.024
2015-03-11,0.122
2015-03-12,0.0
2015-03-13,-0.036
2015-03-16,-0.265
2015-03-17,0.0
2015-03-18,0.072
2015-03-19,-0.024
2015-03-20,-0.071
2015-03-23,-0.072
2015-03-24,0.06
2015-03-25,0.11
2015-03-26,0.074
2015-03-27,-0.025
2015-03-30,-0.192
2015-03-31,-0.061
2015-04-01,0.085
2015-04-02,0.085
2015-04-06,-0.06
2015-04-07,0.036
2015-04-08,0.085
2015-04-09,0.024
2015-04-10,0.0
2015-04-13,0.036
2015-04-14,0.06
2015-04-15,0.072
2015-04-16,0.095
2015-04-17,0.097
2015-04-20,-0.131
2015-04-21,0.024
2015-04-22,-0.095
2015-04-23,0.024
2015-04-24,0.059
2015-04-27,0.035
2015-04-28,0.118
2015-04-29,-0.084
2015-04-30,0.168
2015-05-01,0.024
2015-05-04,0.047
2015-05-05,0.108
2015-05-06,0.036
2015-05-07,0.036
2015-05-08,-0.118
2015-05-11,-0.167
2015-05-12,0.084
2015-05-13,0.071
2015-05-14,0.047
2015-05-15,0.047
2015-05-18,0.071
2015-05-19,-0.024
2015-05-20,-0.059
2015-05-21,-0.024
2015-05-22,0.012
2015-05-26,0.202
2015-05-27,-0.071
2015-05-28,0.153
2015-05-29,0.107
2015-06-01,0.047
2015-06-02,-0.048
2015-06-03,0.13
2015-06-04,0.131
2015-06-05,0.0
2015-06-08,0.072
2015-06-09,0.156
2015-06-10,0.166
2015-06-11,0.012
2015-06-12,0.0
2015-06-15,-0.012
2015-06-16,0.084
2015-06-17,-0.155
2015-06-18,0.047
2015-06-19,0.024
2015-06-22,0.0
2015-06-23,0.047
2015-06-24,0.024
2015-06-25,0.024
2015-06-26,0.132
2015-06-29,0.207
2015-06-30,0.17
2015-07-01,0.121
2015-07-02,0.085
2015-07-06,0.291
2015-07-07,-0.06
2015-07-08,0.0
2015-07-09,-0.061
2015-07-10,0.036
2015-07-13,0.06
2015-07-14,0.06
2015-07-15,0.167
2015-07-16,-0.024
2015-07-17,0.0
2015-07-20,0.047
2015-07-21,-0.154
2015-07-22,0.154
2015-07-23,0.251
2015-07-24,0.241
2015-07-27,0.157
2015-07-28,0.06
2015-07-29,-0.048
2015-07-30,0.083
2015-07-31,0.096
2015-08-03,0.012
2015-08-04,-0.131
2015-08-05,0.0
2015-08-06,0.072
2015-08-07,0.024
2015-08-10,0.059
2015-08-11,0.036
2015-08-12,0.084
2015-08-13,0.06
2015-08-14,0.132
2015-08-17,-0.024
2015-08-18,0.0
2015-08-19,-0.169
2015-08-20,-0.32
2015-08-21,0.05
2015-08-24,-0.65
2015-08-25,0.255
2015-08-26,-0.064
2015-08-27,0.176
2015-08-28,0.025
2015-08-31,-0.14
2015-09-01,0.262
2015-09-02,0.064
2015-09-03,-0.064
2015-09-04,0.13
2015-09-08,-0.102
2015-09-09,0.116
2015-09-10,-0.026
2015-09-11,0.077
2015-09-14,0.013
2015-09-15,0.153
2015-09-16,0.151
2015-09-17,-0.152
2015-09-18,0.064
2015-09-21,0.345
2015-09-22,-0.064
2015-09-23,0.195
2015-09-24,-0.091
2015-09-25,-0.274
2015-09-28,0.174
2015-09-29,0.093
2015-09-30,-0.327
2015-10-01,0.183
2015-10-02,0.051
2015-10-05,-0.101
2015-10-06,-0.305
2015-10-07,0.063
2015-10-08,0.037
2015-10-09,-0.025
2015-10-12,0.174
2015-10-13,-0.138
2015-10-14,-0.026
2015-10-15,0.099
2015-10-16,0.074
2015-10-19,0.025
2015-10-20,-0.21
2015-10-21,-0.025
2015-10-22,0.489
2015-10-23,-0.193
2015-10-26,-0.036
2015-10-27,0.207
2015-10-28,-0.084
2015-10-29,0.108
2015-10-30,0.084
2015-11-02,-0.191
2015-11-03,-0.036
2015-11-04,-0.036
2015-11-05,0.048
2015-11-06,0.012
2015-11-09,-0.049
2015-11-10,-0.012
2015-11-11,-0.072
2015-11-12,-0.049
2015-11-13,-0.248
2015-11-16,-0.012
2015-11-17,0.146
2015-11-18,-0.084
2015-11-19,0.024
2015-11-20,0.108
2015-11-23,-0.024
2015-11-24,-0.143
2015-11-25,0.096
2015-11-30,0.252
2015-12-01,-0.059
2015-12-02,0.265
2015-12-03,0.232
2015-12-04,-0.036
2015-12-07,0.253
2015-12-08,-0.109
2015-12-09,-0.049
2015-12-10,-0.024
2015-12-11,-0.174
2015-12-14,-0.112
2015-12-15,0.111
2015-12-16,-0.218
2015-12-17,-0.443
2015-12-18,0.038
2015-12-21,0.298
2015-12-22,0.135
2015-12-23,-0.194
2015-12-28,0.11
2015-12-29,0.121
2015-12-30,0.036
2015-12-31,0.061
2016-01-04,0.237
2016-01-05,0.025
2016-01-06,0.189
2016-01-07,-0.026
2016-01-08,-0.026
2016-01-11,-0.143
2016-01-12,-0.414
2016-01-13,0.026
2016-01-14,-0.039
2016-01-15,0.254
2016-01-19,-0.147
2016-01-20,0.014
2016-01-21,0.027
2016-01-22,0.0
2016-01-25,0.04
2016-01-26,-0.422
2016-01-27,0.133
2016-01-28,-0.199
2016-01-29,0.0
2016-02-01,-0.117
2016-02-02,0.079
2016-02-03,0.105
2016-02-04,-0.21
2016-02-05,0.027
2016-02-08,0.189
2016-02-09,-0.095
2016-02-10,-0.27
2016-02-11,0.055
2016-02-12,-0.027
2016-02-16,-0.132
2016-02-17,0.247
2016-02-18,0.183
2016-02-19,-0.013
2016-02-22,-0.425
2016-02-23,-0.182
2016-02-24,0.402
2016-02-25,0.026
2016-02-26,-0.218
2016-02-29,-0.013
2016-03-01,0.101
2016-03-02,-0.088
2016-03-03,0.0
2016-03-04,-0.138
2016-03-07,0.0
2016-03-08,0.253
2016-03-09,0.063
2016-03-10,0.038
2016-03-11,-0.012
2016-03-14,-0.025
2016-03-15,0.013
2016-03-16,-0.074
2016-03-17,0.025
2016-03-18,-0.012
2016-03-21,0.073
2016-03-22,0.098
2016-03-23,0.025
2016-03-24,0.173
2016-03-28,0.0
2016-03-29,0.086
2016-03-30,-0.037
2016-03-31,0.061
2016-04-01,0.012
2016-04-04,-0.061
2016-04-05,0.209
2016-04-06,-0.012
2016-04-07,0.025
2016-04-08,0.049
2016-04-11,-0.11
2016-04-12,0.012
2016-04-13,0.0
2016-04-14,0.096
2016-04-15,0.06
2016-04-18,-0.096
2016-04-19,-0.024
2016-04-20,0.06
2016-04-21,-0.144
2016-04-22,0.012
2016-04-25,0.096
2016-04-26,-0.096
2016-04-27,0.155
2016-04-28,0.169
2016-04-29,0.073
2016-05-02,0.012
2016-05-03,0.049
2016-05-04,0.11
2016-05-05,-0.073
2016-05-06,0.11
2016-05-09,0.024
2016-05-10,-0.12
2016-05-11,-0.049
2016-05-12,-0.024
2016-05-13,0.0
2016-05-16,-0.037
2016-05-17,0.037
2016-05-18,-0.025
2016-05-19,0.11
2016-05-20,0.049
2016-05-23,-0.049
2016-05-24,0.096
2016-05-25,0.084
2016-05-26,0.156
2016-05-27,0.083
2016-05-31,0.06
2016-06-01,0.0
2016-06-02,0.012
2016-06-03,-0.012
2016-06-06,0.023
2016-06-07,-0.047
2016-06-08,-0.011
2016-06-09,-0.047
2016-06-10,0.024
2016-06-13,-0.144
2016-06-14,-0.084
2016-06-15,-0.036
2016-06-16,-0.012
2016-06-17,-0.109
2016-06-20,0.362
2016-06-21,-0.048
2016-06-22,0.024
2016-06-23,0.404
2016-06-24,-0.456
2016-06-27,-0.452
2016-06-28,0.074
2016-06-29,0.606
2016-06-30,-0.203
2016-07-01,0.107
2016-07-05,0.228
2016-07-06,-0.012
2016-07-07,0.072
2016-07-08,-0.07
2016-07-11,0.024
2016-07-12,0.035
2016-07-13,0.023
2016-07-14,0.034
2016-07-15,-0.395
2016-07-18,0.0
2016-07-19,0.058
2016-07-20,0.081
2016-07-21,0.023
2016-07-22,-0.035
2016-07-25,0.012
2016-07-26,0.115
2016-07-27,0.081
2016-07-28,0.093
2016-07-29,0.173
2016-08-01,0.023
2016-08-02,0.07
2016-08-03,-0.058
2016-08-04,0.012
2016-08-05,-0.012
2016-08-08,0.023
2016-08-09,0.035
2016-08-10,0.034
2016-08-11,-0.023
2016-08-12,0.058
2016-08-15,-0.069
2016-08-16,0.138
2016-08-17,0.081
2016-08-18,-0.057
2016-08-19,0.057
2016-08-22,0.023
2016-08-23,0.023
2016-08-24,0.035
2016-08-25,0.127
2016-08-26,-0.023
2016-08-29,0.046
2016-08-30,0.034
2016-08-31,0.0
2016-09-01,-0.127
2016-09-02,0.035
2016-09-06,-0.011
2016-09-07,-0.011
2016-09-08,-0.08
2016-09-09,-0.27
2016-09-12,0.034
2016-09-13,0.282
2016-09-14,-0.13
2016-09-15,-0.152
2016-09-16,0.094
2016-09-19,0.117
2016-09-20,-0.07
2016-09-21,0.046
2016-09-22,0.0
2016-09-23,0.012
2016-09-26,0.035
2016-09-27,-0.035
2016-09-28,-0.058
2016-09-29,0.187
2016-09-30,-0.174
2016-10-03,0.046
2016-10-04,0.012
2016-10-05,0.035
2016-10-06,0.058
2016-10-07,-0.012
2016-10-10,0.093
2016-10-11,0.141
2016-10-12,-0.258
2016-10-13,-0.012
2016-10-14,-0.047
2016-10-17,0.083
2016-10-18,-0.047
2016-10-19,-0.023
2016-10-20,0.094
2016-10-21,0.023
2016-10-24,0.058
2016-10-25,-0.035
2016-10-26,0.035
2016-10-27,0.012
2016-10-28,0.13
2016-10-31,0.13
2016-11-01,-0.154
2016-11-02,-0.084
2016-11-03,-0.012
2016-11-04,0.06
2016-11-07,0.176
2016-11-08,-0.023
2016-11-09,0.046
2016-11-10,0.023
2016-11-11,0.023
2016-11-14,0.035
2016-11-15,0.069
2016-11-16,-0.092
2016-11-17,0.023
2016-11-18,0.011
2016-11-21,-0.091
2016-11-22,0.068
2016-11-23,-0.034
2016-11-28,0.0
2016-11-29,-0.011
2016-11-30,0.034
2016-12-01,0.068
2016-12-02,-0.011
2016-12-05,0.068
2016-12-06,0.011
2016-12-07,-0.157
2016-12-08,0.089
2016-12-09,0.055
2016-12-12,-0.044
2016-12-13,0.077
2016-12-14,0.145
2016-12-15,0.111
2016-12-16,0.078
2016-12-19,0.099
2016-12-20,0.0
2016-12-21,-0.122
2016-12-22,0.055
2016-12-23,-0.011
2016-12-27,-0.155
2016-12-28,-0.023
2016-12-29,0.044
2016-12-30,-0.156
2017-01-03,0.0
2017-01-04,-0.022
2017-01-05,0.077
2017-01-06,-0.044
2017-01-09,-0.011
2017-01-10,0.011
2017-01-11,0.044
2017-01-12,-0.022
2017-01-13,0.044
2017-01-17,0.0
2017-01-18,-0.055
2017-01-19,0.11
2017-01-20,0.011
2017-01-23,0.0
2017-01-24,0.022
2017-01-25,-0.033
2017-01-26,0.066
2017-01-27,0.022
2017-01-30,0.044
2017-01-31,0.099
2017-02-01,-0.011
2017-02-02,-0.088
2017-02-03,-0.011
2017-02-06,-0.054
2017-02-07,-0.098
2017-02-08,-0.011
2017-02-09,0.022
2017-02-10,0.022
2017-02-13,0.054
2017-02-14,0.021
2017-02-15,0.16
2017-02-16,0.021
2017-02-17,0.011
2017-02-21,-0.095
2017-02-22,0.064
2017-02-23,0.021
2017-02-24,-0.032
2017-02-27,-0.148
2017-02-28,0.084
2017-03-01,-0.104
2017-03-02,0.01
2017-03-03,-0.052
2017-03-06,-0.158
2017-03-07,-0.053
2017-03-08,0.032
2017-03-09,0.127
2017-03-10,-0.074
2017-03-13,0.021
2017-03-14,0.042
2017-03-15,-0.115
2017-03-16,0.084
2017-03-17,0.095
2017-03-20,-0.011
2017-03-21,0.043
2017-03-22,-0.128
2017-03-23,-0.043
2017-03-24,0.054
2017-03-27,0.096
2017-03-28,-0.096
2017-03-29,-0.032
2017-03-30,0.032
2017-03-31,-0.043
2017-04-03,-0.021
2017-04-04,0.106
2017-04-05,-0.128
2017-04-06,0.032
2017-04-07,0.021
2017-04-10,0.032
2017-04-11,0.053
2017-04-12,-0.085
2017-04-13,0.097
2017-04-17,-0.011
2017-04-18,0.011
2017-04-19,-0.075
2017-04-20,-0.021
2017-04-21,-0.011
2017-04-24,-0.032
2017-04-25,-0.053
2017-04-26,-0.074
2017-04-27,0.084
2017-04-28,0.01
2017-05-01,0.052
2017-05-02,-0.084
2017-05-03,-0.063
2017-05-04,0.031
2017-05-05,0.146
2017-05-08,-0.01
2017-05-09,0.0
2017-05-10,-0.073
2017-05-11,-0.052
2017-05-12,0.052
2017-05-15,-0.01
2017-05-16,-0.052
2017-05-17,0.021
2017-05-18,-0.032
2017-05-19,0.084
2017-05-22,0.062
2017-05-23,0.0
2017-05-24,0.042
2017-05-25,-0.01
2017-05-26,0.042
2017-05-30,-0.01
2017-05-31,0.155
2017-06-01,-0.02
2017-06-02,0.0
2017-06-05,-0.01
2017-06-06,0.062
2017-06-07,-0.01
2017-06-08,0.041
2017-06-09,0.041
2017-06-12,0.031
2017-06-13,0.0
2017-06-14,-0.051
2017-06-15,0.031
2017-06-16,0.165
2017-06-19,-0.112
2017-06-20,0.082
2017-06-21,-0.031
2017-06-22,-0.01
2017-06-23,-0.144
2017-06-26,-0.02
2017-06-27,0.01
2017-06-28,0.195
2017-06-29,0.186
2017-06-30,0.041
2017-07-05,-0.041
2017-07-06,0.031
2017-07-07,0.021
2017-07-10,-0.062
2017-07-11,0.072
2017-07-12,-0.031
2017-07-13,0.041
2017-07-14,0.051
2017-07-17,0.132
2017-07-18,0.091
2017-07-19,0.01
2017-07-20,0.051
2017-07-21,0.01
2017-07-24,-0.061
2017-07-25,0.04
2017-07-26,-0.02
2017-07-27,-0.01
2017-07-28,0.061
2017-07-31,0.041
2017-08-01,0.03
2017-08-02,-0.02
2017-08-03,0.041
2017-08-04,-0.081
2017-08-07,0.0
2017-08-08,-0.041
2017-08-09,0.111
2017-08-10,-0.102
2017-08-11,0.051
2017-08-14,0.061
2017-08-15,0.051
2017-08-16,-0.03
2017-08-17,-0.082
2017-08-18,0.031
2017-08-21,0.082
2017-08-22,0.102
2017-08-23,-0.102
2017-08-24,0.215
2017-08-25,-0.01
2017-08-28,0.041
2017-08-29,0.051
2017-08-30,-0.061
2017-08-31,0.0
2017-09-01,-0.061
2017-09-05,0.122
2017-09-06,-0.031
2017-09-07,0.05
2017-09-08,0.051
2017-09-11,0.04
2017-09-12,0.03
2017-09-13,-0.01
2017-09-14,-0.01
2017-09-15,0.1
2017-09-18,0.04
2017-09-19,-0.06
2017-09-20,-0.05
2017-09-21,0.07
2017-09-22,0.04
2017-09-25,0.15
2017-09-26,0.01
2017-09-27,-0.03
2017-09-28,0.01
2017-09-29,0.089
2017-10-02,0.059
2017-10-03,0.049
2017-10-04,0.02
2017-10-05,-0.02
2017-10-06,-0.088
2017-10-09,0.03
2017-10-10,0.01
2017-10-11,-0.02
2017-10-12,-0.01
2017-10-13,0.029
2017-10-16,0.0
2017-10-17,-0.019
2017-10-18,0.029
2017-10-19,0.029
2017-10-20,0.029
2017-10-23,-0.01
2017-10-24,-0.098
2017-10-25,0.186
2017-10-26,0.176
2017-10-27,-0.058
2017-10-30,-0.029
2017-10-31,0.029
2017-11-01,-0.126
2017-11-02,0.039
2017-11-03,-0.135
2017-11-06,0.019
2017-11-07,-0.038
2017-11-08,-0.048
2017-11-09,0.048
2017-11-10,-0.058
2017-11-13,-0.077
2017-11-14,0.02
2017-11-15,0.029
2017-11-16,0.01
2017-11-17,-0.068
2017-11-20,0.029
2017-11-21,-0.067
2017-11-22,-0.087
2017-11-27,0.087
2017-11-28,-0.028
2017-11-29,0.01
2017-11-30,-0.16
2017-12-01,0.038
2017-12-04,-0.057
2017-12-05,-0.057
2017-12-06,0.085
2017-12-07,0.076
2017-12-08,0.0
2017-12-11,0.122
2017-12-12,0.047
2017-12-13,0.075
2017-12-14,-0.104
2017-12-15,0.215
2017-12-18,0.037
2017-12-19,0.01
2017-12-20,-0.047
2017-12-21,-0.047
2017-12-22,-0.074
2017-12-26,0.009
2017-12-27,0.009
2017-12-28,-0.065
2017-12-29,-0.346
2018-01-02,-0.065
2018-01-03,-0.111
2018-01-04,0.037
2018-01-05,0.045
2018-01-08,0.009
2018-01-09,-0.091
2018-01-10,0.073
2018-01-11,0.036
2018-01-12,0.099
2018-01-16,0.198
2018-01-17,-0.035
2018-01-18,-0.107
2018-01-19,0.009
2018-01-22,0.009
2018-01-23,-0.088
2018-01-24,0.053
2018-01-25,0.079
2018-01-26,0.07
2018-01-29,0.0
2018-01-30,-0.009
2018-01-31,0.018
2018-02-01,0.044
2018-02-02,-0.1
2018-02-05,-0.935
2018-02-06,-0.389
2018-02-07,-0.392
2018-02-08,0.737
2018-02-09,0.114
2018-02-12,-0.047
2018-02-13,0.075
2018-02-14,-0.093
2018-02-15,0.101
2018-02-16,0.137
2018-02-20,-0.009
2018-02-21,-0.056
2018-02-22,0.379
2018-02-23,-0.046
2018-02-26,0.162
2018-02-27,0.128
2018-02-28,0.194
2018-03-01,0.149
2018-03-02,0.028
2018-03-05,-0.083
2018-03-06,-0.138
2018-03-07,-0.128
2018-03-08,-0.028
2018-03-09,-0.099
2018-03-12,0.0
2018-03-13,-0.045
2018-03-14,0.037
2018-03-15,0.255
2018-03-16,0.064
2018-03-19,0.239
2018-03-20,0.12
2018-03-21,0.12
2018-03-22,0.047
2018-03-23,0.328
2018-03-26,-0.01
2018-03-27,-0.019
2018-03-28,0.115
2018-03-29,-0.161
2018-04-02,0.126
2018-04-03,-0.048
2018-04-04,0.066
2018-04-05,-0.019
2018-04-06,0.086
2018-04-09,0.163
2018-04-10,-0.075
2018-04-11,0.0
2018-04-12,0.047
2018-04-13,0.113
2018-04-16,0.056
2018-04-17,-0.037
2018-04-18,0.065
2018-04-19,-0.019
2018-04-20,0.019
2018-04-23,0.094
2018-04-24,0.076
2018-04-25,0.275
2018-04-26,0.253
2018-04-27,0.103
2018-04-30,-0.029
2018-05-01,0.141
2018-05-02,-0.294
2018-05-03,0.152
2018-05-04,0.094
2018-05-07,-0.047
2018-05-08,0.0
2018-05-09,-0.009
2018-05-10,-0.166
2018-05-11,0.027
2018-05-14,-0.028
2018-05-15,-0.018
2018-05-16,-0.027
2018-05-17,-0.055
2018-05-18,-0.018
2018-05-21,0.0
2018-05-22,0.018
2018-05-23,-0.101
2018-05-24,0.018
2018-05-25,0.037
2018-05-29,0.158
2018-05-30,-0.028
2018-05-31,0.092
2018-06-01,0.027
2018-06-04,-0.009
2018-06-05,0.063
2018-06-06,0.036
2018-06-07,0.108
2018-06-08,0.027
2018-06-11,-0.027
2018-06-12,0.063
2018-06-13,-0.009
2018-06-14,0.018
2018-06-15,-0.117
2018-06-18,0.018
2018-06-19,0.0
2018-06-20,-0.009
2018-06-21,-0.054
2018-06-22,-0.045
2018-06-25,0.101
2018-06-26,-0.018
2018-06-27,0.148
2018-06-28,0.073
2018-06-29,0.0
2018-07-02,-0.019
2018-07-05,-0.019
2018-07-06,0.027
2018-07-09,0.036
2018-07-10,-0.34
2018-07-11,-0.018
2018-07-12,-0.053
2018-07-13,0.063
2018-07-16,-0.134
2018-07-17,0.044
2018-07-18,-0.08
2018-07-19,-0.036
2018-07-20,0.009
2018-07-23,0.107
2018-07-24,-0.071
2018-07-25,-0.079
2018-07-26,0.079
2018-07-27,-0.097
2018-07-30,0.053
2018-07-31,0.319
2018-08-01,0.018
2018-08-02,0.124
2018-08-03,0.035
2018-08-06,-0.053
2018-08-07,0.061
2018-08-08,-0.158
2018-08-09,-0.035
2018-08-10,0.194
2018-08-13,0.115
2018-08-14,0.035
2018-08-15,0.107
2018-08-16,0.053
2018-08-17,0.053
2018-08-20,-0.026
2018-08-21,-0.288
2018-08-22,-0.017
2018-08-23,0.009
2018-08-24,0.035
2018-08-27,0.06
2018-08-28,0.017
2018-08-29,0.034
2018-08-30,-0.086
2018-08-31,0.19
2018-09-04,0.052
2018-09-05,0.026
2018-09-06,-0.061
2018-09-07,-0.035
2018-09-10,0.035
2018-09-11,0.035
2018-09-12,-0.06
2018-09-13,-0.009
2018-09-14,0.009
2018-09-17,0.035
2018-09-18,0.052
2018-09-19,0.077
2018-09-20,0.111
2018-09-21,-0.077
2018-09-24,0.06
2018-09-25,0.06
2018-09-26,0.0
2018-09-27,0.077
2018-09-28,0.094
2018-10-01,0.0
2018-10-02,0.06
2018-10-03,-0.128
2018-10-04,0.138
2018-10-05,0.156
2018-10-08,0.095
2018-10-09,0.052
2018-10-10,-0.707
2018-10-11,0.595
2018-10-12,0.126
2018-10-15,-0.209
2018-10-16,0.195
2018-10-17,0.151
2018-10-18,0.117
2018-10-19,-0.054
2018-10-22,-0.027
2018-10-23,0.173
2018-10-24,0.639
2018-10-25,-0.933
2018-10-26,0.188
2018-10-29,-0.104
2018-10-30,0.252
2018-10-31,-0.203
2018-11-01,-0.173
2018-11-02,0.028
2018-11-05,0.073
2018-11-06,0.127
2018-11-07,0.124
2018-11-08,-0.062
2018-11-09,-0.09
2018-11-12,0.101
2018-11-13,0.22
2018-11-14,-0.055
2018-11-15,0.092
2018-11-16,0.164
2018-11-19,0.167
2018-11-20,-0.208
2018-11-21,-0.057
2018-11-26,-0.467
2018-11-27,0.13
2018-11-28,-0.118
2018-11-29,0.119
2018-11-30,0.281
2018-12-03,-0.045
2018-12-04,-0.065
2018-12-06,-0.065
2018-12-07,0.133
2018-12-10,0.142
2018-12-11,-0.227
2018-12-12,-0.009
2018-12-13,-0.17
2018-12-14,-0.153
2018-12-17,0.206
2018-12-18,-0.657
2018-12-19,-0.12
2018-12-20,0.882
2018-12-21,0.238
2018-12-26,0.0
2018-12-27,-0.07
2018-12-28,0.071
2018-12-31,-0.03
2019-01-02,-0.827
2019-01-03,0.143
2019-01-04,-0.119
2019-01-07,0.128
2019-01-08,-0.184
2019-01-09,-0.174
2019-01-10,-0.086
2019-01-11,-0.029
2019-01-14,0.01
2019-01-15,-0.182
2019-01-16,-0.048
2019-01-17,0.095
2019-01-18,0.243
2019-01-22,-0.133
2019-01-23,-0.057
2019-01-24,-0.17
2019-01-25,0.085
2019-01-28,-0.066
2019-01-29,0.322
2019-01-30,0.103
2019-01-31,0.352
2019-02-01,0.0
2019-02-04,-0.101
2019-02-05,-0.146
2019-02-06,-0.119
2019-02-07,-0.037
2019-02-08,0.018
2019-02-11,-0.037
2019-02-12,0.027
2019-02-13,-0.1
2019-02-14,-0.155
2019-02-15,0.072
2019-02-19,-0.09
2019-02-20,0.027
2019-02-21,-0.045
2019-02-22,0.117
2019-02-25,-0.035
2019-02-26,-0.188
2019-02-27,0.134
2019-02-28,0.072
2019-03-01,0.098
2019-03-04,-0.081
2019-03-05,-0.045
2019-03-06,-0.027
2019-03-07,0.018
2019-03-08,0.2
2019-03-11,0.108
2019-03-12,0.063
2019-03-13,0.16
2019-03-14,-0.053
2019-03-15,0.062
2019-03-18,0.123
2019-03-19,-0.079
2019-03-20,-0.221
2019-03-21,-0.026
2019-03-22,0.062
2019-03-25,0.178
2019-03-26,0.044
2019-03-27,-0.089
2019-03-28,0.089
2019-03-29,0.053
2019-04-01,-0.009
2019-04-02,-0.165
2019-04-03,0.113
2019-04-04,-0.009
2019-04-05,0.052
2019-04-08,0.009
2019-04-09,-0.043
2019-04-10,0.069
2019-04-11,0.0
2019-04-12,-0.009
2019-04-15,0.026
2019-04-16,-0.017
2019-04-17,-0.095
2019-04-18,0.069
2019-04-22,0.043
2019-04-23,0.026
2019-04-24,-0.077
2019-04-25,-0.154
2019-04-26,-0.085
2019-04-29,-0.059
2019-04-30,0.288
2019-05-01,-0.265
2019-05-02,0.009
2019-05-03,0.119
2019-05-06,-0.818
2019-05-07,0.199
2019-05-08,0.147
2019-05-09,0.035
2019-05-10,0.121
2019-05-13,-0.169
2019-05-14,0.15
2019-05-15,0.062
2019-05-16,0.069
2019-05-17,0.018
2019-05-20,0.229
2019-05-21,-0.052
2019-05-22,-0.026
2019-05-23,-0.053
2019-05-24,0.106
2019-05-28,0.125
2019-05-29,-0.072
2019-05-30,0.018
2019-05-31,0.018
2019-06-03,0.374
2019-06-04,0.072
2019-06-05,0.044
2019-06-06,-0.167
2019-06-07,0.139
2019-06-10,0.112
2019-06-11,0.043
2019-06-12,0.026
2019-06-13,0.043
2019-06-14,0.121
2019-06-17,0.104
2019-06-18,0.086
2019-06-19,0.017
2019-06-20,0.0
2019-06-21,-0.22
2019-06-24,0.025
2019-06-25,0.034
2019-06-26,-0.12
2019-06-27,0.188
2019-06-28,0.357
2019-07-01,-0.008
2019-07-02,0.076
2019-07-05,-0.108
2019-07-08,-0.042
2019-07-09,-0.042
2019-07-10,-0.025
2019-07-11,0.025
2019-07-12,-0.091
2019-07-15,-0.008
2019-07-16,-0.05
2019-07-17,-0.201
2019-07-18,0.209
2019-07-19,-0.302
2019-07-22,0.042
2019-07-23,-0.158
2019-07-24,-0.132
2019-07-25,-0.05
2019-07-26,-0.124
2019-07-29,0.042
2019-07-30,0.017
2019-07-31,-0.201
2019-08-01,-0.178
2019-08-02,0.094
2019-08-05,-0.694
2019-08-06,-0.208
2019-08-07,-0.113
2019-08-08,0.009
2019-08-09,0.18
2019-08-12,-0.052
2019-08-13,0.154
2019-08-14,-0.185
2019-08-15,0.14
2019-08-16,0.061
2019-08-19,-0.077
2019-08-20,-0.198
2019-08-21,0.256
2019-08-22,-0.111
2019-08-23,0.132
2019-08-26,0.087
2019-08-27,-0.043
2019-08-28,-0.173
2019-08-29,-0.025
2019-08-30,0.017
2019-09-03,-0.06
2019-09-04,-0.009
2019-09-05,-0.21
2019-09-06,0.134
2019-09-09,-0.008
2019-09-10,0.0
2019-09-11,0.058
2019-09-12,-0.05
2019-09-13,-0.017
2019-09-16,0.134
2019-09-17,0.0
2019-09-18,0.017
2019-09-19,-0.025
2019-09-20,-0.1
2019-09-23,0.242
2019-09-24,0.11
2019-09-25,-0.017
2019-09-26,-0.008
2019-09-27,0.194
2019-09-30,0.227
2019-10-01,0.06
2019-10-02,-0.147
2019-10-03,0.009
2019-10-04,0.008
2019-10-07,-0.068
2019-10-08,0.069
2019-10-09,0.069
2019-10-10,0.374
2019-10-11,0.051
2019-10-14,0.0
2019-10-15,0.042
2019-10-16,0.059
2019-10-17,0.017
2019-10-18,0.134
2019-10-21,0.025
2019-10-22,-0.167
2019-10-23,0.075
2019-10-24,-0.199
2019-10-25,-0.041
2019-10-28,-0.033
2019-10-29,0.016
2019-10-30,0.172
2019-10-31,-0.016
2019-11-01,-0.057
2019-11-04,-0.024
2019-11-05,-0.057
2019-11-06,0.089
2019-11-07,0.032
2019-11-08,0.008
2019-11-11,0.048
2019-11-12,-0.016
2019-11-13,0.121
2019-11-14,0.04
2019-11-15,0.0
2019-11-18,0.024
2019-11-19,-0.072
2019-11-20,0.016
2019-11-21,0.032
2019-11-22,0.08
2019-11-25,-0.056
2019-11-26,0.135
2019-11-27,0.04
2019-12-02,-0.056
2019-12-03,-0.048
2019-12-04,-0.072
2019-12-05,0.0
2019-12-06,0.008
2019-12-09,-0.112
2019-12-10,0.136
2019-12-11,0.079
2019-12-12,0.047
2019-12-13,0.071
2019-12-16,0.063
2019-12-17,-0.063
2019-12-18,0.078
2019-12-19,0.07
2019-12-20,0.016
2019-12-23,0.062
2019-12-26,-0.008
2019-12-27,-0.147
2019-12-30,0.016
2019-12-31,0.201
2020-01-02,0.092
2020-01-03,0.047
2020-01-06,-0.115
2020-01-07,-0.123
2020-01-08,0.177
2020-01-09,-0.008
2020-01-10,-0.069
2020-01-13,0.015
2020-01-14,0.145
2020-01-15,0.099
2020-01-16,-0.008
2020-01-17,-0.135
2020-01-21,-0.037
2020-01-22,-0.128
2020-01-23,0.03
2020-01-24,-0.106
2020-01-27,-0.015
2020-01-28,0.221
2020-01-29,-0.053
2020-01-30,0.35
2020-01-31,0.14
2020-02-03,-0.054
2020-02-04,0.122
2020-02-05,0.06
2020-02-06,0.105
2020-02-07,-0.113
2020-02-10,0.022
2020-02-11,0.074
2020-02-12,0.059
2020-02-13,0.118
2020-02-14,0.037
2020-02-18,0.022
2020-02-19,0.059
2020-02-20,-0.133
2020-02-21,0.037
2020-02-24,0.046
2020-02-25,0.344
2020-02-26,-0.521
2020-02-27,-0.824
2020-02-28,0.81
2020-03-02,-0.574
2020-03-03,-0.358
2020-03-04,-0.528
2020-03-05,0.033
2020-03-06,-0.227
2020-03-09,-0.091
2020-03-10,-0.148
2020-03-11,0.11
2020-03-12,-0.81
2020-03-13,-1.433
2020-03-16,0.936
2020-03-17,-2.232
2020-03-18,0.533
2020-03-19,-1.803
2020-03-20,-0.777
2020-03-23,0.011
2020-03-24,0.39
2020-03-25,0.031
2020-03-26,0.393
2020-03-27,-0.464
2020-03-30,-0.038
2020-03-31,-0.369
2020-04-01,0.02
2020-04-02,0.02
2020-04-03,0.04
2020-04-06,0.028
2020-04-07,-0.471
2020-04-08,0.046
2020-04-09,0.261
2020-04-13,0.263
2020-04-14,0.264
2020-04-15,-0.225
2020-04-16,1.47
2020-04-17,0.157
2020-04-20,-0.071
2020-04-21,0.22
2020-04-22,0.036
2020-04-23,-0.215
2020-04-24,0.009
2020-04-27,-0.078
2020-04-28,0.166
2020-04-29,0.99
2020-04-30,-0.638
2020-05-01,-0.256
2020-05-04,-0.194
2020-05-05,0.035
2020-05-06,-0.202
2020-05-07,0.305
2020-05-08,0.308
2020-05-11,-0.111
2020-05-12,-0.829
2020-05-13,0.204
2020-05-14,0.053
2020-05-15,-0.149
2020-05-18,-0.068
2020-05-19,0.017
2020-05-20,0.177
2020-05-21,-0.263
2020-05-22,0.203
2020-05-26,0.234
2020-05-27,0.19
2020-05-28,0.347
2020-05-29,0.617
2020-06-01,0.025
2020-06-02,0.008
2020-06-03,-0.048
2020-06-04,0.129
2020-06-05,-0.141
2020-06-08,-0.093
2020-06-09,-0.023
2020-06-10,-0.126
2020-06-11,0.333
2020-06-12,-0.107
2020-06-15,0.319
2020-06-16,0.008
2020-06-17,0.153
2020-06-18,-0.121
2020-06-19,-0.859
2020-06-22,0.129
2020-06-23,-0.232
2020-06-24,0.329
2020-06-25,0.041
2020-06-26,0.109
2020-06-29,0.082
2020-06-30,0.008
2020-07-01,-0.129
2020-07-02,0.128
2020-07-06,-0.016
2020-07-07,-0.032
2020-07-08,0.158
2020-07-09,-0.04
2020-07-10,0.142
2020-07-13,0.024
2020-07-14,-0.117
2020-07-15,0.101
2020-07-16,-0.335
2020-07-17,-0.086
2020-07-20,0.031
2020-07-21,0.008
2020-07-22,-0.038
2020-07-23,0.015
2020-07-24,-0.14
2020-07-27,0.108
2020-07-28,0.031
2020-07-29,0.192
2020-07-30,0.888
2020-07-31,0.145
2020-08-03,0.076
2020-08-04,-0.015
2020-08-05,-0.06
2020-08-06,0.038
2020-08-07,0.075
2020-08-10,-0.082
2020-08-11,0.248
2020-08-12,-0.126
2020-08-13,0.045
2020-08-14,-0.126
2020-08-17,0.022
2020-08-18,0.074
2020-08-19,-0.074
2020-08-20,0.037
2020-08-21,-0.066
2020-08-24,-0.051
2020-08-25,0.123
2020-08-26,0.144
2020-08-27,0.151
2020-08-28,0.05
2020-08-31,0.043
2020-09-01,0.128
2020-09-02,0.021
2020-09-03,0.268
2020-09-04,-0.299
2020-09-08,0.105
2020-09-09,-0.037
2020-09-10,0.112
2020-09-11,-0.075
2020-09-14,-0.141
2020-09-15,0.14
2020-09-16,0.111
2020-09-17,0.008
2020-09-18,0.287
2020-09-21,0.092
2020-09-22,-0.091
2020-09-23,0.132
2020-09-24,0.17
2020-09-25,-0.053
2020-09-28,0.172
2020-09-29,0.15
2020-09-30,-0.328
2020-10-01,-0.067
2020-10-02,0.21
2020-10-05,-0.147
2020-10-06,-0.463
2020-10-07,0.022
2020-10-08,0.255
2020-10-09,0.216
2020-10-12,0.184
2020-10-13,-0.014
2020-10-14,-0.036
2020-10-15,0.014
2020-10-16,-0.252
2020-10-19,0.365
2020-10-20,-0.175
2020-10-21,0.124
2020-10-22,0.094
2020-10-23,-0.152
2020-10-26,0.007
2020-10-27,-0.429
2020-10-28,0.245
2020-10-29,-0.735
2020-10-30,0.398
2020-11-02,0.053
2020-11-03,0.022
2020-11-04,0.175
2020-11-05,0.271
2020-11-06,0.236
2020-11-09,0.014
2020-11-10,0.113
2020-11-11,0.182
2020-11-12,0.149
2020-11-13,0.007
2020-11-16,0.062
2020-11-17,-0.097
2020-11-18,-0.098
2020-11-19,-0.433
2020-11-20,-0.064
2020-11-23,0.021
2020-11-24,0.165
2020-11-25,0.048
2020-11-30,0.325
2020-12-01,-0.02
2020-12-02,0.061
2020-12-03,0.007
2020-12-04,-0.237
2020-12-07,-0.271
2020-12-08,0.034
2020-12-09,0.068
2020-12-10,-0.027
2020-12-11,-0.061
2020-12-14,0.158
2020-12-15,-0.027
2020-12-16,-0.027
2020-12-17,0.034
2020-12-18,0.446
2020-12-21,-0.034
2020-12-22,-0.088
2020-12-23,0.108
2020-12-28,0.047
2020-12-29,0.081
2020-12-30,-0.007
2020-12-31,0.114
2021-01-04,0.061
2021-01-05,0.0
2021-01-06,0.234
2021-01-07,0.02
2021-01-08,0.125
2021-01-11,-0.013
2021-01-12,0.0
2021-01-13,0.085
2021-01-14,-0.013
2021-01-15,-0.412
2021-01-19,0.092
2021-01-20,-0.065
2021-01-21,0.0
2021-01-22,-0.072
2021-01-25,-0.033
2021-01-26,0.098
2021-01-27,-0.413
2021-01-28,-0.311
2021-01-29,-0.223
2021-02-01,-0.027
2021-02-02,0.255
2021-02-03,0.281
2021-02-04,0.032
2021-02-05,0.122
2021-02-08,0.032
2021-02-09,0.115
2021-02-10,0.09
2021-02-11,-0.141
2021-02-12,0.134
2021-02-16,0.051
2021-02-17,-0.025
2021-02-18,-0.013
2021-02-19,-0.115
2021-02-22,0.071
2021-02-23,-0.052
2021-02-24,0.07
2021-02-25,-0.118
2021-02-26,0.053
2021-03-01,0.148
2021-03-02,-0.032
2021-03-03,-0.046
2021-03-04,-0.073
2021-03-05,0.059
2021-03-08,0.249
2021-03-09,-0.039
2021-03-10,0.263
2021-03-11,-0.044
2021-03-12,-0.032
2021-03-15,-0.019
2021-03-16,0.152
2021-03-17,-0.069
2021-03-18,0.115
2021-03-19,-0.026
2021-03-22,0.083
2021-03-23,0.122
2021-03-24,0.09
2021-03-25,0.16
2021-03-26,-0.019
2021-03-29,0.025
2021-03-30,-0.063
2021-03-31,-0.057
2021-04-01,0.118
2021-04-05,0.074
2021-04-06,0.043
2021-04-07,0.141
2021-04-08,0.214
2021-04-09,-0.121
2021-04-12,0.03
2021-04-13,0.042
2021-04-14,0.079
2021-04-15,-0.018
2021-04-16,-0.12
2021-04-19,-0.018
2021-04-20,-0.157
2021-04-21,-0.198
2021-04-22,0.067
2021-04-23,-0.12
2021-04-26,0.018
2021-04-27,0.036
2021-04-28,0.168
2021-04-29,-0.089
2021-04-30,0.084
2021-05-03,-0.06
2021-05-04,-0.06
2021-05-05,-0.072
2021-05-06,0.042
2021-05-07,0.053
2021-05-10,-0.197
2021-05-11,-0.151
2021-05-12,-0.142
2021-05-13,0.122
2021-05-14,0.108
2021-05-17,0.042
2021-05-18,-0.194
2021-05-19,-0.091
2021-05-20,-0.084
2021-05-21,0.126
2021-05-24,0.107
2021-05-25,0.06
2021-05-26,0.0
2021-05-27,0.387
2021-05-28,0.0
2021-06-01,-0.018
2021-06-02,0.012
2021-06-03,0.012
2021-06-04,-0.012
2021-06-07,0.047
2021-06-08,0.0
2021-06-09,0.071
2021-06-10,0.0
2021-06-11,-0.018
2021-06-14,-0.023
2021-06-15,0.0
2021-06-16,-0.261
2021-06-17,0.065
2021-06-18,-0.313
2021-06-21,0.107
2021-06-22,0.018
2021-06-23,0.047
2021-06-24,0.147
2021-06-25,0.088
2021-06-28,0.023
2021-06-29,0.041
2021-06-30,0.163
2021-07-01,-0.029
2021-07-02,-0.104
2021-07-06,-0.144
2021-07-07,0.046
2021-07-08,-0.122
2021-07-09,0.046
2021-07-12,-0.011
2021-07-13,-0.046
2021-07-14,-0.034
2021-07-15,-0.115
2021-07-16,-0.017
2021-07-19,0.135
2021-07-20,0.093
2021-07-21,0.098
2021-07-22,0.252
2021-07-23,-0.102
2021-07-26,0.017
2021-07-27,-0.262
2021-07-28,-0.011
2021-07-29,-0.34
2021-07-30,0.114
2021-08-02,0.08
2021-08-03,-0.147
2021-08-04,0.063
2021-08-05,-0.017
2021-08-06,0.023
2021-08-09,0.045
2021-08-10,-0.017
2021-08-11,0.011
2021-08-12,0.034
2021-08-13,-0.067
2021-08-16,-0.045
2021-08-17,-0.158
2021-08-18,-0.153
2021-08-19,0.023
2021-08-20,0.028
2021-08-23,0.112
2021-08-24,0.017
2021-08-25,0.022
2021-08-26,0.09
2021-08-27,0.056
2021-08-30,0.099
2021-08-31,0.172
2021-09-01,0.011
2021-09-02,0.017
2021-09-03,-0.017
2021-09-07,-0.033
2021-09-08,-0.044
2021-09-09,-0.056
2021-09-10,0.051
2021-09-13,0.157
2021-09-14,0.034
2021-09-15,0.089
2021-09-16,-0.101
2021-09-17,-0.266
2021-09-20,-0.08
2021-09-21,-0.144
2021-09-22,0.051
2021-09-23,0.039
2021-09-24,0.006
2021-09-27,-0.085
2021-09-28,0.063
2021-09-29,0.138
2021-09-30,0.035
2021-10-01,0.092
2021-10-04,0.047
2021-10-05,0.023
2021-10-06,0.04
2021-10-07,-0.023
2021-10-08,-0.063
2021-10-11,-0.08
2021-10-12,-0.265
2021-10-13,0.0
2021-10-14,0.153
2021-10-15,0.05
2021-10-18,-0.022
2021-10-19,0.078
2021-10-20,-0.088
2021-10-21,-0.204
2021-10-22,-0.154
2021-10-25,0.11
2021-10-26,-0.033
2021-10-27,0.077
2021-10-28,-0.196
2021-10-29,0.114
2021-11-01,0.0
2021-11-02,-0.054
2021-11-03,-0.011
2021-11-04,-0.021
2021-11-05,-0.091
2021-11-08,-0.053
2021-11-09,-0.08
2021-11-10,0.065
2021-11-11,0.081
2021-11-12,0.075
2021-11-15,0.043
2021-11-16,-0.016
2021-11-17,-0.027
2021-11-18,0.069
2021-11-19,0.085
2021-11-22,0.085
2021-11-23,-0.053
2021-11-24,0.048
2021-11-29,0.118
2021-11-30,0.499
2021-12-01,-0.022
2021-12-02,0.169
2021-12-03,-0.094
2021-12-06,0.087
2021-12-07,0.181
2021-12-08,-0.021
2021-12-09,0.032
2021-12-10,0.032
2021-12-13,0.059
2021-12-14,0.011
2021-12-15,0.048
2021-12-16,0.161
2021-12-17,0.233
2021-12-20,0.23
2021-12-21,0.032
2021-12-22,0.064
2021-12-23,0.032
2021-12-27,-0.016
2021-12-28,0.021
2021-12-29,-0.016
2021-12-30,0.005
2021-12-31,0.042
2022-01-03,-0.042
2022-01-04,0.005
2022-01-05,-0.005
2022-01-06,0.139
2022-01-07,-0.032
2022-01-10,0.0
2022-01-11,-0.021
2022-01-12,0.005
2022-01-13,-0.016
2022-01-14,0.215
2022-01-18,0.098
2022-01-19,-0.011
2022-01-20,-0.402
2022-01-21,-0.091
2022-01-24,0.068
2022-01-25,-1.028
2022-01-26,-0.029
2022-01-27,0.608
2022-01-28,-0.096
2022-01-31,-0.217
2022-02-01,0.336
2022-02-02,-0.623
2022-02-03,1.124
2022-02-04,-0.128
2022-02-07,0.156
2022-02-08,0.111
2022-02-09,0.038
2022-02-10,-0.072
2022-02-11,0.215
2022-02-14,0.0
2022-02-15,-0.168
2022-02-16,-0.118
2022-02-17,-0.006
2022-02-18,-0.046
2022-02-22,0.291
2022-02-23,-0.19
2022-02-24,-0.385
2022-02-25,0.017
2022-02-28,0.017
2022-03-01,0.157
2022-03-02,-0.177
2022-03-03,0.109
2022-03-04,-0.121
2022-03-07,-0.286
2022-03-08,-0.318
2022-03-09,0.064
2022-03-10,-0.012
2022-03-11,0.042
2022-03-14,0.15
2022-03-15,-0.147
2022-03-16,0.259
2022-03-17,-0.477
2022-03-18,0.269
2022-03-21,0.124
2022-03-22,0.011
2022-03-23,0.056
2022-03-24,0.072
2022-03-25,-0.005
2022-03-28,0.022
2022-03-29,-0.124
2022-03-30,0.071
2022-03-31,0.293
2022-04-01,0.005
2022-04-04,-0.038
2022-04-05,0.111
2022-04-06,-0.106
2022-04-07,-0.056
2022-04-08,-0.078
2022-04-11,0.017
2022-04-12,0.068
2022-04-13,-0.096
2022-04-14,0.046
2022-04-18,0.239
2022-04-19,-0.404
2022-04-20,0.303
2022-04-21,-0.068
2022-04-22,-0.428
2022-04-25,0.029
2022-04-26,-0.654
2022-04-27,0.759
2022-04-28,-0.578
2022-04-29,0.224
2022-05-02,-0.127
2022-05-03,0.096
2022-05-04,-0.244
2022-05-05,0.157
2022-05-06,-0.2
2022-05-09,0.05
2022-05-10,-0.094
2022-05-11,0.273
2022-05-12,-0.458
2022-05-13,-0.155
2022-05-16,-0.15
2022-05-17,0.104
2022-05-18,-0.248
2022-05-19,0.039
2022-05-20,0.096
2022-05-23,0.145
2022-05-24,0.165
2022-05-25,-0.226
2022-05-26,-0.123
2022-05-27,0.283
2022-05-31,0.0
2022-06-01,-0.031
2022-06-02,0.048
2022-06-03,0.031
2022-06-06,0.03
2022-06-07,-0.193
2022-06-08,0.043
2022-06-09,0.193
2022-06-10,0.199
2022-06-13,0.107
2022-06-14,0.02
2022-06-15,-0.046
2022-06-16,0.17
2022-06-17,0.225
2022-06-21,0.026
2022-06-22,-0.013
2022-06-23,-0.375
2022-06-24,-0.115
2022-06-27,0.109
2022-06-28,0.072
2022-06-29,0.059
2022-06-30,-0.224
2022-07-01,-0.065
2022-07-05,-0.039
2022-07-06,0.123
2022-07-07,-0.141
2022-07-08,0.09
2022-07-11,0.104
2022-07-12,-0.02
2022-07-13,-0.191
2022-07-14,0.046
2022-07-15,0.032
2022-07-18,0.104
2022-07-19,0.229
2022-07-20,-0.221
2022-07-21,-0.281
2022-07-22,-0.05
2022-07-25,-0.195
2022-07-26,0.414
2022-07-27,-0.087
2022-07-28,0.786
2022-07-29,-0.03
2022-08-01,0.079
2022-08-02,0.049
2022-08-03,-0.102
2022-08-04,-0.03
2022-08-05,-0.103
2022-08-08,0.223
2022-08-09,0.109
2022-08-10,0.012
2022-08-11,0.172
2022-08-12,-0.006
2022-08-15,-0.099
2022-08-16,0.076
2022-08-17,0.094
2022-08-18,0.0
2022-08-19,-0.036
2022-08-22,0.09
2022-08-23,-0.079
2022-08-24,0.139
2022-08-25,-0.167
2022-08-26,-0.4
2022-08-29,0.093
2022-08-30,0.0
2022-08-31,0.12
2022-09-01,0.013
2022-09-02,0.191
2022-09-06,-0.07
2022-09-07,-0.05
2022-09-08,0.1
2022-09-09,-0.012
2022-09-12,0.17
2022-09-13,0.108
2022-09-14,0.233
2022-09-15,-0.223
2022-09-16,0.36
2022-09-19,0.108
2022-09-20,0.155
2022-09-21,-0.191
2022-09-22,0.06
2022-09-23,0.108
2022-09-26,-0.102
2022-09-27,0.123
2022-09-28,-0.074
2022-09-29,0.11
2022-09-30,0.195
2022-10-03,0.081
2022-10-04,-0.039
2022-10-05,-0.033
2022-10-06,-0.14
2022-10-07,-0.007
2022-10-10,0.11
2022-10-11,0.229
2022-10-12,0.16
2022-10-13,-0.054
2022-10-14,-0.076
2022-10-17,0.251
2022-10-18,0.65
2022-10-19,0.081
2022-10-20,0.054
2022-10-21,0.219
2022-10-24,-0.105
2022-10-25,-0.439
2022-10-26,0.306
2022-10-27,-0.746
2022-10-28,0.313
2022-10-31,0.0
2022-11-01,-0.09
2022-11-02,0.033
2022-11-03,-0.02
2022-11-04,-0.198
2022-11-07,-0.098
2022-11-08,-0.072
2022-11-09,0.013
2022-11-10,0.297
2022-11-11,-0.038
2022-11-14,0.183
2022-11-15,-0.15
2022-11-16,0.107
2022-11-17,0.133
2022-11-18,-0.038
2022-11-21,0.0
2022-11-22,-0.025
2022-11-23,0.118
2022-11-28,0.076
2022-11-29,0.019
2022-11-30,0.257
2022-12-01,-0.08
2022-12-02,-0.215
2022-12-05,0.1
2022-12-06,0.025
2022-12-07,-0.044
2022-12-08,-0.032
2022-12-09,-0.121
2022-12-12,-0.144
2022-12-13,-0.062
2022-12-14,0.223
2022-12-15,-0.121
2022-12-16,-0.148
2022-12-19,-0.065
2022-12-20,0.11
2022-12-21,0.192
2022-12-22,-0.058
2022-12-23,-0.071
2022-12-27,0.007
2022-12-28,0.092
2022-12-29,-0.077
2022-12-30,0.168
2023-01-03,-0.039
2023-01-04,-0.064
2023-01-05,0.104
2023-01-06,-0.058
2023-01-09,0.0
2023-01-10,-0.013
2023-01-11,0.069
2023-01-12,0.0
2023-01-13,0.031
2023-01-17,-0.031
2023-01-18,-0.025
2023-01-19,0.089
2023-01-20,0.006
2023-01-23,0.031
2023-01-24,0.205
2023-01-25,-0.074
2023-01-26,-0.172
2023-01-27,0.0
2023-01-30,0.161
2023-01-31,-0.116
2023-02-01,0.2
2023-02-02,-0.674
2023-02-03,-0.036
2023-02-06,0.018
2023-02-07,-0.21
2023-02-08,0.079
2023-02-09,0.135
2023-02-10,-0.012
2023-02-13,0.03
2023-02-14,-0.121
2023-02-15,0.018
2023-02-16,-0.098
2023-02-17,-0.055
2023-02-21,0.037
2023-02-22,0.206
2023-02-23,-0.087
2023-02-24,-0.025
2023-02-27,0.082
2023-02-28,-0.069
2023-03-01,0.082
2023-03-02,-0.075
2023-03-03,0.08
2023-03-06,0.037
2023-03-07,0.006
2023-03-08,0.069
2023-03-09,-0.032
2023-03-10,0.434
2023-03-13,0.156
2023-03-14,0.057
2023-03-15,-0.083
2023-03-16,0.031
2023-03-17,-0.006
2023-03-20,0.082
2023-03-21,0.019
2023-03-22,0.069
2023-03-23,0.296
2023-03-24,0.206
2023-03-27,0.125
2023-03-28,0.131
2023-03-29,-0.012
2023-03-30,0.061
2023-03-31,0.042
2023-04-03,0.006
2023-04-04,0.073
2023-04-05,-0.061
2023-04-06,-0.036
2023-04-10,0.042
2023-04-11,0.018
2023-04-12,-0.085
2023-04-13,-0.108
2023-04-14,0.21
2023-04-17,-0.012
2023-04-18,-0.006
2023-04-19,-0.114
2023-04-20,0.006
2023-04-21,-0.06
2023-04-24,-0.066
2023-04-25,0.385
2023-04-26,0.264
2023-04-27,0.096
2023-04-28,0.03
2023-05-01,-0.125
2023-05-02,-0.091
2023-05-03,-0.274
2023-05-04,-0.061
2023-05-05,-0.06
2023-05-08,-0.036
2023-05-09,0.018
2023-05-10,0.006
2023-05-11,0.03
2023-05-12,-0.139
2023-05-15,-0.06
2023-05-16,0.109
2023-05-17,-0.024
2023-05-18,0.107
2023-05-19,-0.155
2023-05-22,0.053
2023-05-23,0.03
2023-05-24,0.575
2023-05-25,-0.024
2023-05-26,0.136
2023-05-30,-0.03
2023-05-31,-0.072
2023-06-01,0.077
2023-06-02,-0.006
2023-06-05,-0.006
2023-06-06,0.064
2023-06-07,-0.029
2023-06-08,0.012
2023-06-09,-0.012
2023-06-12,0.052
2023-06-13,0.028
2023-06-14,0.119
2023-06-15,-0.117
2023-06-16,0.073
2023-06-20,-0.079
2023-06-21,0.011
2023-06-22,0.034
2023-06-23,-0.04
2023-06-26,0.08
2023-06-27,-0.074
2023-06-28,0.045
2023-06-29,-0.011
2023-06-30,-0.089
2023-07-05,-0.034
2023-07-06,-0.034
2023-07-07,0.073
2023-07-10,-0.006
2023-07-11,-0.017
2023-07-12,0.006
2023-07-13,-0.072
2023-07-14,-0.083
2023-07-17,-0.099
2023-07-18,-0.098
2023-07-19,0.0
2023-07-20,0.027
2023-07-21,0.0
2023-07-24,0.033
2023-07-25,0.201
2023-07-26,-0.082
2023-07-27,0.082
2023-07-28,0.0
2023-07-31,0.027
2023-08-01,-0.06
2023-08-02,-0.044
2023-08-03,0.1
2023-08-04,-0.028
2023-08-07,0.044
2023-08-08,-0.005
2023-08-09,0.151
2023-08-10,0.011
2023-08-11,0.045
2023-08-14,-0.005
2023-08-15,-0.034
2023-08-16,-0.006
2023-08-17,-0.114
2023-08-18,-0.108
2023-08-21,-0.074
2023-08-22,0.011
2023-08-23,0.618
2023-08-24,-0.034
2023-08-25,-0.04
2023-08-28,0.056
2023-08-29,0.05
2023-08-30,0.061
2023-08-31,0.066
2023-09-01,-0.088
2023-09-05,-0.039
2023-09-06,-0.028
2023-09-07,0.039
2023-09-08,0.045
2023-09-11,-0.056
2023-09-12,0.011
2023-09-13,0.101
2023-09-14,0.06
2023-09-15,0.028
2023-09-18,0.033
2023-09-19,0.022
2023-09-20,-0.084
2023-09-21,-0.091
2023-09-22,0.028
2023-09-25,0.074
2023-09-26,0.128
2023-09-27,0.151
2023-09-28,0.086
2023-09-29,0.069
2023-10-02,0.029
2023-10-03,-0.088
2023-10-04,-0.122
2023-10-05,-0.07
2023-10-06,0.075
2023-10-09,-0.023
2023-10-10,0.006
2023-10-11,0.232
2023-10-12,0.006
2023-10-13,-0.143
2023-10-16,0.085
2023-10-17,-0.057
2023-10-18,0.109
2023-10-19,-0.11
2023-10-20,-0.094
2023-10-23,0.248
2023-10-24,-0.018
2023-10-25,0.024
2023-10-26,0.09
2023-10-27,-0.036
2023-10-30,-0.03
2023-10-31,-0.196
2023-11-01,0.041
2023-11-02,-0.063
2023-11-03,0.086
2023-11-06,-0.091
2023-11-07,0.028
2023-11-08,-0.114
2023-11-09,0.046
2023-11-10,-0.13
2023-11-13,0.062
2023-11-14,0.089
2023-11-15,-0.122
2023-11-16,0.127
2023-11-17,-0.094
2023-11-20,-0.022
2023-11-21,-0.066
2023-11-22,-0.016
2023-11-27,0.027
2023-11-28,0.022
2023-11-29,0.066
2023-11-30,-0.065
2023-12-01,0.06
2023-12-04,-0.093
2023-12-05,-0.055
2023-12-06,0.005
2023-12-07,-0.06
2023-12-08,-0.005
2023-12-11,-0.011
2023-12-12,0.064
2023-12-13,-0.043
2023-12-14,-0.136
2023-12-15,0.058
2023-12-18,-0.052
2023-12-19,-0.042
2023-12-20,0.068
2023-12-21,0.01
2023-12-22,-0.13
2023-12-26,0.041
2023-12-27,0.0
2023-12-28,0.005
2023-12-29,-0.13
2024-01-02,0.01
2024-01-03,0.037
2024-01-04,0.048
2024-01-05,0.0
2024-01-08,-0.068
2024-01-09,-0.052
2024-01-10,0.021
2024-01-11,-0.052
2024-01-12,-0.114
2024-01-16,0.011
2024-01-17,-0.031
2024-01-18,0.0
2024-01-19,-0.02
2024-01-22,-0.015
2024-01-23,0.128
2024-01-24,0.056
2024-01-25,-0.102
2024-01-26,-0.086
2024-01-29,-0.086
2024-01-30,-0.323
2024-01-31,0.062
2024-02-01,0.599
2024-02-02,-0.136
2024-02-05,-0.015
2024-02-06,-0.055
2024-02-07,0.0
2024-02-08,-0.045
2024-02-09,-0.035
2024-02-12,-0.109
2024-02-13,0.03
2024-02-14,0.05
2024-02-15,0.079
2024-02-16,-0.12
2024-02-20,-0.06
2024-02-21,0.46
2024-02-22,-0.083
2024-02-23,-0.098
2024-02-26,-0.049
2024-02-27,0.029
2024-02-28,-0.241
2024-02-29,0.083
2024-03-01,-0.117
2024-03-04,-0.068
2024-03-05,0.108
2024-03-06,0.024
2024-03-07,-0.044
2024-03-08,0.068
2024-03-11,0.107
2024-03-12,-0.043
2024-03-13,0.077
2024-03-14,-0.048
2024-03-15,0.005
2024-03-18,-0.014
2024-03-19,-0.057
2024-03-20,0.166
2024-03-21,0.094
2024-03-22,-0.038
2024-03-25,0.066
2024-03-26,0.123
2024-03-27,-0.038
2024-03-28,-0.024
2024-04-01,-0.01
2024-04-02,0.019
2024-04-03,0.071
2024-04-04,-0.01
2024-04-05,0.09
2024-04-08,0.048
2024-04-09,0.105
2024-04-10,-0.034
2024-04-11,0.019
2024-04-12,-0.024
2024-04-15,-0.044
2024-04-16,0.044
2024-04-17,0.01
2024-04-18,-0.01
2024-04-19,0.005
2024-04-22,0.005
2024-04-23,0.088
2024-04-24,-0.504
2024-04-25,0.964
2024-04-26,0.044
2024-04-29,0.0
2024-04-30,-0.202
2024-05-01,0.149
2024-05-02,0.383
2024-05-03,0.141
2024-05-06,-0.038
2024-05-07,-0.01
2024-05-08,-0.029
2024-05-09,0.024
2024-05-10,-0.076
2024-05-13,-0.052
2024-05-14,0.005
2024-05-15,-0.061
2024-05-16,-0.066
2024-05-17,0.005
2024-05-20,-0.023
2024-05-21,-0.042
2024-05-22,0.033
2024-05-23,0.005
2024-05-24,-0.014
2024-05-28,-0.033
2024-05-29,-0.331
2024-05-30,-0.019
2024-05-31,0.047
2024-06-03,0.023
2024-06-04,0.014
2024-06-05,-0.014
2024-06-06,-0.042
2024-06-07,-0.047
2024-06-10,-0.056
2024-06-11,-0.005
2024-06-12,0.221
2024-06-13,-0.005
2024-06-14,-0.041
2024-06-17,-0.005
2024-06-18,0.009
2024-06-20,-0.023
2024-06-21,0.117
2024-06-24,0.018
2024-06-25,-0.005
2024-06-26,-0.149
2024-06-27,0.027
2024-06-28,0.158
2024-07-01,-0.036
2024-07-02,-0.121
2024-07-05,-0.124
2024-07-08,0.022
2024-07-09,0.0
2024-07-10,-0.026
2024-07-11,0.067
2024-07-12,-0.048
2024-07-15,0.053
2024-07-16,-0.044
2024-07-17,0.102
2024-07-18,0.121
2024-07-19,-0.022
2024-07-22,-0.027
2024-07-23,0.058
2024-07-24,0.206
2024-07-25,0.064
2024-07-26,0.005
2024-07-29,0.027
2024-07-30,-0.379
2024-07-31,0.247
2024-08-01,-0.173
2024-08-02,-0.344
2024-08-05,0.565
2024-08-06,-0.299
2024-08-07,-0.507
2024-08-08,0.084
2024-08-09,-0.07
2024-08-12,-0.07
2024-08-13,-0.055
2024-08-14,0.114
2024-08-15,-0.027
2024-08-16,0.036
2024-08-19,-0.102
2024-08-20,-0.018
2024-08-21,0.027
2024-08-22,0.058
2024-08-23,-0.013
2024-08-26,-0.142
2024-08-27,-0.013
2024-08-28,-0.321
2024-08-29,0.134
2024-08-30,-0.031
2024-09-03,-0.086
2024-09-04,-0.018
2024-09-05,-0.059
2024-09-06,-0.314
2024-09-09,0.146
2024-09-10,-0.045
2024-09-11,0.013
2024-09-12,-0.125
2024-09-13,-0.058
2024-09-16,-0.101
2024-09-17,-0.018
2024-09-18,0.158
2024-09-19,-0.056
2024-09-20,-0.078
2024-09-23,-0.026
2024-09-24,-0.004
2024-09-25,0.065
2024-09-26,0.009
2024-09-27,-0.091
2024-09-30,-0.168
2024-10-01,-0.039
2024-10-02,0.165
2024-10-03,-0.087
2024-10-04,-0.073
2024-10-07,0.052
2024-10-08,-0.043
2024-10-09,-0.06
2024-10-10,0.038
2024-10-11,-0.107
2024-10-14,0.076
2024-10-15,-0.038
2024-10-16,-0.038
2024-10-17,0.017
2024-10-18,0.025
2024-10-21,0.03
2024-10-22,-0.093
2024-10-23,0.081
2024-10-24,0.06
2024-10-25,-0.064
2024-10-28,0.03
2024-10-29,0.106
2024-10-30,-0.132
2024-10-31,0.052
2024-11-01,0.043
2024-11-04,0.087
2024-11-05,0.159
2024-11-06,0.147
2024-11-07,0.071
2024-11-08,-0.062
2024-11-11,-0.058
2024-11-12,-0.008
2024-11-13,0.041
2024-11-14,-0.042
2024-11-15,0.051
2024-11-18,-0.025
2024-11-19,-0.025
2024-11-20,0.004
2024-11-21,-0.059
2024-11-22,0.084
2024-11-25,0.117
2024-11-26,0.075
2024-11-27,-0.008
2024-12-02,0.016
2024-12-03,0.066
2024-12-04,-0.057
2024-12-05,-0.053
2024-12-06,-0.029
2024-12-09,-0.041
2024-12-10,0.083
2024-12-11,-0.082
2024-12-12,-0.021
2024-12-13,-0.079
2024-12-16,-0.069
2024-12-17,-0.033
2024-12-18,0.0
2024-12-19,0.114
2024-12-20,-0.096
2024-12-23,-0.017
2024-12-26,-0.053
2024-12-27,0.008
2024-12-30,-0.067
2024-12-31,0.05
2025-01-02,0.042
2025-01-03,-0.05
2025-01-06,0.095
2025-01-07,-0.008
2025-01-08,-0.076
2025-01-10,-0.09
2025-01-13,0.111
2025-01-14,0.157
2025-01-15,-0.012
2025-01-16,-0.117
2025-01-17,-0.012
2025-01-21,0.086
2025-01-22,0.004
2025-01-23,-0.081
2025-01-24,-0.012
2025-01-27,0.058
2025-01-28,-0.078
2025-01-29,0.136
2025-01-30,-0.098
2025-01-31,0.012
2025-02-03,0.536
2025-02-04,-0.281
2025-02-05,0.066
2025-02-06,-0.213
2025-02-07,0.008
2025-02-10,-0.008
2025-02-11,-0.037
2025-02-12,0.111
2025-02-13,-0.049
2025-02-14,0.033
2025-02-18,-0.057
2025-02-19,-0.13
2025-02-20,-0.065
2025-02-21,-0.012
2025-02-24,0.05
2025-02-25,0.155
2025-02-26,0.301
2025-02-27,0.055
2025-02-28,-0.105
2025-03-03,0.205
2025-03-04,0.587
2025-03-05,-0.09
2025-03-06,0.231
2025-03-07,-0.061
2025-03-10,0.093
2025-03-11,0.022
2025-03-12,-0.103
2025-03-13,0.163
2025-03-14,-0.154
2025-03-17,-0.013
2025-03-18,-0.035
2025-03-19,-0.022
2025-03-20,0.035
2025-03-21,0.096
2025-03-24,-0.013
2025-03-25,0.099
2025-03-26,-0.061
2025-03-27,0.009
2025-03-28,-0.396
2025-03-31,-0.208
2025-04-01,-0.044
2025-04-02,-2.202
2025-04-03,-0.281
2025-04-04,-0.23
2025-04-07,0.373
2025-04-08,-0.11
2025-04-09,0.437
2025-04-10,0.099
2025-04-11,0.102
2025-04-14,-0.188
2025-04-15,-0.046
2025-04-16,-0.108
2025-04-17,0.297
2025-04-21,0.01
2025-04-22,0.0
2025-04-23,0.269
2025-04-24,0.168
2025-04-25,0.076
2025-04-28,-0.113
2025-04-29,-0.013
2025-04-30,0.631
2025-05-01,-0.235
2025-05-02,0.083
2025-05-05,-0.053
2025-05-06,-0.191
2025-05-07,-0.058
2025-05-08,-0.04
2025-05-09,0.106
2025-05-12,0.068
2025-05-13,-0.047
2025-05-14,-0.063
2025-05-15,-0.076
2025-05-16,-0.448
2025-05-19,-0.012
2025-05-20,-0.092
2025-05-21,-0.009
2025-05-22,0.158
2025-05-23,-0.043
2025-05-27,0.067
2025-05-28,0.403
2025-05-29,-0.105
2025-05-30,-0.017
2025-06-02,0.038
2025-06-03,-0.025
2025-06-04,-0.025
2025-06-05,-0.139
2025-06-06,0.054
2025-06-09,0.029
2025-06-10,-0.079
2025-06-11,-0.008
2025-06-12,-0.136
2025-06-13,-0.046
2025-06-16,-0.016
2025-06-17,-0.012
2025-06-18,0.008
2025-06-20,0.133
2025-06-23,0.008
2025-06-24,-0.004
2025-06-25,-0.024
2025-06-26,-0.012
2025-06-27,-0.044
2025-06-30,-0.1
2025-07-01,-0.012
2025-07-02,0.028
2025-07-07,-0.195
2025-07-08,0.02
2025-07-09,-0.012
2025-07-10,-0.047
2025-07-11,-0.083
2025-07-14,-0.02
2025-07-15,-0.135
2025-07-16,-0.063
2025-07-17,0.0
2025-07-18,0.008
2025-07-21,0.047
2025-07-22,0.028
2025-07-23,0.102
2025-07-24,0.07
2025-07-25,0.039
2025-07-28,0.023
2025-07-29,-0.043
2025-07-30,0.434
2025-07-31,-0.039
2025-08-01,-0.008
2025-08-04,0.197
2025-08-05,-0.016
2025-08-06,-0.016
2025-08-07,0.098
2025-08-08,0.179
2025-08-11,-0.059
2025-08-12,0.012
2025-08-13,-0.077
2025-08-14,0.012
2025-08-15,-0.07
2025-08-18,-0.031
2025-08-19,0.035
2025-08-20,0.008
2025-08-21,0.035
2025-08-22,0.027
2025-08-25,0.074
2025-08-26,0.096
2025-08-27,-0.139
2025-08-28,-0.012
2025-08-29,-0.019
2025-09-02,0.331
2025-09-03,0.031
2025-09-04,0.023
2025-09-05,-0.031
2025-09-08,0.0
2025-09-09,0.142
2025-09-10,-0.034
2025-09-11,-0.004
2025-09-12,0.011
2025-09-15,-0.086
2025-09-16,0.019
2025-09-17,0.079
2025-09-18,0.097
2025-09-19,-0.03
2025-09-22,-0.03
2025-09-23,0.007
2025-09-24,0.075
2025-09-25,0.023
2025-09-26,0.022
2025-09-29,-0.086
2025-09-30,-0.193
2025-10-01,-0.055
2025-10-02,-0.026
2025-10-03,-0.033
2025-10-06,0.026
2025-10-07,0.033
2025-10-08,0.022
2025-10-09,-0.022
2025-10-10,-0.656
2025-10-13,-0.071
2025-10-14,-0.011
2025-10-15,-0.026
2025-10-16,-0.142
2025-10-17,0.108
2025-10-20,0.1
2025-10-21,0.004
2025-10-22,0.007
2025-10-23,0.048
2025-10-24,-0.029
2025-10-27,0.094
2025-10-28,0.029
2025-10-29,-0.144
2025-10-30,0.587
2025-10-31,0.0
2025-11-03,-0.018
2025-11-04,0.04
2025-11-05,0.048
2025-11-06,0.215
2025-11-07,0.17
2025-11-10,0.011
2025-11-11,0.018
2025-11-12,-0.044
2025-11-13,0.004
2025-11-14,0.107
2025-11-17,0.052
2025-11-18,-0.147
2025-11-19,0.518
2025-11-20,-0.103
2025-11-21,0.136
2025-11-24,0.097
2025-11-25,0.007
2025-11-26,0.07
2025-12-01,-0.033
2025-12-02,0.051
2025-12-03,0.033
2025-12-04,-0.022
2025-12-05,0.04
2025-12-08,0.12
2025-12-09,-0.047
2025-12-10,0.015
2025-12-11,0.246
2025-12-12,0.029
2025-12-15,0.04
2025-12-16,-0.106
2025-12-17,0.144
2025-12-18,-0.084
2025-12-19,0.073
2025-12-22,0.018
2025-12-23,-0.036
2025-12-26,-0.043
2025-12-29,0.018
2025-12-30,0.004
2025-12-31,0.029
2026-01-02,0.0
2026-01-05,-0.04
2026-01-06,0.032
2026-01-07,0.061
2026-01-08,0.151
2026-01-09,-0.007
2026-01-12,-0.061
2026-01-13,-0.021
2026-01-14,-0.118
2026-01-15,-0.014
2026-01-16,0.022
2026-01-20,0.059
2026-01-21,0.072
2026-01-22,-0.079
2026-01-23,-0.169
