week_end,direction,open_dow,open_dow_name,remaining_sessions,completes,same_day_complete,comp_dow,comp_dow_name,days_to_complete,cont_786,cont_100,atr_14,pwc
2001-03-09,up,1,Tue,4,False,False,,,,False,False,61.94,1234.18
2001-03-16,down,0,Mon,5,True,True,0.0,Mon,0.0,True,True,60.3,1233.42
2001-03-23,up,1,Tue,4,False,False,,,,False,False,62.05,1150.53
2001-03-23,down,2,Wed,3,True,False,3.0,Thu,1.0,True,True,62.05,1150.53
2001-03-30,up,1,Tue,4,True,True,1.0,Tue,0.0,False,False,64.72,1139.83
2001-04-06,down,1,Tue,4,True,True,1.0,Tue,0.0,True,True,63.46,1160.33
2001-04-13,up,1,Tue,3,True,True,1.0,Tue,0.0,True,False,64.46,1128.43
2001-04-20,up,2,Wed,3,True,True,2.0,Wed,0.0,True,True,63.94,1183.5
2001-04-27,down,0,Mon,5,False,False,,,,False,False,65.54,1242.98
2001-05-11,down,4,Fri,1,False,False,,,,False,False,62.46,1266.61
2001-05-18,up,2,Wed,3,True,True,2.0,Wed,0.0,True,False,60.09,1245.67
2001-05-25,up,1,Tue,4,False,False,,,,False,False,59.76,1291.96
2001-06-01,down,2,Wed,3,False,False,,,,False,False,58.31,1277.89
2001-06-08,up,1,Tue,4,False,False,,,,False,False,56.46,1260.67
2001-06-15,down,1,Tue,4,True,False,3.0,Thu,2.0,True,True,54.59,1264.96
2001-06-22,up,3,Thu,2,False,False,,,,False,False,55.12,1214.36
2001-06-29,down,1,Tue,4,False,False,,,,False,False,53.5,1225.35
2001-07-06,down,4,Fri,1,True,True,4.0,Fri,0.0,False,False,52.01,1224.38
2001-07-13,up,4,Fri,1,False,False,,,,False,False,51.94,1190.59
2001-07-13,down,2,Wed,3,False,False,,,,False,False,51.94,1190.59
2001-07-27,down,0,Mon,5,True,False,1.0,Tue,1.0,True,False,50.17,1210.85
2001-08-03,up,3,Thu,2,False,False,,,,False,False,50.14,1205.82
2001-08-10,down,1,Tue,4,True,False,2.0,Wed,1.0,True,False,48.41,1214.35
2001-08-17,down,3,Thu,2,True,False,4.0,Fri,1.0,False,False,48.15,1190.16
2001-08-24,up,4,Fri,1,False,False,,,,False,False,47.76,1161.97
2001-08-31,down,1,Tue,4,True,False,2.0,Wed,1.0,True,True,46.62,1184.93
2001-09-07,up,1,Tue,4,False,False,,,,False,False,47.72,1133.58
2001-09-07,down,2,Wed,3,True,False,4.0,Fri,2.0,True,True,47.72,1133.58
2001-09-21,down,0,Mon,5,True,True,0.0,Mon,0.0,True,True,47.7,1092.54
2001-09-28,up,0,Mon,5,True,True,0.0,Mon,0.0,True,True,54.85,965.8
2001-10-05,up,2,Wed,3,True,False,3.0,Thu,1.0,False,False,56.3,1040.94
2001-10-12,up,3,Thu,2,False,False,,,,False,False,56.38,1071.38
2001-10-19,down,3,Thu,2,True,False,4.0,Fri,1.0,False,False,55.67,1091.65
2001-10-26,up,1,Tue,4,True,False,4.0,Fri,3.0,False,False,55.26,1073.48
2001-11-02,down,0,Mon,5,True,False,1.0,Tue,1.0,True,False,54.52,1104.61
2001-11-09,up,1,Tue,4,True,False,2.0,Wed,1.0,True,False,54.27,1087.2
2001-11-16,up,2,Wed,3,False,False,,,,False,False,53.86,1120.31
2001-11-16,down,0,Mon,5,False,False,,,,False,False,53.86,1120.31
2001-11-30,down,2,Wed,3,False,False,,,,False,False,51.37,1150.34
2001-12-07,up,2,Wed,3,True,True,2.0,Wed,0.0,False,False,50.41,1139.45
2001-12-14,down,1,Tue,4,True,False,2.0,Wed,1.0,True,False,50.23,1158.31
2001-12-21,up,1,Tue,4,False,False,,,,False,False,49.77,1123.07
2001-12-28,up,4,Fri,1,False,False,,,,False,False,48.36,1144.89
2002-01-04,down,2,Wed,3,False,False,,,,False,False,46.34,1161.02
2002-01-11,down,2,Wed,3,False,False,,,,False,False,45.91,1172.51
2002-01-18,down,2,Wed,3,False,False,,,,False,False,44.88,1145.6
2002-02-01,down,1,Tue,4,True,True,1.0,Tue,0.0,True,True,41.89,1133.28
2002-02-08,down,0,Mon,5,True,True,0.0,Mon,0.0,True,True,42.97,1122.2
2002-02-15,up,1,Tue,4,True,False,3.0,Thu,2.0,False,False,43.07,1096.22
2002-02-22,down,1,Tue,4,True,False,2.0,Wed,1.0,False,False,42.14,1104.18
2002-03-01,up,0,Mon,5,True,False,2.0,Wed,2.0,True,True,41.26,1089.84
2002-03-08,up,0,Mon,5,True,False,1.0,Tue,1.0,True,False,41.31,1131.78
2002-03-22,down,3,Thu,2,True,True,3.0,Thu,0.0,False,False,39.97,1166.16
2002-03-29,down,0,Mon,4,False,False,,,,False,False,39.57,1148.7
2002-04-05,down,2,Wed,3,True,True,2.0,Wed,0.0,False,False,38.38,1147.39
2002-04-12,down,3,Thu,2,False,False,,,,False,False,37.66,1122.73
2002-04-19,up,1,Tue,4,False,False,,,,False,False,37.07,1111.01
2002-04-26,down,0,Mon,5,True,False,1.0,Tue,1.0,True,True,36.82,1125.17
2002-05-03,up,3,Thu,2,False,False,,,,False,False,37.68,1076.32
2002-05-10,up,2,Wed,3,False,False,,,,False,False,36.98,1073.43
2002-05-10,down,0,Mon,5,True,False,1.0,Tue,1.0,False,False,36.98,1073.43
2002-05-17,up,0,Mon,5,True,False,1.0,Tue,1.0,True,True,37.2,1054.99
2002-05-24,down,0,Mon,5,True,False,1.0,Tue,1.0,True,False,38.3,1106.59
2002-05-31,down,2,Wed,3,True,False,3.0,Thu,1.0,False,False,37.78,1083.82
2002-06-07,down,0,Mon,5,True,True,0.0,Mon,0.0,True,True,37.35,1067.14
2002-06-14,down,2,Wed,3,True,True,2.0,Wed,0.0,True,True,38.84,1027.53
2002-06-21,up,0,Mon,5,True,True,0.0,Mon,0.0,True,False,40.17,1007.27
2002-06-21,down,4,Fri,1,False,False,,,,False,False,40.17,1007.27
2002-06-28,up,1,Tue,4,False,False,,,,False,False,41.24,989.14
2002-06-28,down,0,Mon,5,True,False,2.0,Wed,2.0,True,False,41.24,989.14
2002-07-05,down,0,Mon,4,True,False,1.0,Tue,1.0,True,True,42.08,989.82
2002-07-12,down,1,Tue,4,True,True,1.0,Tue,0.0,True,True,43.33,989.03
2002-07-19,down,0,Mon,5,True,True,0.0,Mon,0.0,True,True,46.85,921.39
2002-07-26,down,0,Mon,5,True,True,0.0,Mon,0.0,True,True,49.53,847.75
2002-08-02,up,0,Mon,5,True,True,0.0,Mon,0.0,True,True,51.6,852.84
2002-08-09,up,3,Thu,2,True,True,3.0,Thu,0.0,True,False,52.11,864.24
2002-08-09,down,0,Mon,5,False,False,,,,False,False,52.11,864.24
2002-08-16,up,3,Thu,2,False,False,,,,False,False,54.14,908.64
2002-08-16,down,1,Tue,4,False,False,,,,False,False,54.14,908.64
2002-08-23,up,0,Mon,5,True,False,3.0,Thu,3.0,False,False,54.5,928.77
2002-08-30,down,2,Wed,3,True,False,3.0,Thu,1.0,False,False,53.31,940.86
2002-09-06,down,1,Tue,4,True,True,1.0,Tue,0.0,True,False,53.25,916.07
2002-09-13,up,2,Wed,3,False,False,,,,False,False,52.7,893.92
2002-09-20,down,2,Wed,3,True,True,2.0,Wed,0.0,True,False,52.29,889.81
2002-09-27,down,1,Tue,4,False,False,,,,False,False,53.1,845.39
2002-10-04,up,1,Tue,4,False,False,,,,False,False,52.11,827.37
2002-10-04,down,0,Mon,5,True,False,4.0,Fri,4.0,False,False,52.11,827.37
2002-10-11,up,4,Fri,1,True,True,4.0,Fri,0.0,True,False,52.52,800.58
2002-10-11,down,1,Tue,4,False,False,,,,False,False,52.52,800.58
2002-10-18,up,1,Tue,4,True,True,1.0,Tue,0.0,True,False,54.1,835.32
2002-11-01,down,1,Tue,4,False,False,,,,False,False,52.65,897.65
2002-11-08,up,0,Mon,5,False,False,,,,False,False,51.71,900.96
2002-11-15,down,0,Mon,5,False,False,,,,False,False,50.45,894.74
2002-11-22,up,3,Thu,2,False,False,,,,False,False,49.57,909.83
2002-12-06,down,2,Wed,3,True,False,3.0,Thu,1.0,True,False,47.79,936.31
2002-12-13,down,0,Mon,5,False,False,,,,False,False,48.55,912.23
2002-12-20,up,0,Mon,5,False,False,,,,False,False,46.78,889.48
2002-12-27,down,4,Fri,1,False,False,,,,False,False,45.64,895.76
2003-01-03,up,3,Thu,2,True,True,3.0,Thu,0.0,True,False,44.54,875.4
2003-01-10,up,0,Mon,5,False,False,,,,False,False,44.35,908.59
2003-01-17,down,4,Fri,1,True,True,4.0,Fri,0.0,False,False,42.93,927.57
2003-01-24,down,2,Wed,3,True,False,4.0,Fri,2.0,True,False,42.44,901.78
2003-01-31,down,0,Mon,5,False,False,,,,False,False,42.72,861.4
2003-02-07,down,3,Thu,2,True,False,4.0,Fri,1.0,False,False,41.69,855.7
2003-02-14,down,3,Thu,2,False,False,,,,False,False,41.42,829.69
2003-02-21,up,1,Tue,4,False,False,,,,False,False,41.09,834.89
2003-02-28,down,0,Mon,5,True,False,1.0,Tue,1.0,False,False,39.68,848.17
2003-03-07,down,1,Tue,4,True,False,4.0,Fri,3.0,False,False,38.96,841.15
2003-03-14,down,0,Mon,5,True,False,1.0,Tue,1.0,True,True,39.12,828.89
2003-03-21,up,0,Mon,5,True,True,0.0,Mon,0.0,True,True,40.07,833.27
2003-03-28,down,0,Mon,5,True,True,0.0,Mon,0.0,True,False,42.12,895.79
2003-04-04,up,2,Wed,3,False,False,,,,False,False,41.8,863.5
2003-04-04,down,0,Mon,5,False,False,,,,False,False,41.8,863.5
2003-04-11,up,0,Mon,5,True,True,0.0,Mon,0.0,False,False,41.83,878.85
2003-04-11,down,3,Thu,2,False,False,,,,False,False,41.83,878.85
2003-04-18,up,0,Mon,4,True,False,2.0,Wed,2.0,False,False,41.85,868.3
2003-04-25,up,1,Tue,4,True,False,2.0,Wed,1.0,False,False,40.9,893.58
2003-05-02,up,0,Mon,5,True,False,1.0,Tue,1.0,True,False,40.34,898.81
2003-05-16,up,3,Thu,2,False,False,,,,False,False,38.31,933.41
2003-05-23,down,0,Mon,5,True,True,0.0,Mon,0.0,True,False,36.95,944.3
2003-05-30,up,1,Tue,4,True,False,2.0,Wed,1.0,True,False,36.62,933.22
2003-06-06,up,0,Mon,5,True,False,2.0,Wed,2.0,True,True,36.72,963.59
2003-06-13,up,3,Thu,2,False,False,,,,False,False,37.25,987.76
2003-06-13,down,0,Mon,5,False,False,,,,False,False,37.25,987.76
2003-06-20,up,0,Mon,5,True,False,1.0,Tue,1.0,False,False,36.74,988.61
2003-06-27,down,0,Mon,5,False,False,,,,False,False,36.02,995.69
2003-07-04,up,2,Wed,2,False,False,,,,False,False,35.01,976.22
2003-07-04,down,1,Tue,3,False,False,,,,False,False,35.01,976.22
2003-07-11,up,0,Mon,5,True,False,1.0,Tue,1.0,False,False,34.86,985.7
2003-07-18,up,0,Mon,5,False,False,,,,False,False,34.29,998.14
2003-07-18,down,3,Thu,2,False,False,,,,False,False,34.29,998.14
2003-07-25,down,0,Mon,5,False,False,,,,False,False,34.47,993.32
2003-08-01,down,1,Tue,4,False,False,,,,False,False,33.67,998.68
2003-08-08,down,0,Mon,5,False,False,,,,False,False,33.1,980.15
2003-08-15,up,1,Tue,4,False,False,,,,False,False,32.52,977.59
2003-08-22,up,1,Tue,4,True,False,4.0,Fri,3.0,False,False,31.5,990.67
2003-08-29,up,4,Fri,1,False,False,,,,False,False,30.7,993.06
2003-09-05,up,1,Tue,4,True,False,2.0,Wed,1.0,False,False,30.31,1008.01
2003-09-12,down,2,Wed,3,False,False,,,,False,False,29.84,1021.39
2003-09-19,up,2,Wed,3,True,False,3.0,Thu,1.0,False,False,29.47,1018.63
2003-09-26,down,0,Mon,5,True,False,2.0,Wed,2.0,True,True,29.27,1036.3
2003-10-03,up,2,Wed,3,True,True,2.0,Wed,0.0,True,True,30.06,996.85
2003-10-10,up,3,Thu,2,False,False,,,,False,False,31.41,1029.85
2003-10-17,up,2,Wed,3,False,False,,,,False,False,30.74,1038.06
2003-10-24,down,3,Thu,2,True,False,4.0,Fri,1.0,False,False,29.77,1039.32
2003-10-31,up,1,Tue,4,True,False,2.0,Wed,1.0,True,False,29.81,1028.91
2003-11-07,up,4,Fri,1,False,False,,,,False,False,29.41,1050.71
2003-11-21,down,0,Mon,5,True,False,4.0,Fri,4.0,False,False,27.96,1050.35
2003-11-28,up,0,Mon,4,True,False,1.0,Tue,1.0,True,False,27.33,1035.28
2003-12-05,up,0,Mon,5,False,False,,,,False,False,27.19,1058.2
2003-12-12,up,1,Tue,4,False,False,,,,False,False,26.4,1061.5
2003-12-19,up,3,Thu,2,True,False,4.0,Fri,1.0,False,False,26.04,1074.14
2004-01-02,up,0,Mon,4,True,False,2.0,Wed,2.0,True,False,24.86,1095.89
2004-01-09,up,0,Mon,5,True,False,1.0,Tue,1.0,True,False,24.72,1108.48
2004-01-16,up,3,Thu,2,True,True,3.0,Thu,0.0,False,False,24.63,1121.86
2004-01-23,up,3,Thu,2,False,False,,,,False,False,24.63,1139.83
2004-01-30,up,0,Mon,5,False,False,,,,False,False,24.01,1141.55
2004-01-30,down,2,Wed,3,True,True,2.0,Wed,0.0,True,False,24.01,1141.55
2004-02-06,up,0,Mon,5,False,False,,,,False,False,24.65,1131.13
2004-02-13,up,2,Wed,3,True,True,2.0,Wed,0.0,False,False,24.2,1142.76
2004-02-20,up,1,Tue,4,False,False,,,,False,False,23.91,1145.81
2004-02-27,down,1,Tue,4,False,False,,,,False,False,23.63,1144.11
2004-03-05,up,0,Mon,5,True,False,4.0,Fri,4.0,True,False,23.18,1144.94
2004-03-12,down,0,Mon,5,True,False,1.0,Tue,1.0,True,True,22.91,1156.86
2004-03-19,down,0,Mon,5,True,True,0.0,Mon,0.0,False,False,25.14,1120.57
2004-03-26,down,0,Mon,5,True,True,0.0,Mon,0.0,True,False,24.99,1109.78
2004-04-02,up,0,Mon,5,True,True,0.0,Mon,0.0,True,True,25.22,1108.06
2004-04-16,down,1,Tue,4,True,False,2.0,Wed,1.0,False,False,25.33,1139.32
2004-04-23,down,1,Tue,4,True,True,1.0,Tue,0.0,False,False,25.46,1134.61
2004-04-30,down,2,Wed,3,True,True,2.0,Wed,0.0,True,True,25.55,1140.6
2004-05-07,up,0,Mon,5,True,False,1.0,Tue,1.0,False,False,26.55,1107.3
2004-05-14,down,0,Mon,5,True,True,0.0,Mon,0.0,True,False,26.74,1098.7
2004-05-21,up,2,Wed,3,False,False,,,,False,False,26.72,1095.7
2004-05-21,down,0,Mon,5,False,False,,,,False,False,26.72,1095.7
2004-05-28,up,1,Tue,4,True,True,1.0,Tue,0.0,True,True,26.7,1093.56
2004-06-11,up,0,Mon,4,True,True,0.0,Mon,0.0,False,False,26.36,1122.5
2004-06-18,down,0,Mon,5,False,False,,,,False,False,25.88,1136.47
2004-06-25,up,2,Wed,3,False,False,,,,False,False,25.24,1135.02
2004-06-25,down,1,Tue,4,False,False,,,,False,False,25.24,1135.02
2004-07-02,up,2,Wed,3,False,False,,,,False,False,25.01,1134.43
2004-07-02,down,3,Thu,2,False,False,,,,False,False,25.01,1134.43
2004-07-09,down,1,Tue,4,True,False,3.0,Thu,2.0,False,False,24.73,1125.38
2004-07-16,down,4,Fri,1,False,False,,,,False,False,24.16,1112.81
2004-07-23,up,2,Wed,3,True,True,2.0,Wed,0.0,False,False,23.76,1101.39
2004-07-23,down,3,Thu,2,True,True,3.0,Thu,0.0,False,False,23.76,1101.39
2004-07-30,up,1,Tue,4,True,False,3.0,Thu,2.0,False,False,24.4,1086.2
2004-08-06,down,3,Thu,2,True,True,3.0,Thu,0.0,True,True,24.44,1101.72
2004-08-13,up,1,Tue,4,False,False,,,,False,False,26.01,1063.97
2004-08-20,up,0,Mon,5,True,True,0.0,Mon,0.0,True,True,25.46,1064.8
2004-08-27,up,4,Fri,1,False,False,,,,False,False,26.17,1098.35
2004-09-03,up,3,Thu,2,False,False,,,,False,False,25.51,1107.77
2004-09-03,down,1,Tue,4,False,False,,,,False,False,25.51,1107.77
2004-09-10,up,1,Tue,4,False,False,,,,False,False,25.55,1113.63
2004-09-24,down,2,Wed,3,True,True,2.0,Wed,0.0,True,False,23.57,1128.55
2004-10-01,up,4,Fri,1,True,True,4.0,Fri,0.0,True,False,23.56,1110.11
2004-10-08,up,2,Wed,3,False,False,,,,False,False,24.05,1131.5
2004-10-08,down,4,Fri,1,False,False,,,,False,False,24.05,1131.5
2004-10-15,down,2,Wed,3,True,False,3.0,Thu,1.0,True,False,23.89,1122.14
2004-10-22,up,1,Tue,4,False,False,,,,False,False,23.97,1108.2
2004-10-22,down,2,Wed,3,False,False,,,,False,False,23.97,1108.2
2004-10-29,up,1,Tue,4,True,True,1.0,Tue,0.0,True,True,23.95,1095.74
2004-11-05,up,1,Tue,4,True,False,2.0,Wed,1.0,True,True,25.19,1130.2
2004-11-12,up,4,Fri,1,True,True,4.0,Fri,0.0,False,False,26.48,1166.17
2004-11-19,down,4,Fri,1,False,False,,,,False,False,26.15,1184.17
2004-11-26,up,2,Wed,2,True,False,4.0,Fri,1.0,False,False,25.66,1170.34
2004-12-03,up,3,Thu,2,False,False,,,,False,False,25.17,1182.65
2004-12-03,down,0,Mon,5,False,False,,,,False,False,25.17,1182.65
2004-12-10,down,1,Tue,4,True,False,3.0,Thu,2.0,False,False,25.16,1191.17
2004-12-17,up,0,Mon,5,True,False,1.0,Tue,1.0,True,False,24.7,1188.0
2004-12-24,up,0,Mon,4,True,False,2.0,Wed,2.0,True,False,24.36,1194.2
2005-01-07,down,0,Mon,5,True,False,1.0,Tue,1.0,True,True,23.24,1211.92
2005-01-14,down,2,Wed,3,False,False,,,,False,False,24.13,1186.19
2005-01-21,up,1,Tue,4,False,False,,,,False,False,23.78,1184.52
2005-01-21,down,3,Thu,2,True,False,4.0,Fri,1.0,False,False,23.78,1184.52
2005-01-28,up,3,Thu,2,False,False,,,,False,False,24.09,1167.87
2005-02-04,up,0,Mon,5,True,False,1.0,Tue,1.0,True,True,23.35,1171.36
2005-02-11,down,2,Wed,3,False,False,,,,False,False,23.98,1203.03
2005-02-25,up,4,Fri,1,False,False,,,,False,False,22.87,1201.59
2005-02-25,down,1,Tue,4,True,True,1.0,Tue,0.0,False,False,22.87,1201.59
2005-03-04,up,4,Fri,1,False,False,,,,False,False,23.24,1211.37
2005-03-04,down,0,Mon,5,False,False,,,,False,False,23.24,1211.37
2005-03-11,down,2,Wed,3,True,True,2.0,Wed,0.0,True,True,23.48,1222.12
2005-03-18,up,1,Tue,4,False,False,,,,False,False,24.01,1200.08
2005-03-18,down,2,Wed,3,True,False,4.0,Fri,2.0,False,False,24.01,1200.08
2005-03-25,down,0,Mon,4,True,False,1.0,Tue,1.0,True,False,24.28,1189.65
2005-04-01,up,2,Wed,3,True,False,4.0,Fri,2.0,False,False,24.04,1171.42
2005-04-08,up,1,Tue,4,True,False,2.0,Wed,1.0,False,False,24.19,1172.92
2005-04-15,down,1,Tue,4,True,False,3.0,Thu,2.0,True,True,24.19,1181.2
2005-04-22,up,1,Tue,4,True,False,3.0,Thu,2.0,False,False,25.91,1142.62
2005-04-29,up,0,Mon,5,False,False,,,,False,False,25.76,1152.12
2005-04-29,down,4,Fri,1,False,False,,,,False,False,25.76,1152.12
2005-05-06,up,1,Tue,4,True,False,2.0,Wed,1.0,True,False,25.75,1156.85
2005-05-13,down,2,Wed,3,True,False,4.0,Fri,2.0,True,False,25.61,1171.35
2005-05-20,up,0,Mon,5,True,False,1.0,Tue,1.0,True,True,26.12,1154.05
2005-06-10,up,1,Tue,4,False,False,,,,False,False,25.17,1196.02
2005-06-17,up,1,Tue,4,True,False,4.0,Fri,3.0,True,False,24.64,1198.11
2005-06-24,down,3,Thu,2,True,True,3.0,Thu,0.0,True,True,24.67,1216.96
2005-07-01,up,1,Tue,4,False,False,,,,False,False,24.92,1191.57
2005-07-08,up,1,Tue,4,True,False,4.0,Fri,3.0,False,False,24.27,1194.44
2005-07-08,down,3,Thu,2,False,False,,,,False,False,24.27,1194.44
2005-07-15,up,1,Tue,4,True,False,3.0,Thu,2.0,True,False,24.62,1211.86
2005-07-29,up,3,Thu,2,False,False,,,,False,False,23.74,1233.68
2005-08-05,up,1,Tue,4,False,False,,,,False,False,23.26,1234.18
2005-08-12,up,2,Wed,3,True,True,2.0,Wed,0.0,False,False,23.04,1226.42
2005-08-19,down,1,Tue,4,True,False,3.0,Thu,2.0,False,False,22.83,1230.39
2005-08-26,up,0,Mon,5,False,False,,,,False,False,22.65,1219.71
2005-08-26,down,2,Wed,3,True,False,4.0,Fri,2.0,False,False,22.65,1219.71
2005-09-02,up,0,Mon,5,True,False,2.0,Wed,2.0,True,False,22.8,1205.1
2005-09-09,up,1,Tue,4,True,True,1.0,Tue,0.0,True,True,23.04,1218.02
2005-09-16,down,1,Tue,4,True,False,2.0,Wed,1.0,False,False,23.19,1241.48
2005-09-23,down,0,Mon,5,True,False,1.0,Tue,1.0,True,True,22.8,1237.91
2005-09-30,up,3,Thu,2,False,False,,,,False,False,23.5,1215.29
2005-10-07,down,1,Tue,4,True,True,1.0,Tue,0.0,True,True,23.14,1228.81
2005-10-14,down,0,Mon,5,True,False,2.0,Wed,2.0,True,True,25.16,1195.9
2005-10-21,up,3,Thu,2,False,False,,,,False,False,25.38,1186.57
2005-10-21,down,2,Wed,3,True,True,2.0,Wed,0.0,False,False,25.38,1186.57
2005-10-28,up,0,Mon,5,True,True,0.0,Mon,0.0,True,False,25.48,1179.59
2005-11-04,up,0,Mon,5,True,False,2.0,Wed,2.0,True,True,25.46,1198.41
2005-11-11,up,3,Thu,2,False,False,,,,False,False,25.52,1220.14
2005-11-18,up,4,Fri,1,False,False,,,,False,False,25.17,1234.72
2005-11-25,up,1,Tue,3,True,False,2.0,Wed,1.0,True,False,25.02,1248.27
2005-12-02,down,0,Mon,5,True,False,2.0,Wed,2.0,False,False,24.93,1268.25
2005-12-09,down,2,Wed,3,False,False,,,,False,False,24.51,1265.08
2005-12-16,up,1,Tue,4,True,False,2.0,Wed,1.0,False,False,24.33,1259.37
2005-12-23,down,1,Tue,4,False,False,,,,False,False,24.04,1267.32
2005-12-30,down,1,Tue,4,True,False,3.0,Thu,2.0,True,False,23.28,1268.66
2006-01-06,up,1,Tue,4,True,True,1.0,Tue,0.0,True,True,23.42,1248.29
2006-01-13,up,2,Wed,3,False,False,,,,False,False,24.63,1285.45
2006-01-20,down,2,Wed,3,True,True,2.0,Wed,0.0,True,True,23.73,1287.61
2006-01-27,up,1,Tue,4,True,False,3.0,Thu,2.0,True,True,23.96,1261.49
2006-02-03,down,3,Thu,2,True,True,3.0,Thu,0.0,True,False,24.17,1283.72
2006-02-10,up,3,Thu,2,False,False,,,,False,False,24.37,1264.03
2006-02-10,down,1,Tue,4,False,False,,,,False,False,24.37,1264.03
2006-02-17,up,1,Tue,4,True,False,3.0,Thu,2.0,True,False,24.12,1266.99
2006-03-03,down,1,Tue,4,False,False,,,,False,False,23.78,1289.43
2006-03-10,down,0,Mon,5,True,False,1.0,Tue,1.0,True,False,23.43,1287.23
2006-03-17,up,1,Tue,4,True,True,1.0,Tue,0.0,True,True,23.17,1281.58
2006-03-24,down,1,Tue,4,False,False,,,,False,False,23.58,1307.25
2006-03-31,down,1,Tue,4,False,False,,,,False,False,22.97,1302.95
2006-04-07,up,0,Mon,5,True,True,0.0,Mon,0.0,True,False,22.64,1294.83
2006-04-14,down,1,Tue,3,False,False,,,,False,False,22.44,1295.5
2006-04-21,up,1,Tue,4,True,True,1.0,Tue,0.0,True,True,22.11,1289.12
2006-04-28,down,1,Tue,4,True,False,3.0,Thu,2.0,False,False,23.2,1311.28
2006-05-05,up,4,Fri,1,True,True,4.0,Fri,0.0,False,False,23.0,1310.61
2006-05-12,down,3,Thu,2,True,True,3.0,Thu,0.0,True,True,22.99,1325.76
2006-05-19,down,2,Wed,3,True,True,2.0,Wed,0.0,True,True,23.94,1291.24
2006-05-26,up,4,Fri,1,False,False,,,,False,False,25.2,1267.03
2006-05-26,down,0,Mon,5,True,False,2.0,Wed,2.0,True,False,25.2,1267.03
2006-06-02,up,4,Fri,1,False,False,,,,False,False,25.92,1280.16
2006-06-02,down,1,Tue,4,True,True,1.0,Tue,0.0,True,False,25.92,1280.16
2006-06-09,down,0,Mon,5,True,True,0.0,Mon,0.0,True,True,26.3,1288.22
2006-06-16,down,0,Mon,5,True,False,1.0,Tue,1.0,True,True,28.21,1252.3
2006-06-23,down,0,Mon,5,False,False,,,,False,False,29.01,1251.54
2006-06-30,up,3,Thu,2,True,True,3.0,Thu,0.0,True,True,28.42,1244.5
2006-07-14,down,3,Thu,2,True,True,3.0,Thu,0.0,True,True,28.31,1265.48
2006-07-21,up,2,Wed,3,True,True,2.0,Wed,0.0,True,False,29.54,1236.2
2006-07-21,down,1,Tue,4,False,False,,,,False,False,29.54,1236.2
2006-07-28,up,0,Mon,5,True,True,0.0,Mon,0.0,True,True,30.15,1240.29
2006-08-04,up,4,Fri,1,False,False,,,,False,False,30.86,1278.55
2006-08-04,down,1,Tue,4,False,False,,,,False,False,30.86,1278.55
2006-08-11,down,2,Wed,3,False,False,,,,False,False,30.6,1279.36
2006-08-18,up,0,Mon,5,True,False,1.0,Tue,1.0,True,True,30.02,1266.74
2006-08-25,down,2,Wed,3,False,False,,,,False,False,30.42,1302.3
2006-09-01,up,2,Wed,3,False,False,,,,False,False,29.18,1295.09
2006-09-08,down,2,Wed,3,True,False,3.0,Thu,1.0,False,False,28.38,1311.01
2006-09-15,up,1,Tue,4,True,False,2.0,Wed,1.0,True,False,27.96,1298.92
2006-09-29,up,0,Mon,5,True,False,1.0,Tue,1.0,True,False,27.6,1314.78
2006-10-06,up,2,Wed,3,True,False,3.0,Thu,1.0,False,False,27.68,1335.85
2006-10-13,up,3,Thu,2,False,False,,,,False,False,27.61,1349.58
2006-10-27,up,2,Wed,3,True,False,3.0,Thu,1.0,True,False,26.48,1368.6
2006-11-03,down,2,Wed,3,True,False,4.0,Fri,2.0,False,False,26.41,1377.34
2006-11-10,up,0,Mon,5,True,True,0.0,Mon,0.0,True,False,26.02,1364.3
2006-11-17,up,1,Tue,4,True,False,2.0,Wed,1.0,True,False,25.92,1380.9
2006-12-01,down,0,Mon,5,True,True,0.0,Mon,0.0,True,False,24.73,1400.95
2006-12-08,up,0,Mon,5,True,False,1.0,Tue,1.0,True,False,24.99,1396.71
2006-12-15,up,3,Thu,2,True,True,3.0,Thu,0.0,True,False,24.75,1409.84
2006-12-22,down,1,Tue,4,True,False,4.0,Fri,3.0,False,False,24.9,1427.09
2006-12-29,up,2,Wed,3,True,True,2.0,Wed,0.0,False,False,24.66,1410.76
2007-01-05,up,2,Wed,3,False,False,,,,False,False,24.13,1418.3
2007-01-05,down,2,Wed,3,False,False,,,,False,False,24.13,1418.3
2007-01-12,up,3,Thu,2,True,True,3.0,Thu,0.0,True,False,24.1,1409.71
2007-01-26,up,2,Wed,3,False,False,,,,False,False,23.38,1430.5
2007-01-26,down,0,Mon,5,False,False,,,,False,False,23.38,1430.5
2007-02-02,up,2,Wed,3,True,True,2.0,Wed,0.0,True,True,23.4,1422.18
2007-02-09,down,4,Fri,1,True,True,4.0,Fri,0.0,False,False,23.94,1448.39
2007-02-16,up,2,Wed,3,True,True,2.0,Wed,0.0,True,False,23.62,1438.06
2007-03-02,down,1,Tue,4,True,True,1.0,Tue,0.0,True,True,23.07,1451.19
2007-03-09,up,1,Tue,4,True,False,3.0,Thu,2.0,True,False,26.86,1387.17
2007-03-09,down,0,Mon,5,False,False,,,,False,False,26.86,1387.17
2007-03-16,down,1,Tue,4,True,True,1.0,Tue,0.0,True,True,27.52,1402.85
2007-03-23,up,0,Mon,5,True,False,1.0,Tue,1.0,True,True,28.8,1386.95
2007-03-30,down,0,Mon,5,True,False,2.0,Wed,2.0,True,False,30.45,1436.11
2007-04-06,up,1,Tue,3,True,True,1.0,Tue,0.0,True,False,30.33,1420.86
2007-04-20,up,0,Mon,5,True,False,1.0,Tue,1.0,True,True,29.41,1452.85
2007-04-27,up,2,Wed,3,False,False,,,,False,False,29.59,1484.35
2007-05-04,up,4,Fri,1,False,False,,,,False,False,29.21,1494.07
2007-05-04,down,0,Mon,5,False,False,,,,False,False,29.21,1494.07
2007-05-11,down,3,Thu,2,False,False,,,,False,False,29.53,1505.62
2007-05-18,up,3,Thu,2,False,False,,,,False,False,29.02,1505.85
2007-05-25,down,3,Thu,2,False,False,,,,False,False,28.69,1522.75
2007-06-01,up,2,Wed,3,True,False,3.0,Thu,1.0,True,False,28.59,1515.73
2007-06-08,down,2,Wed,3,True,True,2.0,Wed,0.0,True,True,28.72,1536.34
2007-06-15,up,3,Thu,2,True,False,4.0,Fri,1.0,True,True,30.47,1507.67
2007-06-15,down,1,Tue,4,False,False,,,,False,False,30.47,1507.67
2007-06-22,down,2,Wed,3,True,True,2.0,Wed,0.0,True,True,31.58,1532.91
2007-06-29,up,3,Thu,2,False,False,,,,False,False,31.94,1502.56
2007-06-29,down,2,Wed,3,False,False,,,,False,False,31.94,1502.56
2007-07-06,up,0,Mon,4,True,False,1.0,Tue,1.0,True,False,32.04,1503.35
2007-07-13,up,3,Thu,2,True,False,4.0,Fri,1.0,False,False,31.82,1530.44
2007-07-13,down,1,Tue,4,True,True,1.0,Tue,0.0,False,False,31.82,1530.44
2007-07-20,down,2,Wed,3,True,False,4.0,Fri,2.0,False,False,33.05,1552.5
2007-07-27,up,0,Mon,5,False,False,,,,False,False,32.6,1534.1
2007-07-27,down,1,Tue,4,True,True,1.0,Tue,0.0,True,True,32.6,1534.1
2007-08-03,up,0,Mon,5,True,False,1.0,Tue,1.0,True,False,36.57,1458.95
2007-08-03,down,2,Wed,3,True,False,4.0,Fri,2.0,False,False,36.57,1458.95
2007-08-10,up,0,Mon,5,True,True,0.0,Mon,0.0,True,True,37.93,1433.06
2007-08-17,down,1,Tue,4,True,True,1.0,Tue,0.0,True,True,40.68,1453.64
2007-08-24,up,2,Wed,3,True,False,4.0,Fri,2.0,False,False,44.61,1445.94
2007-08-31,down,1,Tue,4,True,True,1.0,Tue,0.0,True,True,44.91,1479.37
2007-09-07,up,1,Tue,4,False,False,,,,False,False,45.24,1473.99
2007-09-07,down,4,Fri,1,False,False,,,,False,False,45.24,1473.99
2007-09-14,up,1,Tue,4,True,False,3.0,Thu,2.0,True,False,45.39,1453.55
2007-09-21,up,1,Tue,4,True,True,1.0,Tue,0.0,True,True,45.74,1484.25
2007-09-28,down,1,Tue,4,False,False,,,,False,False,47.25,1525.75
2007-10-05,up,0,Mon,5,True,False,4.0,Fri,4.0,False,False,45.78,1526.75
2007-10-12,up,3,Thu,2,False,False,,,,False,False,45.02,1557.59
2007-10-19,down,0,Mon,5,True,False,2.0,Wed,2.0,True,True,43.9,1561.8
2007-10-26,up,1,Tue,4,True,False,4.0,Fri,3.0,False,False,45.37,1500.63
2007-11-02,up,2,Wed,3,False,False,,,,False,False,45.41,1535.28
2007-11-02,down,3,Thu,2,True,True,3.0,Thu,0.0,True,False,45.41,1535.28
2007-11-09,down,0,Mon,5,True,False,2.0,Wed,2.0,True,True,46.47,1509.65
2007-11-16,up,1,Tue,4,True,False,2.0,Wed,1.0,True,False,48.31,1453.7
2007-11-23,down,0,Mon,4,True,False,1.0,Tue,1.0,True,False,48.69,1458.74
2007-11-30,up,2,Wed,3,True,True,2.0,Wed,0.0,True,False,48.29,1440.7
2007-11-30,down,0,Mon,5,True,True,0.0,Mon,0.0,False,False,48.29,1440.7
2007-12-07,up,3,Thu,2,False,False,,,,False,False,50.76,1481.14
2007-12-07,down,1,Tue,4,False,False,,,,False,False,50.76,1481.14
2007-12-14,down,1,Tue,4,True,False,2.0,Wed,1.0,False,False,50.7,1504.66
2007-12-21,down,0,Mon,5,True,False,1.0,Tue,1.0,False,False,51.07,1467.95
2008-01-04,down,2,Wed,3,True,True,2.0,Wed,0.0,True,True,49.27,1478.49
2008-01-11,down,1,Tue,4,True,False,2.0,Wed,1.0,False,False,50.56,1411.63
2008-01-18,down,1,Tue,4,True,False,2.0,Wed,1.0,True,True,50.63,1401.02
2008-01-25,up,3,Thu,2,True,False,4.0,Fri,1.0,True,False,54.54,1325.19
2008-01-25,down,1,Tue,4,True,True,1.0,Tue,0.0,True,True,54.54,1325.19
2008-02-01,up,0,Mon,5,True,False,2.0,Wed,2.0,True,True,57.68,1330.61
2008-02-08,down,1,Tue,4,True,True,1.0,Tue,0.0,True,True,58.83,1395.42
2008-02-15,up,1,Tue,4,True,False,2.0,Wed,1.0,False,False,60.25,1331.29
2008-02-22,down,4,Fri,1,False,False,,,,False,False,59.44,1349.99
2008-02-29,up,1,Tue,4,False,False,,,,False,False,58.11,1353.11
2008-02-29,down,4,Fri,1,False,False,,,,False,False,58.11,1353.11
2008-03-07,down,1,Tue,4,True,False,4.0,Fri,3.0,True,False,58.46,1330.63
2008-03-14,up,1,Tue,4,True,False,2.0,Wed,1.0,False,False,58.69,1293.37
2008-03-21,up,1,Tue,3,True,True,1.0,Tue,0.0,True,False,58.83,1288.14
2008-03-21,down,0,Mon,4,False,False,,,,False,False,58.83,1288.14
2008-03-28,up,0,Mon,5,False,False,,,,False,False,60.67,1329.51
2008-04-04,up,1,Tue,4,True,True,1.0,Tue,0.0,True,True,59.67,1315.22
2008-04-11,down,4,Fri,1,True,True,4.0,Fri,0.0,False,False,60.27,1370.4
2008-04-18,up,2,Wed,3,True,False,4.0,Fri,2.0,True,True,59.93,1332.83
2008-05-02,up,4,Fri,1,False,False,,,,False,False,58.51,1397.84
2008-05-09,down,2,Wed,3,False,False,,,,False,False,57.17,1413.9
2008-05-16,up,2,Wed,3,True,False,3.0,Thu,1.0,False,False,55.76,1388.28
2008-05-23,down,2,Wed,3,True,True,2.0,Wed,0.0,True,False,54.61,1425.35
2008-05-30,up,3,Thu,2,False,False,,,,False,False,55.46,1375.93
2008-06-06,down,0,Mon,5,True,False,4.0,Fri,4.0,False,False,53.87,1400.38
2008-06-13,down,2,Wed,3,False,False,,,,False,False,53.18,1360.68
2008-06-20,down,2,Wed,3,True,False,4.0,Fri,2.0,True,False,52.19,1360.03
2008-06-27,down,3,Thu,2,True,True,3.0,Thu,0.0,True,False,52.18,1317.93
2008-07-04,down,3,Thu,1,False,False,,,,False,False,53.0,1278.38
2008-07-11,down,0,Mon,5,True,False,4.0,Fri,4.0,False,False,52.08,1262.9
2008-07-18,up,3,Thu,2,False,False,,,,False,False,52.08,1239.49
2008-07-18,down,1,Tue,4,True,True,1.0,Tue,0.0,False,False,52.08,1239.49
2008-07-25,up,2,Wed,3,False,False,,,,False,False,52.78,1260.68
2008-08-01,up,2,Wed,3,False,False,,,,False,False,52.03,1257.76
2008-08-01,down,0,Mon,5,False,False,,,,False,False,52.03,1257.76
2008-08-08,up,1,Tue,4,True,False,4.0,Fri,3.0,False,False,51.93,1260.31
2008-08-15,down,2,Wed,3,False,False,,,,False,False,51.82,1296.32
2008-08-22,down,0,Mon,5,True,False,1.0,Tue,1.0,False,False,50.85,1298.2
2008-08-29,down,0,Mon,5,False,False,,,,False,False,50.01,1292.2
2008-09-05,up,1,Tue,4,False,False,,,,False,False,49.11,1282.83
2008-09-05,down,3,Thu,2,True,True,3.0,Thu,0.0,True,True,49.11,1282.83
2008-09-12,up,0,Mon,5,True,True,0.0,Mon,0.0,False,False,51.74,1242.31
2008-09-12,down,2,Wed,3,False,False,,,,False,False,51.74,1242.31
2008-09-19,down,0,Mon,5,True,True,0.0,Mon,0.0,True,True,52.53,1251.7
2008-09-26,down,0,Mon,5,True,True,0.0,Mon,0.0,True,True,58.18,1255.08
2008-10-03,down,0,Mon,5,True,True,0.0,Mon,0.0,True,True,59.42,1213.27
2008-10-10,down,0,Mon,5,True,True,0.0,Mon,0.0,True,True,63.4,1099.23
2008-10-17,up,0,Mon,5,True,True,0.0,Mon,0.0,True,True,77.4,899.22
2008-10-17,down,3,Thu,2,False,False,,,,False,False,77.4,899.22
2008-10-24,up,0,Mon,5,False,False,,,,False,False,84.62,940.55
2008-10-24,down,2,Wed,3,True,True,2.0,Wed,0.0,True,True,84.62,940.55
2008-10-31,up,1,Tue,4,True,True,1.0,Tue,0.0,True,True,88.05,876.77
2008-11-07,up,1,Tue,4,False,False,,,,False,False,91.7,968.75
2008-11-07,down,3,Thu,2,True,True,3.0,Thu,0.0,False,False,91.7,968.75
2008-11-14,down,1,Tue,4,True,False,2.0,Wed,1.0,True,True,92.85,930.99
2008-11-21,down,1,Tue,4,True,False,2.0,Wed,1.0,True,True,95.73,873.29
2008-11-28,up,0,Mon,4,True,True,0.0,Mon,0.0,True,False,98.99,800.03
2008-12-05,down,0,Mon,5,True,True,0.0,Mon,0.0,True,False,98.79,896.24
2008-12-12,up,0,Mon,5,False,False,,,,False,False,97.49,876.07
2008-12-19,up,2,Wed,3,False,False,,,,False,False,95.32,879.73
2009-01-02,up,2,Wed,2,True,False,4.0,Fri,1.0,False,False,88.45,872.8
2009-01-09,down,3,Thu,2,False,False,,,,False,False,87.68,931.8
2009-01-16,down,2,Wed,3,True,True,2.0,Wed,0.0,True,False,85.38,890.35
2009-01-23,down,1,Tue,4,False,False,,,,False,False,84.52,850.12
2009-01-30,up,2,Wed,3,False,False,,,,False,False,81.76,831.95
2009-02-06,up,4,Fri,1,False,False,,,,False,False,79.93,825.88
2009-02-13,down,1,Tue,4,True,False,3.0,Thu,2.0,False,False,78.36,868.6
2009-02-20,down,1,Tue,4,True,False,3.0,Thu,2.0,True,False,77.54,826.84
2009-02-27,down,4,Fri,1,False,False,,,,False,False,77.19,770.05
2009-03-06,down,0,Mon,5,True,False,3.0,Thu,3.0,True,False,74.93,735.09
2009-03-13,up,1,Tue,4,True,False,2.0,Wed,1.0,True,True,74.46,683.38
2009-03-20,up,2,Wed,3,True,False,3.0,Thu,1.0,False,False,75.24,756.55
2009-03-27,up,0,Mon,5,True,True,0.0,Mon,0.0,True,False,73.67,768.54
2009-04-03,up,3,Thu,2,False,False,,,,False,False,73.01,815.94
2009-04-03,down,0,Mon,5,False,False,,,,False,False,73.01,815.94
2009-04-10,down,1,Tue,3,False,False,,,,False,False,72.5,842.5
2009-04-24,down,0,Mon,5,True,False,1.0,Tue,1.0,False,False,68.18,869.6
2009-05-08,up,0,Mon,5,True,False,2.0,Wed,2.0,True,False,64.74,877.52
2009-05-15,down,1,Tue,4,True,False,2.0,Wed,1.0,True,False,63.88,929.23
2009-05-22,up,0,Mon,5,True,False,2.0,Wed,2.0,False,False,62.91,882.88
2009-05-29,up,1,Tue,4,False,False,,,,False,False,61.63,887.0
2009-06-05,up,0,Mon,5,False,False,,,,False,False,59.98,919.14
2009-06-19,down,0,Mon,5,True,False,2.0,Wed,2.0,False,False,56.01,946.21
2009-06-26,down,0,Mon,5,False,False,,,,False,False,55.04,921.23
2009-07-03,down,3,Thu,1,False,False,,,,False,False,53.47,918.9
2009-07-10,down,2,Wed,3,False,False,,,,False,False,52.19,896.42
2009-07-17,up,0,Mon,5,True,False,2.0,Wed,2.0,True,True,50.56,879.13
2009-07-24,up,3,Thu,2,True,True,3.0,Thu,0.0,False,False,51.85,940.38
2009-08-07,up,1,Tue,4,True,False,4.0,Fri,3.0,False,False,49.32,987.48
2009-08-21,up,4,Fri,1,False,False,,,,False,False,46.04,1004.09
2009-08-21,down,0,Mon,5,False,False,,,,False,False,46.04,1004.09
2009-09-04,down,1,Tue,4,True,True,1.0,Tue,0.0,True,False,44.61,1028.93
2009-09-11,up,2,Wed,3,True,False,3.0,Thu,1.0,False,False,44.07,1016.4
2009-09-18,up,2,Wed,3,True,False,3.0,Thu,1.0,False,False,43.19,1042.73
2009-09-25,down,3,Thu,2,True,False,4.0,Fri,1.0,False,False,42.94,1068.3
2009-10-02,up,0,Mon,5,False,False,,,,False,False,42.66,1044.38
2009-10-02,down,4,Fri,1,False,False,,,,False,False,42.66,1044.38
2009-10-09,up,0,Mon,5,True,False,1.0,Tue,1.0,True,True,43.16,1025.21
2009-10-16,up,2,Wed,3,False,False,,,,False,False,43.39,1071.49
2009-10-30,down,1,Tue,4,True,False,2.0,Wed,1.0,True,True,41.32,1079.6
2009-11-06,up,2,Wed,3,True,False,3.0,Thu,1.0,True,False,42.54,1036.19
2009-11-13,up,0,Mon,5,True,False,1.0,Tue,1.0,True,False,42.51,1069.3
2009-11-20,up,0,Mon,5,False,False,,,,False,False,42.05,1093.48
2009-11-27,up,0,Mon,4,False,False,,,,False,False,40.96,1091.38
2009-12-04,up,1,Tue,4,True,False,3.0,Thu,2.0,False,False,40.08,1091.49
2009-12-11,down,1,Tue,4,False,False,,,,False,False,39.57,1105.98
2009-12-25,up,0,Mon,4,True,False,3.0,Thu,3.0,False,False,37.36,1102.47
2010-01-08,up,0,Mon,5,True,False,2.0,Wed,2.0,True,False,34.92,1115.1
2010-01-15,down,4,Fri,1,False,False,,,,False,False,34.59,1144.98
2010-01-22,up,1,Tue,4,False,False,,,,False,False,33.48,1136.03
2010-01-22,down,3,Thu,2,True,True,3.0,Thu,0.0,True,True,33.48,1136.03
2010-01-29,down,4,Fri,1,False,False,,,,False,False,35.39,1091.76
2010-02-05,up,0,Mon,5,True,False,1.0,Tue,1.0,True,False,35.15,1073.87
2010-02-05,down,4,Fri,1,True,True,4.0,Fri,0.0,True,False,35.15,1073.87
2010-02-19,up,1,Tue,4,True,False,2.0,Wed,1.0,True,True,35.99,1075.51
2010-02-26,down,1,Tue,4,True,False,3.0,Thu,2.0,False,False,36.05,1109.17
2010-03-05,up,1,Tue,4,True,False,4.0,Fri,3.0,True,False,35.35,1104.49
2010-03-12,up,4,Fri,1,False,False,,,,False,False,35.32,1138.7
2010-03-19,up,2,Wed,3,False,False,,,,False,False,34.12,1149.99
2010-03-26,up,1,Tue,4,False,False,,,,False,False,33.71,1159.9
2010-04-02,up,3,Thu,1,False,False,,,,False,False,33.29,1166.59
2010-04-09,up,1,Tue,4,False,False,,,,False,False,32.03,1178.1
2010-04-16,up,2,Wed,3,True,False,3.0,Thu,1.0,False,False,31.14,1194.37
2010-04-23,up,1,Tue,4,True,False,4.0,Fri,3.0,True,False,30.85,1192.13
2010-04-30,down,1,Tue,4,True,True,1.0,Tue,0.0,True,True,31.05,1217.28
2010-05-07,up,0,Mon,5,False,False,,,,False,False,31.56,1186.69
2010-05-07,down,1,Tue,4,True,False,2.0,Wed,1.0,True,True,31.56,1186.69
2010-05-14,up,0,Mon,5,True,True,0.0,Mon,0.0,True,True,39.26,1110.88
2010-05-21,down,0,Mon,5,True,False,2.0,Wed,2.0,True,True,40.93,1135.68
2010-05-28,down,1,Tue,4,True,True,1.0,Tue,0.0,True,True,44.63,1087.69
2010-06-04,down,1,Tue,4,True,False,4.0,Fri,3.0,False,False,45.93,1089.41
2010-06-11,up,3,Thu,2,False,False,,,,False,False,45.87,1064.88
2010-06-11,down,1,Tue,4,False,False,,,,False,False,45.87,1064.88
2010-06-18,up,1,Tue,4,True,False,4.0,Fri,3.0,False,False,46.17,1091.6
2010-06-25,down,1,Tue,4,True,False,2.0,Wed,1.0,True,True,45.16,1117.51
2010-07-02,down,1,Tue,4,True,True,1.0,Tue,0.0,True,True,46.46,1076.76
2010-07-09,up,1,Tue,4,True,False,2.0,Wed,1.0,True,True,48.26,1022.58
2010-07-16,up,1,Tue,4,False,False,,,,False,False,49.09,1077.96
2010-07-23,up,1,Tue,4,True,False,3.0,Thu,2.0,True,False,48.16,1064.88
2010-08-06,up,0,Mon,5,False,False,,,,False,False,46.99,1101.6
2010-08-13,down,2,Wed,3,True,True,2.0,Wed,0.0,True,False,45.57,1121.64
2010-08-20,up,1,Tue,4,False,False,,,,False,False,46.07,1079.25
2010-08-27,down,1,Tue,4,True,False,2.0,Wed,1.0,False,False,45.37,1071.69
2010-09-03,up,3,Thu,2,True,False,4.0,Fri,1.0,True,False,45.12,1064.59
2010-09-03,down,1,Tue,4,False,False,,,,False,False,45.12,1064.59
2010-09-17,up,1,Tue,4,False,False,,,,False,False,44.57,1109.55
2010-09-24,up,0,Mon,5,False,False,,,,False,False,42.95,1125.59
2010-10-01,down,1,Tue,4,False,False,,,,False,False,41.75,1148.67
2010-10-08,up,1,Tue,4,False,False,,,,False,False,40.56,1146.24
2010-10-15,up,2,Wed,3,False,False,,,,False,False,40.22,1165.15
2010-10-22,down,1,Tue,4,False,False,,,,False,False,39.4,1176.19
2010-11-05,up,2,Wed,3,True,False,3.0,Thu,1.0,True,True,37.69,1183.26
2010-11-12,down,1,Tue,4,True,False,4.0,Fri,3.0,True,False,38.53,1225.85
2010-11-19,down,1,Tue,4,True,True,1.0,Tue,0.0,False,False,38.11,1199.21
2010-11-26,down,0,Mon,4,False,False,,,,False,False,37.85,1199.73
2010-12-03,up,2,Wed,3,True,False,3.0,Thu,1.0,True,False,36.78,1189.4
2010-12-03,down,0,Mon,5,False,False,,,,False,False,36.78,1189.4
2010-12-10,up,4,Fri,1,False,False,,,,False,False,37.86,1224.71
2010-12-24,up,2,Wed,2,False,False,,,,False,False,35.02,1243.91
2011-01-07,up,0,Mon,5,True,False,2.0,Wed,2.0,False,False,32.18,1257.64
2011-01-14,up,2,Wed,3,True,False,4.0,Fri,2.0,False,False,31.35,1271.5
2011-01-21,down,2,Wed,3,True,False,3.0,Thu,1.0,False,False,31.33,1293.24
2011-01-28,up,2,Wed,3,True,False,4.0,Fri,2.0,False,False,30.86,1283.35
2011-02-04,up,1,Tue,4,True,True,1.0,Tue,0.0,True,True,30.63,1276.34
2011-02-11,up,0,Mon,5,True,False,4.0,Fri,4.0,False,False,30.91,1310.87
2011-02-18,up,3,Thu,2,False,False,,,,False,False,30.13,1329.15
2011-02-25,down,1,Tue,4,True,True,1.0,Tue,0.0,True,True,29.37,1343.01
2011-03-04,up,1,Tue,4,False,False,,,,False,False,30.75,1319.88
2011-03-04,down,1,Tue,4,False,False,,,,False,False,30.75,1319.88
2011-03-11,down,0,Mon,5,True,False,3.0,Thu,3.0,True,False,30.68,1321.15
2011-03-18,down,0,Mon,5,True,False,1.0,Tue,1.0,True,True,31.03,1304.28
2011-03-25,up,0,Mon,5,True,True,0.0,Mon,0.0,True,True,32.76,1279.2
2011-04-01,up,2,Wed,3,True,False,4.0,Fri,2.0,False,False,33.28,1313.8
2011-04-15,down,1,Tue,4,True,False,3.0,Thu,2.0,True,False,32.04,1328.17
2011-04-22,up,2,Wed,2,False,False,,,,False,False,31.99,1319.68
2011-04-22,down,0,Mon,4,True,True,0.0,Mon,0.0,False,False,31.99,1319.68
2011-04-29,up,2,Wed,3,True,False,3.0,Thu,1.0,True,False,32.76,1337.38
2011-05-06,down,1,Tue,4,True,False,2.0,Wed,1.0,True,True,32.78,1363.61
2011-05-13,up,1,Tue,4,False,False,,,,False,False,33.4,1340.2
2011-05-20,down,1,Tue,4,False,False,,,,False,False,32.97,1337.77
2011-05-27,down,0,Mon,5,True,True,0.0,Mon,0.0,False,False,32.64,1333.27
2011-06-03,up,1,Tue,4,False,False,,,,False,False,31.94,1331.1
2011-06-03,down,2,Wed,3,True,False,3.0,Thu,1.0,True,True,31.94,1331.1
2011-06-10,down,0,Mon,5,True,False,2.0,Wed,2.0,True,False,33.03,1300.16
2011-06-17,up,1,Tue,4,True,True,1.0,Tue,0.0,False,False,32.96,1270.98
2011-06-17,down,3,Thu,2,False,False,,,,False,False,32.96,1270.98
2011-06-24,up,1,Tue,4,True,True,1.0,Tue,0.0,True,False,33.06,1271.5
2011-07-01,up,0,Mon,5,True,False,1.0,Tue,1.0,True,True,33.25,1268.45
2011-07-08,up,3,Thu,2,False,False,,,,False,False,36.13,1339.67
2011-07-15,down,0,Mon,5,True,True,0.0,Mon,0.0,True,True,35.37,1343.8
2011-07-22,up,2,Wed,3,True,False,3.0,Thu,1.0,True,False,35.51,1316.14
2011-07-22,down,0,Mon,5,False,False,,,,False,False,35.51,1316.14
2011-07-29,down,1,Tue,4,True,False,2.0,Wed,1.0,True,True,36.62,1345.02
2011-08-05,up,0,Mon,5,False,False,,,,False,False,38.45,1292.28
2011-08-05,down,0,Mon,5,True,False,1.0,Tue,1.0,True,True,38.45,1292.28
2011-08-12,down,0,Mon,5,True,True,0.0,Mon,0.0,True,True,45.65,1199.38
2011-08-19,up,0,Mon,5,False,False,,,,False,False,49.38,1178.81
2011-08-19,down,3,Thu,2,True,True,3.0,Thu,0.0,True,True,49.38,1178.81
2011-08-26,up,0,Mon,5,True,False,1.0,Tue,1.0,True,True,52.02,1123.53
2011-09-02,up,0,Mon,5,True,True,0.0,Mon,0.0,True,True,53.28,1176.8
2011-09-09,up,2,Wed,3,False,False,,,,False,False,53.77,1173.97
2011-09-09,down,1,Tue,4,True,True,1.0,Tue,0.0,False,False,53.77,1173.97
2011-09-16,up,1,Tue,4,True,False,2.0,Wed,1.0,True,True,54.52,1154.23
2011-09-23,down,0,Mon,5,True,False,2.0,Wed,2.0,True,True,56.62,1216.01
2011-09-30,up,0,Mon,5,True,False,1.0,Tue,1.0,True,False,60.16,1136.43
2011-10-07,up,3,Thu,2,True,False,4.0,Fri,1.0,False,False,60.49,1131.42
2011-10-07,down,0,Mon,5,True,False,1.0,Tue,1.0,True,False,60.49,1131.42
2011-10-14,up,0,Mon,5,True,True,0.0,Mon,0.0,True,True,63.07,1155.46
2011-10-21,down,0,Mon,5,False,False,,,,False,False,63.51,1224.58
2011-10-28,up,3,Thu,2,True,True,3.0,Thu,0.0,True,False,62.37,1238.25
2011-11-04,down,0,Mon,5,True,False,1.0,Tue,1.0,True,True,63.03,1285.09
2011-11-11,up,1,Tue,4,False,False,,,,False,False,63.5,1253.23
2011-11-11,down,2,Wed,3,False,False,,,,False,False,63.5,1253.23
2011-11-18,down,2,Wed,3,True,False,3.0,Thu,1.0,True,False,62.6,1263.85
2011-11-25,down,0,Mon,4,True,False,2.0,Wed,2.0,True,False,62.05,1215.65
2011-12-02,up,0,Mon,5,True,True,0.0,Mon,0.0,True,True,61.69,1158.67
2011-12-16,down,0,Mon,5,True,False,2.0,Wed,2.0,False,False,62.46,1255.19
2011-12-23,up,2,Wed,3,True,False,4.0,Fri,2.0,False,False,61.26,1219.66
2012-01-06,up,1,Tue,4,False,False,,,,False,False,58.48,1257.6
2012-01-20,up,3,Thu,2,False,False,,,,False,False,53.81,1289.09
2012-02-03,up,4,Fri,1,False,False,,,,False,False,50.11,1316.33
2012-02-17,up,4,Fri,1,False,False,,,,False,False,47.49,1342.64
2012-03-09,down,1,Tue,4,True,True,1.0,Tue,0.0,False,False,42.17,1369.63
2012-03-16,up,1,Tue,4,True,False,2.0,Wed,1.0,True,False,41.64,1370.87
2012-03-23,down,4,Fri,1,False,False,,,,False,False,41.47,1404.17
2012-03-30,up,0,Mon,5,False,False,,,,False,False,40.44,1397.11
2012-04-06,down,3,Thu,1,False,False,,,,False,False,39.52,1408.47
2012-04-13,down,0,Mon,5,True,False,1.0,Tue,1.0,True,True,38.81,1398.08
2012-04-20,up,1,Tue,4,False,False,,,,False,False,38.94,1370.26
2012-04-27,up,3,Thu,2,True,True,3.0,Thu,0.0,False,False,38.11,1378.53
2012-04-27,down,0,Mon,5,False,False,,,,False,False,38.11,1378.53
2012-05-04,down,4,Fri,1,True,True,4.0,Fri,0.0,True,False,38.81,1403.36
2012-05-11,down,1,Tue,4,True,False,2.0,Wed,1.0,False,False,39.42,1369.1
2012-05-18,down,0,Mon,5,True,False,1.0,Tue,1.0,True,True,38.8,1353.39
2012-05-25,up,0,Mon,5,True,False,1.0,Tue,1.0,True,False,40.42,1295.22
2012-06-01,up,1,Tue,4,False,False,,,,False,False,39.91,1317.82
2012-06-01,down,3,Thu,2,True,False,4.0,Fri,1.0,True,True,39.91,1317.82
2012-06-08,up,2,Wed,3,True,True,2.0,Wed,0.0,True,True,41.18,1278.04
2012-06-15,up,4,Fri,1,False,False,,,,False,False,42.69,1325.66
2012-06-15,down,0,Mon,5,False,False,,,,False,False,42.69,1325.66
2012-06-22,up,1,Tue,4,False,False,,,,False,False,42.26,1342.84
2012-06-22,down,3,Thu,2,False,False,,,,False,False,42.26,1342.84
2012-06-29,up,4,Fri,1,True,True,4.0,Fri,0.0,False,False,42.03,1335.02
2012-06-29,down,0,Mon,5,False,False,,,,False,False,42.03,1335.02
2012-07-13,down,1,Tue,4,True,False,3.0,Thu,2.0,False,False,41.66,1354.68
2012-07-20,up,2,Wed,3,False,False,,,,False,False,41.27,1356.78
2012-07-27,up,4,Fri,1,True,True,4.0,Fri,0.0,False,False,40.84,1362.66
2012-07-27,down,0,Mon,5,True,False,1.0,Tue,1.0,True,False,40.84,1362.66
2012-08-03,down,3,Thu,2,True,True,3.0,Thu,0.0,False,False,42.21,1385.97
2012-08-10,up,1,Tue,4,False,False,,,,False,False,42.01,1390.99
2012-08-24,down,3,Thu,2,False,False,,,,False,False,38.83,1418.16
2012-09-07,up,3,Thu,2,True,True,3.0,Thu,0.0,True,False,36.75,1406.58
2012-09-14,up,3,Thu,2,True,True,3.0,Thu,0.0,True,False,37.07,1437.92
2012-09-21,down,3,Thu,2,False,False,,,,False,False,37.68,1465.77
2012-09-28,down,1,Tue,4,True,False,2.0,Wed,1.0,True,False,36.21,1460.15
2012-10-05,up,0,Mon,5,True,False,3.0,Thu,3.0,True,False,35.96,1440.67
2012-10-12,down,1,Tue,4,True,False,2.0,Wed,1.0,True,False,35.67,1460.93
2012-10-19,up,1,Tue,4,True,True,1.0,Tue,0.0,True,False,35.65,1428.59
2012-10-26,down,1,Tue,4,True,True,1.0,Tue,0.0,True,False,35.73,1433.19
2012-11-02,up,3,Thu,2,True,False,4.0,Fri,1.0,False,False,35.48,1411.94
2012-11-09,up,1,Tue,4,False,False,,,,False,False,34.97,1414.2
2012-11-09,down,2,Wed,3,True,True,2.0,Wed,0.0,True,True,34.97,1414.2
2012-11-16,down,2,Wed,3,True,True,2.0,Wed,0.0,True,False,36.78,1379.85
2012-11-23,up,0,Mon,4,True,True,0.0,Mon,0.0,True,True,37.4,1359.88
2012-11-30,down,2,Wed,3,True,True,2.0,Wed,0.0,False,False,38.25,1409.15
2012-12-07,down,2,Wed,3,False,False,,,,False,False,37.97,1416.18
2012-12-14,up,1,Tue,4,False,False,,,,False,False,37.07,1418.07
2012-12-21,up,0,Mon,5,True,False,1.0,Tue,1.0,True,False,36.33,1413.58
2012-12-28,down,3,Thu,2,True,True,3.0,Thu,0.0,True,False,36.2,1430.15
2013-01-04,up,0,Mon,4,True,True,0.0,Mon,0.0,True,True,35.66,1402.43
2013-01-11,down,1,Tue,4,False,False,,,,False,False,38.1,1466.47
2013-01-25,up,3,Thu,2,False,False,,,,False,False,35.84,1485.98
2013-02-08,down,0,Mon,5,False,False,,,,False,False,33.66,1513.17
2013-02-22,down,3,Thu,2,True,True,3.0,Thu,0.0,False,False,31.36,1519.79
2013-03-01,down,0,Mon,5,True,True,0.0,Mon,0.0,True,False,31.52,1515.6
2013-03-08,up,1,Tue,4,True,True,1.0,Tue,0.0,True,True,32.19,1518.2
2013-03-22,down,0,Mon,5,True,False,1.0,Tue,1.0,False,False,31.58,1560.7
2013-03-29,up,3,Thu,1,False,False,,,,False,False,30.97,1556.89
2013-04-05,down,2,Wed,3,True,True,2.0,Wed,0.0,True,False,30.47,1569.19
2013-04-12,up,1,Tue,4,True,True,1.0,Tue,0.0,True,True,30.74,1553.28
2013-04-19,down,0,Mon,5,True,True,0.0,Mon,0.0,True,True,32.02,1588.85
2013-04-26,up,1,Tue,4,True,True,1.0,Tue,0.0,True,True,33.51,1555.25
2013-05-03,up,0,Mon,5,True,False,4.0,Fri,4.0,True,True,34.29,1582.24
2013-05-10,up,2,Wed,3,False,False,,,,False,False,34.49,1614.42
2013-05-17,up,1,Tue,4,True,False,2.0,Wed,1.0,True,True,33.52,1633.7
2013-05-24,up,2,Wed,3,False,False,,,,False,False,34.03,1667.47
2013-05-24,down,2,Wed,3,True,False,3.0,Thu,1.0,True,False,34.03,1667.47
2013-05-31,up,1,Tue,4,True,True,1.0,Tue,0.0,False,False,35.29,1649.6
2013-05-31,down,4,Fri,1,False,False,,,,False,False,35.29,1649.6
2013-06-07,up,1,Tue,4,False,False,,,,False,False,35.87,1630.74
2013-06-07,down,2,Wed,3,True,True,2.0,Wed,0.0,True,False,35.87,1630.74
2013-06-14,down,1,Tue,4,True,False,2.0,Wed,1.0,True,False,36.76,1643.38
2013-06-21,up,0,Mon,5,True,False,1.0,Tue,1.0,False,False,37.04,1626.73
2013-06-21,down,3,Thu,2,True,True,3.0,Thu,0.0,True,True,37.04,1626.73
2013-06-28,up,3,Thu,2,True,True,3.0,Thu,0.0,False,False,39.86,1592.43
2013-06-28,down,0,Mon,5,True,True,0.0,Mon,0.0,True,False,39.86,1592.43
2013-07-05,up,0,Mon,4,True,False,4.0,Fri,3.0,False,False,41.28,1606.28
2013-07-12,up,1,Tue,4,True,False,2.0,Wed,1.0,True,True,40.29,1631.89
2013-07-26,down,4,Fri,1,False,False,,,,False,False,39.46,1692.09
2013-08-02,up,3,Thu,2,False,False,,,,False,False,38.27,1691.65
2013-08-09,down,1,Tue,4,True,False,2.0,Wed,1.0,False,False,37.52,1709.67
2013-08-16,down,3,Thu,2,True,True,3.0,Thu,0.0,True,True,36.61,1691.42
2013-08-23,down,2,Wed,3,False,False,,,,False,False,37.15,1655.83
2013-08-30,down,1,Tue,4,True,True,1.0,Tue,0.0,True,False,36.32,1663.5
2013-09-06,up,1,Tue,4,True,False,2.0,Wed,1.0,True,False,36.72,1632.97
2013-09-13,up,0,Mon,5,True,False,1.0,Tue,1.0,True,False,36.38,1655.17
2013-09-20,up,0,Mon,5,True,False,2.0,Wed,2.0,True,True,36.26,1687.99
2013-09-27,down,1,Tue,4,True,False,4.0,Fri,3.0,False,False,36.66,1709.91
2013-10-04,down,0,Mon,5,False,False,,,,False,False,35.78,1691.75
2013-10-11,down,0,Mon,5,True,False,1.0,Tue,1.0,True,True,35.1,1690.5
2013-10-18,up,2,Wed,3,True,False,3.0,Thu,1.0,True,True,36.66,1703.2
2013-10-25,up,1,Tue,4,False,False,,,,False,False,37.84,1744.5
2013-11-01,up,2,Wed,3,False,False,,,,False,False,36.52,1759.77
2013-11-08,down,3,Thu,2,False,False,,,,False,False,35.52,1761.64
2013-11-15,up,3,Thu,2,True,False,4.0,Fri,1.0,True,False,35.01,1770.61
2013-11-22,down,1,Tue,4,False,False,,,,False,False,35.19,1798.18
2013-12-06,down,1,Tue,4,True,False,2.0,Wed,1.0,True,False,33.1,1805.81
2013-12-13,down,2,Wed,3,True,True,2.0,Wed,0.0,True,False,32.94,1805.09
2013-12-20,up,0,Mon,5,True,False,2.0,Wed,2.0,True,True,33.39,1775.32
2013-12-27,up,1,Tue,3,True,False,3.0,Thu,1.0,False,False,34.99,1818.32
2014-01-03,down,3,Thu,2,False,False,,,,False,False,34.39,1841.4
2014-01-17,down,0,Mon,5,True,True,0.0,Mon,0.0,True,False,32.48,1842.37
2014-01-24,down,3,Thu,2,True,False,4.0,Fri,1.0,True,True,32.69,1838.7
2014-01-31,down,0,Mon,5,False,False,,,,False,False,34.57,1790.29
2014-02-07,up,4,Fri,1,False,False,,,,False,False,34.12,1782.59
2014-02-07,down,0,Mon,5,True,True,0.0,Mon,0.0,True,True,34.12,1782.59
2014-02-14,up,1,Tue,4,True,True,1.0,Tue,0.0,True,True,35.98,1797.02
2014-02-28,up,0,Mon,5,True,True,0.0,Mon,0.0,True,False,35.96,1836.25
2014-03-07,up,1,Tue,4,True,False,3.0,Thu,2.0,False,False,35.66,1859.45
2014-03-07,down,0,Mon,5,True,True,0.0,Mon,0.0,False,False,35.66,1859.45
2014-03-14,down,1,Tue,4,True,False,2.0,Wed,1.0,True,True,36.62,1878.04
2014-03-21,up,0,Mon,5,True,False,1.0,Tue,1.0,True,True,37.06,1841.13
2014-03-28,down,0,Mon,5,True,False,3.0,Thu,3.0,False,False,37.47,1866.52
2014-04-04,up,0,Mon,5,True,False,1.0,Tue,1.0,True,True,37.21,1857.62
2014-04-11,down,0,Mon,5,True,True,0.0,Mon,0.0,True,True,37.39,1865.09
2014-04-18,up,0,Mon,4,True,False,1.0,Tue,1.0,True,True,38.87,1815.69
2014-04-25,up,1,Tue,4,False,False,,,,False,False,39.95,1864.85
2014-05-02,up,1,Tue,4,True,False,3.0,Thu,2.0,False,False,38.89,1863.4
2014-05-09,down,2,Wed,3,False,False,,,,False,False,39.02,1881.14
2014-05-16,up,0,Mon,5,True,False,1.0,Tue,1.0,False,False,38.33,1878.48
2014-05-16,down,3,Thu,2,False,False,,,,False,False,38.33,1878.48
2014-05-23,up,3,Thu,2,False,False,,,,False,False,38.43,1877.86
2014-05-30,up,3,Thu,2,False,False,,,,False,False,38.05,1900.53
2014-06-06,up,3,Thu,2,True,False,4.0,Fri,1.0,False,False,37.01,1923.57
2014-06-13,down,3,Thu,2,True,True,3.0,Thu,0.0,False,False,36.76,1949.44
2014-06-20,up,2,Wed,3,True,False,3.0,Thu,1.0,False,False,36.26,1936.16
2014-06-27,down,1,Tue,4,False,False,,,,False,False,36.03,1962.87
2014-07-04,up,1,Tue,3,True,False,3.0,Thu,2.0,False,False,35.13,1960.96
2014-07-11,down,1,Tue,4,True,True,1.0,Tue,0.0,True,False,34.58,1985.44
2014-07-18,up,1,Tue,4,False,False,,,,False,False,34.43,1967.57
2014-07-25,up,3,Thu,2,False,False,,,,False,False,34.0,1978.22
2014-08-01,down,2,Wed,3,True,False,3.0,Thu,1.0,True,True,33.4,1978.34
2014-08-08,up,0,Mon,5,False,False,,,,False,False,35.91,1925.15
2014-08-08,down,3,Thu,2,False,False,,,,False,False,35.91,1925.15
2014-08-15,up,2,Wed,3,True,False,3.0,Thu,1.0,True,False,36.07,1931.59
2014-08-22,up,0,Mon,5,True,False,1.0,Tue,1.0,True,True,36.04,1955.06
2014-08-29,up,1,Tue,4,False,False,,,,False,False,36.31,1988.4
2014-09-12,down,1,Tue,4,True,True,1.0,Tue,0.0,True,False,33.91,2007.71
2014-09-19,up,1,Tue,4,True,False,2.0,Wed,1.0,True,True,33.45,1985.54
2014-09-26,down,0,Mon,5,True,False,1.0,Tue,1.0,True,True,33.97,2010.4
2014-10-03,down,0,Mon,5,True,False,2.0,Wed,2.0,True,True,34.72,1982.85
2014-10-10,down,1,Tue,4,True,True,1.0,Tue,0.0,True,True,36.46,1967.9
2014-10-17,down,0,Mon,5,True,True,0.0,Mon,0.0,True,True,38.99,1906.13
2014-10-24,up,0,Mon,5,True,False,1.0,Tue,1.0,True,True,42.73,1886.76
2014-10-31,up,1,Tue,4,True,False,3.0,Thu,2.0,True,True,45.61,1964.58
2014-11-21,up,4,Fri,1,True,True,4.0,Fri,0.0,False,False,43.98,2039.82
2014-12-05,down,0,Mon,5,False,False,,,,False,False,41.25,2067.56
2014-12-12,down,0,Mon,5,True,False,1.0,Tue,1.0,True,True,40.44,2075.37
2014-12-19,up,0,Mon,5,True,False,3.0,Thu,3.0,True,True,42.8,2002.33
2014-12-19,down,0,Mon,5,True,False,1.0,Tue,1.0,False,False,42.8,2002.33
2014-12-26,up,4,Fri,1,False,False,,,,False,False,47.26,2070.65
2015-01-02,down,2,Wed,2,True,True,2.0,Wed,0.0,True,False,45.56,2088.77
2015-01-09,down,0,Mon,5,True,True,0.0,Mon,0.0,True,True,45.7,2058.19
2015-01-16,down,0,Mon,5,True,False,1.0,Tue,1.0,True,True,47.57,2044.81
2015-01-23,up,2,Wed,3,True,False,3.0,Thu,1.0,True,False,49.09,2019.42
2015-01-30,down,1,Tue,4,True,True,1.0,Tue,0.0,True,True,49.88,2051.82
2015-02-06,up,0,Mon,5,True,False,1.0,Tue,1.0,True,True,51.2,1994.99
2015-02-13,up,3,Thu,2,True,False,4.0,Fri,1.0,False,False,54.08,2055.46
2015-03-06,down,4,Fri,1,True,True,4.0,Fri,0.0,False,False,49.55,2104.5
2015-03-13,down,1,Tue,4,True,False,2.0,Wed,1.0,False,False,49.6,2071.26
2015-03-20,up,0,Mon,5,True,False,2.0,Wed,2.0,True,True,49.19,2053.4
2015-03-27,down,2,Wed,3,True,True,2.0,Wed,0.0,True,True,50.0,2108.1
2015-04-03,up,0,Mon,4,False,False,,,,False,False,51.38,2061.02
2015-04-10,up,0,Mon,5,True,False,4.0,Fri,4.0,False,False,50.61,2066.96
2015-04-17,down,4,Fri,1,False,False,,,,False,False,50.29,2102.06
2015-04-24,up,0,Mon,5,True,False,3.0,Thu,3.0,True,False,49.52,2081.17
2015-05-01,down,1,Tue,4,True,False,3.0,Thu,2.0,True,False,48.82,2117.69
2015-05-08,down,1,Tue,4,True,False,2.0,Wed,1.0,True,False,48.79,2108.29
2015-05-15,down,1,Tue,4,True,True,1.0,Tue,0.0,False,False,49.09,2116.1
2015-05-29,down,1,Tue,4,False,False,,,,False,False,45.92,2126.06
2015-06-05,down,4,Fri,1,False,False,,,,False,False,44.57,2107.39
2015-06-12,up,3,Thu,2,False,False,,,,False,False,43.97,2092.83
2015-06-12,down,1,Tue,4,False,False,,,,False,False,43.97,2092.83
2015-06-19,up,3,Thu,2,True,True,3.0,Thu,0.0,False,False,43.9,2094.11
2015-06-19,down,0,Mon,5,False,False,,,,False,False,43.9,2094.11
2015-06-26,up,0,Mon,5,False,False,,,,False,False,44.63,2109.98
2015-07-03,down,0,Mon,4,True,True,0.0,Mon,0.0,True,True,43.91,2101.48
2015-07-10,down,0,Mon,5,True,False,1.0,Tue,1.0,False,False,44.0,2076.78
2015-07-17,up,0,Mon,5,True,False,1.0,Tue,1.0,True,True,43.69,2076.62
2015-07-24,down,3,Thu,2,True,True,3.0,Thu,0.0,True,True,44.3,2126.64
2015-07-31,up,2,Wed,3,True,True,2.0,Wed,0.0,False,False,45.12,2079.65
2015-08-07,down,3,Thu,2,True,True,3.0,Thu,0.0,True,False,45.52,2103.84
2015-08-14,up,0,Mon,5,False,False,,,,False,False,45.46,2077.57
2015-08-14,down,2,Wed,3,False,False,,,,False,False,45.46,2077.57
2015-08-21,down,2,Wed,3,True,False,3.0,Thu,1.0,True,True,46.02,2091.54
2015-08-28,up,4,Fri,1,False,False,,,,False,False,52.2,1970.89
2015-08-28,down,0,Mon,5,True,True,0.0,Mon,0.0,True,True,52.2,1970.89
2015-09-04,down,0,Mon,5,True,False,1.0,Tue,1.0,True,True,57.51,1988.87
2015-09-11,up,1,Tue,4,True,True,1.0,Tue,0.0,True,True,59.53,1921.22
2015-09-18,up,2,Wed,3,True,False,3.0,Thu,1.0,True,False,60.09,1961.05
2015-09-25,down,1,Tue,4,True,False,3.0,Thu,2.0,True,False,60.98,1958.03
2015-10-02,down,0,Mon,5,True,True,0.0,Mon,0.0,True,False,61.68,1931.34
2015-10-09,up,0,Mon,5,True,False,1.0,Tue,1.0,True,True,62.95,1951.36
2015-10-23,up,4,Fri,1,True,True,4.0,Fri,0.0,False,False,61.9,2033.11
2015-11-06,up,0,Mon,5,True,False,1.0,Tue,1.0,False,False,60.05,2079.36
2015-11-13,down,0,Mon,5,True,False,3.0,Thu,3.0,True,True,58.41,2099.19
2015-11-20,up,0,Mon,5,True,False,1.0,Tue,1.0,True,True,59.75,2023.04
2015-12-04,down,3,Thu,2,True,True,3.0,Thu,0.0,True,False,58.48,2090.11
2015-12-11,down,0,Mon,5,True,False,1.0,Tue,1.0,True,True,58.73,2091.69
2015-12-18,up,1,Tue,4,True,True,1.0,Tue,0.0,True,True,60.45,2012.37
2015-12-25,up,1,Tue,3,True,False,2.0,Wed,1.0,True,False,62.1,2005.55
2016-01-08,down,0,Mon,5,True,True,0.0,Mon,0.0,True,True,60.35,2043.94
2016-01-15,up,1,Tue,4,False,False,,,,False,False,65.0,1922.03
2016-01-15,down,2,Wed,3,True,False,3.0,Thu,1.0,True,False,65.0,1922.03
2016-01-22,up,4,Fri,1,False,False,,,,False,False,66.97,1880.33
2016-01-22,down,2,Wed,3,True,True,2.0,Wed,0.0,True,True,66.97,1880.33
2016-01-29,up,4,Fri,1,False,False,,,,False,False,69.08,1906.9
2016-01-29,down,0,Mon,5,False,False,,,,False,False,69.08,1906.9
2016-02-05,down,1,Tue,4,True,True,1.0,Tue,0.0,True,False,68.97,1940.24
2016-02-12,down,0,Mon,5,True,True,0.0,Mon,0.0,True,True,69.4,1880.05
2016-02-19,up,1,Tue,4,True,False,2.0,Wed,1.0,True,False,69.55,1864.78
2016-02-26,up,0,Mon,5,True,False,4.0,Fri,4.0,False,False,69.29,1917.78
2016-02-26,down,2,Wed,3,False,False,,,,False,False,69.29,1917.78
2016-03-04,up,1,Tue,4,True,False,3.0,Thu,2.0,True,False,69.48,1948.05
2016-03-11,down,3,Thu,2,False,False,,,,False,False,70.04,1999.99
2016-03-18,up,4,Fri,1,False,False,,,,False,False,68.83,2022.19
2016-03-25,down,3,Thu,1,False,False,,,,False,False,67.28,2049.58
2016-04-01,up,2,Wed,3,False,False,,,,False,False,64.91,2035.94
2016-04-08,down,1,Tue,4,False,False,,,,False,False,63.62,2072.78
2016-04-15,up,2,Wed,3,True,False,3.0,Thu,1.0,False,False,61.94,2047.6
2016-04-22,up,1,Tue,4,False,False,,,,False,False,60.96,2080.73
2016-04-29,down,4,Fri,1,True,True,4.0,Fri,0.0,False,False,59.27,2091.58
2016-05-06,down,4,Fri,1,False,False,,,,False,False,58.44,2065.3
2016-05-13,up,1,Tue,4,False,False,,,,False,False,57.41,2057.14
2016-05-20,up,0,Mon,5,False,False,,,,False,False,56.29,2046.61
2016-05-27,up,1,Tue,4,True,False,2.0,Wed,1.0,True,False,55.55,2052.32
2016-06-10,up,2,Wed,3,False,False,,,,False,False,52.77,2099.13
2016-06-17,down,1,Tue,4,True,True,1.0,Tue,0.0,True,False,51.19,2096.07
2016-06-24,up,0,Mon,5,True,False,3.0,Thu,3.0,True,False,50.94,2071.21
2016-06-24,down,4,Fri,1,True,True,4.0,Fri,0.0,False,False,50.94,2071.21
2016-07-01,up,2,Wed,3,True,True,2.0,Wed,0.0,True,True,53.07,2037.41
2016-07-01,down,0,Mon,5,True,True,0.0,Mon,0.0,True,False,53.07,2037.41
2016-07-08,up,4,Fri,1,False,False,,,,False,False,57.64,2102.94
2016-07-08,down,1,Tue,4,False,False,,,,False,False,57.64,2102.94
2016-07-15,up,1,Tue,4,True,False,3.0,Thu,2.0,False,False,57.64,2129.9
2016-08-05,down,1,Tue,4,False,False,,,,False,False,50.95,2173.6
2016-08-26,down,4,Fri,1,False,False,,,,False,False,45.87,2183.87
2016-09-09,down,4,Fri,1,True,True,4.0,Fri,0.0,True,True,43.73,2179.98
2016-09-16,up,0,Mon,5,True,True,0.0,Mon,0.0,True,False,44.89,2127.81
2016-09-23,up,2,Wed,3,True,False,3.0,Thu,1.0,True,False,44.84,2139.16
2016-09-30,down,0,Mon,5,False,False,,,,False,False,44.79,2164.69
2016-10-07,down,1,Tue,4,False,False,,,,False,False,44.0,2168.27
2016-10-14,down,1,Tue,4,True,False,3.0,Thu,2.0,True,False,42.59,2153.74
2016-10-28,down,4,Fri,1,False,False,,,,False,False,42.08,2141.16
2016-11-04,down,1,Tue,4,True,True,1.0,Tue,0.0,True,True,41.6,2126.41
2016-11-11,up,0,Mon,5,True,True,0.0,Mon,0.0,True,True,42.16,2085.18
2016-11-18,up,3,Thu,2,False,False,,,,False,False,46.09,2164.45
2016-11-25,up,1,Tue,3,True,False,4.0,Fri,2.0,False,False,45.21,2181.9
2016-12-02,down,3,Thu,2,False,False,,,,False,False,44.23,2213.35
2016-12-09,up,0,Mon,5,True,False,2.0,Wed,2.0,True,True,42.97,2191.95
2016-12-16,up,1,Tue,4,False,False,,,,False,False,44.75,2259.53
2016-12-30,down,3,Thu,2,True,False,4.0,Fri,1.0,False,False,41.69,2263.79
2017-01-06,up,1,Tue,4,True,False,2.0,Wed,1.0,True,True,41.59,2238.83
2017-01-13,down,2,Wed,3,False,False,,,,False,False,41.71,2276.98
2017-01-20,down,3,Thu,2,False,False,,,,False,False,40.51,2274.64
2017-01-27,up,2,Wed,3,True,True,2.0,Wed,0.0,False,False,38.95,2271.31
2017-02-03,down,0,Mon,5,True,True,0.0,Mon,0.0,False,False,39.3,2294.69
2017-02-10,up,4,Fri,1,False,False,,,,False,False,38.72,2297.42
2017-02-17,up,0,Mon,5,True,False,2.0,Wed,2.0,True,False,38.37,2316.1
2017-02-24,up,1,Tue,4,False,False,,,,False,False,38.14,2351.16
2017-03-03,up,2,Wed,3,True,True,2.0,Wed,0.0,True,False,36.64,2367.34
2017-03-10,down,0,Mon,5,True,False,3.0,Thu,3.0,False,False,37.03,2383.12
2017-03-17,up,2,Wed,3,False,False,,,,False,False,36.42,2372.6
2017-03-17,down,1,Tue,4,False,False,,,,False,False,36.42,2372.6
2017-03-24,down,1,Tue,4,True,True,1.0,Tue,0.0,True,True,36.09,2378.25
2017-03-31,up,1,Tue,4,True,False,3.0,Thu,2.0,False,False,36.82,2343.98
2017-03-31,down,0,Mon,5,False,False,,,,False,False,36.82,2343.98
2017-04-07,up,2,Wed,3,False,False,,,,False,False,37.63,2362.72
2017-04-07,down,0,Mon,5,False,False,,,,False,False,37.63,2362.72
2017-04-14,down,1,Tue,3,True,False,3.0,Thu,2.0,False,False,37.34,2355.54
2017-04-21,up,0,Mon,5,True,False,2.0,Wed,2.0,True,False,37.35,2328.95
2017-04-28,up,0,Mon,5,True,True,0.0,Mon,0.0,True,True,36.99,2348.69
2017-05-05,up,4,Fri,1,False,False,,,,False,False,37.89,2384.2
2017-05-12,down,3,Thu,2,False,False,,,,False,False,36.58,2399.29
2017-05-19,up,1,Tue,4,False,False,,,,False,False,35.54,2390.9
2017-05-19,down,2,Wed,3,True,True,2.0,Wed,0.0,True,True,35.54,2390.9
2017-05-26,up,1,Tue,4,True,False,2.0,Wed,1.0,True,True,36.79,2381.73
2017-06-02,up,3,Thu,2,True,False,4.0,Fri,1.0,False,False,36.81,2415.82
2017-06-09,down,2,Wed,3,True,False,4.0,Fri,2.0,False,False,36.8,2439.07
2017-06-23,up,0,Mon,5,False,False,,,,False,False,35.55,2433.15
2017-06-30,down,1,Tue,4,True,False,3.0,Thu,2.0,True,False,34.66,2438.3
2017-07-07,up,0,Mon,4,False,False,,,,False,False,35.38,2423.41
2017-07-07,down,3,Thu,2,False,False,,,,False,False,35.38,2423.41
2017-07-14,up,2,Wed,3,True,False,3.0,Thu,1.0,True,True,35.1,2425.18
2017-07-21,up,2,Wed,3,False,False,,,,False,False,36.22,2459.27
2017-08-11,up,1,Tue,4,False,False,,,,False,False,33.27,2476.83
2017-08-11,down,2,Wed,3,True,False,3.0,Thu,1.0,True,True,33.27,2476.83
2017-08-18,up,0,Mon,5,True,True,0.0,Mon,0.0,True,False,34.69,2441.32
2017-08-18,down,4,Fri,1,False,False,,,,False,False,34.69,2441.32
2017-08-25,up,1,Tue,4,True,True,1.0,Tue,0.0,True,False,36.08,2425.55
2017-09-01,up,2,Wed,3,True,False,3.0,Thu,1.0,True,True,36.18,2443.05
2017-09-01,down,1,Tue,4,False,False,,,,False,False,36.18,2443.05
2017-09-08,down,1,Tue,4,True,True,1.0,Tue,0.0,True,False,37.32,2476.55
2017-09-15,up,0,Mon,5,True,True,0.0,Mon,0.0,True,True,36.8,2461.43
2017-09-29,up,4,Fri,1,False,False,,,,False,False,35.18,2502.22
2017-09-29,down,0,Mon,5,False,False,,,,False,False,35.18,2502.22
2017-10-06,up,1,Tue,4,True,False,3.0,Thu,2.0,True,False,34.91,2519.36
2017-10-20,up,4,Fri,1,True,True,4.0,Fri,0.0,False,False,33.45,2553.17
2017-10-27,down,2,Wed,3,True,True,2.0,Wed,0.0,True,False,33.03,2575.21
2017-11-03,down,0,Mon,5,False,False,,,,False,False,33.45,2581.07
2017-11-10,down,3,Thu,2,True,True,3.0,Thu,0.0,False,False,32.65,2587.84
2017-11-17,down,1,Tue,4,True,False,2.0,Wed,1.0,False,False,32.51,2582.3
2017-11-24,up,1,Tue,3,True,True,1.0,Tue,0.0,False,False,32.52,2578.85
2017-12-01,up,1,Tue,4,True,True,1.0,Tue,0.0,True,True,32.05,2602.42
2017-12-08,up,0,Mon,5,True,True,0.0,Mon,0.0,False,False,33.97,2642.22
2017-12-08,down,1,Tue,4,False,False,,,,False,False,33.97,2642.22
2017-12-15,up,1,Tue,4,True,False,4.0,Fri,3.0,True,False,34.43,2651.5
2017-12-22,up,0,Mon,5,False,False,,,,False,False,33.98,2675.81
2018-01-05,up,1,Tue,4,True,True,1.0,Tue,0.0,True,True,31.89,2673.61
2018-01-12,up,1,Tue,4,True,False,3.0,Thu,2.0,True,True,34.6,2743.15
2018-01-19,up,1,Tue,4,True,False,4.0,Fri,3.0,False,False,35.83,2786.24
2018-01-19,down,1,Tue,4,False,False,,,,False,False,35.83,2786.24
2018-01-26,up,0,Mon,5,True,True,0.0,Mon,0.0,True,True,36.25,2810.3
2018-02-02,down,0,Mon,5,True,False,1.0,Tue,1.0,True,True,38.29,2872.87
2018-02-09,down,0,Mon,5,True,True,0.0,Mon,0.0,True,True,43.62,2762.13
2018-02-16,up,0,Mon,5,True,True,0.0,Mon,0.0,True,True,56.98,2619.55
2018-02-23,down,1,Tue,4,False,False,,,,False,False,62.54,2732.22
2018-03-02,up,0,Mon,5,True,False,1.0,Tue,1.0,False,False,61.65,2747.3
2018-03-02,down,2,Wed,3,True,False,3.0,Thu,1.0,True,True,61.65,2747.3
2018-03-09,up,0,Mon,5,True,False,3.0,Thu,3.0,True,True,67.37,2691.25
2018-03-16,down,1,Tue,4,True,False,3.0,Thu,2.0,False,False,70.48,2786.57
2018-03-23,down,0,Mon,5,True,True,0.0,Mon,0.0,True,True,69.76,2752.01
2018-03-30,up,0,Mon,4,True,True,0.0,Mon,0.0,True,True,76.64,2588.26
2018-04-06,up,3,Thu,2,False,False,,,,False,False,77.35,2640.87
2018-04-06,down,0,Mon,5,True,True,0.0,Mon,0.0,True,True,77.35,2640.87
2018-04-13,up,0,Mon,5,True,False,1.0,Tue,1.0,True,False,80.27,2604.47
2018-04-20,up,1,Tue,4,True,True,1.0,Tue,0.0,False,False,79.95,2656.3
2018-04-27,down,1,Tue,4,True,True,1.0,Tue,0.0,False,False,78.61,2670.14
2018-05-04,down,1,Tue,4,True,False,3.0,Thu,2.0,True,False,78.06,2669.91
2018-05-11,up,2,Wed,3,True,False,3.0,Thu,1.0,True,False,78.79,2663.42
2018-05-25,up,1,Tue,4,False,False,,,,False,False,75.96,2712.97
2018-06-01,down,1,Tue,4,False,False,,,,False,False,73.02,2721.33
2018-06-08,up,2,Wed,3,True,False,3.0,Thu,1.0,False,False,72.1,2734.62
2018-06-22,down,1,Tue,4,False,False,,,,False,False,67.3,2779.66
2018-06-29,down,0,Mon,5,True,True,0.0,Mon,0.0,True,False,65.09,2754.88
2018-07-06,up,4,Fri,1,True,True,4.0,Fri,0.0,False,False,64.94,2718.37
2018-07-13,up,0,Mon,5,True,False,4.0,Fri,4.0,False,False,64.97,2759.82
2018-07-27,up,1,Tue,4,True,False,2.0,Wed,1.0,False,False,60.95,2801.83
2018-08-10,up,1,Tue,4,False,False,,,,False,False,59.21,2840.35
2018-08-17,up,4,Fri,1,False,False,,,,False,False,57.67,2833.28
2018-08-17,down,2,Wed,3,False,False,,,,False,False,57.67,2833.28
2018-08-24,up,1,Tue,4,False,False,,,,False,False,57.35,2850.13
2018-08-31,up,0,Mon,5,True,False,2.0,Wed,2.0,False,False,55.11,2874.69
2018-09-07,down,2,Wed,3,True,False,3.0,Thu,1.0,False,False,54.16,2901.52
2018-09-14,up,1,Tue,4,True,False,3.0,Thu,2.0,False,False,52.96,2871.68
2018-09-21,up,3,Thu,2,True,False,4.0,Fri,1.0,False,False,52.14,2904.98
2018-09-28,down,2,Wed,3,False,False,,,,False,False,52.33,2929.67
2018-10-05,up,0,Mon,5,False,False,,,,False,False,50.58,2913.98
2018-10-05,down,3,Thu,2,True,False,4.0,Fri,1.0,True,False,50.58,2913.98
2018-10-12,down,0,Mon,5,True,False,2.0,Wed,2.0,True,True,52.01,2885.57
2018-10-19,up,1,Tue,4,True,True,1.0,Tue,0.0,True,False,61.46,2767.13
2018-10-26,down,1,Tue,4,True,True,1.0,Tue,0.0,True,True,61.92,2767.78
2018-11-02,up,0,Mon,5,True,True,0.0,Mon,0.0,True,True,68.27,2658.69
2018-11-02,down,0,Mon,5,True,True,0.0,Mon,0.0,True,False,68.27,2658.69
2018-11-09,up,1,Tue,4,True,False,2.0,Wed,1.0,True,True,74.32,2723.06
2018-11-16,down,0,Mon,5,True,True,0.0,Mon,0.0,True,True,75.96,2781.01
2018-11-23,down,0,Mon,4,True,True,0.0,Mon,0.0,True,True,78.41,2736.27
2018-11-30,up,0,Mon,5,True,False,1.0,Tue,1.0,True,True,80.32,2632.56
2018-12-07,up,0,Mon,4,False,False,,,,False,False,83.75,2760.17
2018-12-07,down,1,Tue,3,True,True,1.0,Tue,0.0,True,True,83.75,2760.17
2018-12-14,up,1,Tue,4,False,False,,,,False,False,90.53,2633.08
2018-12-14,down,0,Mon,5,False,False,,,,False,False,90.53,2633.08
2018-12-21,down,0,Mon,5,True,True,0.0,Mon,0.0,True,True,91.36,2599.95
2018-12-28,up,2,Wed,3,True,False,3.0,Thu,1.0,True,True,98.59,2416.62
2018-12-28,down,0,Mon,4,True,True,0.0,Mon,0.0,False,False,98.59,2416.62
2019-01-04,up,4,Fri,1,False,False,,,,False,False,103.96,2485.74
2019-01-04,down,3,Thu,2,False,False,,,,False,False,103.96,2485.74
2019-01-11,up,1,Tue,4,True,False,3.0,Thu,2.0,False,False,103.25,2531.94
2019-01-18,up,3,Thu,2,True,False,4.0,Fri,1.0,False,False,101.11,2596.26
2019-01-25,down,1,Tue,4,False,False,,,,False,False,101.39,2670.71
2019-02-01,up,3,Thu,2,False,False,,,,False,False,98.4,2664.76
2019-02-01,down,0,Mon,5,False,False,,,,False,False,98.4,2664.76
2019-02-15,up,1,Tue,4,True,False,4.0,Fri,3.0,False,False,95.07,2707.88
2019-03-08,down,0,Mon,5,True,False,3.0,Thu,3.0,True,False,85.25,2803.69
2019-03-15,up,0,Mon,5,True,False,1.0,Tue,1.0,True,True,85.92,2743.07
2019-03-22,up,3,Thu,2,False,False,,,,False,False,86.04,2822.48
2019-03-29,up,4,Fri,1,False,False,,,,False,False,84.17,2800.71
2019-04-05,up,0,Mon,5,True,False,2.0,Wed,2.0,False,False,81.8,2834.4
2019-04-26,up,1,Tue,4,False,False,,,,False,False,73.45,2905.03
2019-05-03,down,3,Thu,2,False,False,,,,False,False,71.32,2939.88
2019-05-10,down,0,Mon,5,True,True,0.0,Mon,0.0,True,True,70.05,2945.64
2019-05-17,down,0,Mon,5,True,True,0.0,Mon,0.0,True,True,73.64,2881.4
2019-05-24,down,3,Thu,2,True,True,3.0,Thu,0.0,False,False,74.86,2859.53
2019-05-31,down,2,Wed,3,True,True,2.0,Wed,0.0,True,True,74.04,2826.06
2019-06-07,up,1,Tue,4,True,True,1.0,Tue,0.0,True,True,75.18,2752.06
2019-06-14,up,0,Mon,5,False,False,,,,False,False,80.96,2873.34
2019-06-21,up,1,Tue,4,True,False,3.0,Thu,2.0,True,False,77.84,2886.98
2019-06-28,down,1,Tue,4,False,False,,,,False,False,77.79,2950.46
2019-07-05,up,0,Mon,4,True,False,2.0,Wed,2.0,False,False,75.23,2941.76
2019-07-19,down,2,Wed,3,False,False,,,,False,False,72.06,3013.77
2019-07-26,up,1,Tue,4,True,False,4.0,Fri,3.0,False,False,70.11,2976.61
2019-08-02,down,2,Wed,3,True,True,2.0,Wed,0.0,True,True,68.77,3025.86
2019-08-09,down,0,Mon,5,True,True,0.0,Mon,0.0,True,True,71.84,2932.05
2019-08-16,down,0,Mon,5,True,False,2.0,Wed,2.0,True,True,75.04,2918.65
2019-08-23,up,0,Mon,5,True,False,3.0,Thu,3.0,False,False,78.09,2888.68
2019-08-23,down,4,Fri,1,True,True,4.0,Fri,0.0,False,False,78.09,2888.68
2019-08-30,up,0,Mon,5,True,False,1.0,Tue,1.0,True,True,79.95,2847.11
2019-09-06,up,3,Thu,2,True,True,3.0,Thu,0.0,False,False,80.9,2926.46
2019-09-06,down,1,Tue,4,False,False,,,,False,False,80.9,2926.46
2019-09-13,up,3,Thu,2,False,False,,,,False,False,81.84,2978.71
2019-09-27,down,1,Tue,4,False,False,,,,False,False,77.89,2992.07
2019-10-04,up,1,Tue,4,False,False,,,,False,False,76.79,2961.79
2019-10-04,down,2,Wed,3,True,True,2.0,Wed,0.0,True,True,76.79,2961.79
2019-10-11,up,4,Fri,1,False,False,,,,False,False,81.06,2952.01
2019-10-11,down,1,Tue,4,True,True,1.0,Tue,0.0,False,False,81.06,2952.01
2019-10-18,up,1,Tue,4,False,False,,,,False,False,82.46,2970.27
2019-10-25,up,4,Fri,1,False,False,,,,False,False,79.81,2986.2
2019-11-01,up,4,Fri,1,False,False,,,,False,False,77.05,3022.55
2019-11-08,up,3,Thu,2,False,False,,,,False,False,74.72,3066.91
2019-11-15,up,4,Fri,1,False,False,,,,False,False,71.66,3093.08
2019-11-22,down,2,Wed,3,False,False,,,,False,False,69.73,3120.46
2019-11-29,up,1,Tue,3,True,False,2.0,Wed,1.0,False,False,67.34,3110.29
2019-12-06,down,0,Mon,5,True,False,1.0,Tue,1.0,True,True,65.67,3140.98
2019-12-13,up,3,Thu,2,False,False,,,,False,False,66.71,3145.91
2019-12-20,up,0,Mon,5,True,False,4.0,Fri,4.0,True,False,65.99,3168.8
2019-12-27,up,4,Fri,1,False,False,,,,False,False,65.33,3221.22
2020-01-03,down,1,Tue,3,False,False,,,,False,False,62.63,3240.02
2020-01-10,up,2,Wed,3,True,False,3.0,Thu,1.0,False,False,61.45,3234.85
2020-01-17,up,1,Tue,4,True,False,3.0,Thu,2.0,True,True,61.94,3265.35
2020-01-24,down,3,Thu,2,True,False,4.0,Fri,1.0,False,False,62.12,3329.62
2020-01-31,down,0,Mon,5,True,True,0.0,Mon,0.0,True,True,61.7,3295.47
2020-02-07,up,0,Mon,5,True,True,0.0,Mon,0.0,True,True,63.07,3225.52
2020-02-14,up,1,Tue,4,True,True,1.0,Tue,0.0,True,False,67.31,3327.71
2020-02-21,down,3,Thu,2,True,False,4.0,Fri,1.0,False,False,67.31,3380.16
2020-02-28,down,0,Mon,5,True,True,0.0,Mon,0.0,True,True,67.15,3337.75
2020-03-06,up,0,Mon,5,True,True,0.0,Mon,0.0,True,True,96.78,2954.22
2020-03-06,down,4,Fri,1,False,False,,,,False,False,96.78,2954.22
2020-03-13,down,0,Mon,5,True,True,0.0,Mon,0.0,True,True,106.66,2972.37
2020-03-20,down,0,Mon,5,True,True,0.0,Mon,0.0,True,True,134.29,2711.02
2020-03-27,up,1,Tue,4,True,True,1.0,Tue,0.0,True,True,155.45,2304.92
2020-03-27,down,0,Mon,5,True,True,0.0,Mon,0.0,False,False,155.45,2304.92
2020-04-03,up,0,Mon,5,False,False,,,,False,False,176.14,2541.47
2020-04-03,down,2,Wed,3,False,False,,,,False,False,176.14,2541.47
2020-04-10,up,0,Mon,4,True,True,0.0,Mon,0.0,True,True,177.41,2488.65
2020-04-17,up,4,Fri,1,False,False,,,,False,False,188.31,2789.82
2020-04-24,down,1,Tue,4,True,True,1.0,Tue,0.0,True,False,186.14,2874.56
2020-05-01,up,1,Tue,4,True,False,2.0,Wed,1.0,False,False,183.38,2836.74
2020-05-08,up,3,Thu,2,False,False,,,,False,False,179.8,2830.71
2020-05-15,down,2,Wed,3,True,True,2.0,Wed,0.0,True,False,176.55,2929.8
2020-05-22,up,0,Mon,5,True,False,2.0,Wed,2.0,False,False,176.74,2863.7
2020-05-29,up,1,Tue,4,True,False,3.0,Thu,2.0,False,False,172.44,2955.45
2020-06-05,up,2,Wed,3,True,False,4.0,Fri,2.0,True,False,168.21,3044.31
2020-06-12,down,3,Thu,2,True,True,3.0,Thu,0.0,True,True,169.07,3193.93
2020-06-19,up,1,Tue,4,True,True,1.0,Tue,0.0,False,False,174.75,3041.31
2020-06-19,down,0,Mon,5,False,False,,,,False,False,174.75,3041.31
2020-06-26,down,3,Thu,2,False,False,,,,False,False,175.83,3097.74
2020-07-03,up,1,Tue,3,True,False,2.0,Wed,1.0,True,False,174.01,3009.05
2020-08-07,up,2,Wed,3,False,False,,,,False,False,149.99,3271.12
2020-08-28,up,2,Wed,3,True,True,2.0,Wed,0.0,True,False,132.41,3397.16
2020-09-04,up,2,Wed,3,False,False,,,,False,False,130.96,3508.01
2020-09-04,down,3,Thu,2,True,False,4.0,Fri,1.0,True,True,130.96,3508.01
2020-09-11,down,1,Tue,4,True,True,1.0,Tue,0.0,True,False,138.64,3426.96
2020-09-18,up,0,Mon,5,True,False,2.0,Wed,2.0,False,False,137.06,3340.97
2020-09-25,down,0,Mon,5,True,True,0.0,Mon,0.0,True,False,137.02,3319.47
2020-10-02,up,0,Mon,5,True,False,2.0,Wed,2.0,False,False,135.37,3298.46
2020-10-09,up,0,Mon,5,True,False,1.0,Tue,1.0,True,True,132.75,3348.44
2020-10-16,up,0,Mon,5,False,False,,,,False,False,132.83,3477.13
2020-10-23,down,0,Mon,5,False,False,,,,False,False,131.13,3483.81
2020-10-30,down,0,Mon,5,True,True,0.0,Mon,0.0,True,True,127.98,3465.39
2020-11-06,up,0,Mon,5,True,False,1.0,Tue,1.0,True,True,135.37,3269.96
2020-11-13,up,0,Mon,5,True,True,0.0,Mon,0.0,True,False,144.21,3509.44
2020-11-27,up,1,Tue,3,True,False,4.0,Fri,2.0,False,False,139.45,3557.54
2020-12-04,up,4,Fri,1,False,False,,,,False,False,136.03,3638.35
2020-12-11,down,3,Thu,2,False,False,,,,False,False,133.8,3699.12
2020-12-18,up,3,Thu,2,False,False,,,,False,False,129.88,3663.46
2020-12-25,down,0,Mon,4,False,False,,,,False,False,126.38,3709.41
2021-01-01,up,1,Tue,3,False,False,,,,False,False,122.69,3703.06
2021-01-08,up,3,Thu,2,False,False,,,,False,False,118.01,3756.07
2021-01-08,down,0,Mon,5,True,True,0.0,Mon,0.0,True,False,118.01,3756.07
2021-01-15,down,1,Tue,4,True,False,4.0,Fri,3.0,False,False,121.29,3824.68
2021-01-22,up,2,Wed,3,True,True,2.0,Wed,0.0,True,False,117.99,3768.25
2021-01-29,down,2,Wed,3,True,True,2.0,Wed,0.0,True,True,116.22,3841.47
2021-02-05,up,0,Mon,5,True,False,1.0,Tue,1.0,True,True,120.55,3714.24
2021-02-12,up,4,Fri,1,False,False,,,,False,False,124.82,3886.83
2021-02-19,down,3,Thu,2,False,False,,,,False,False,119.64,3934.83
2021-02-26,down,1,Tue,4,True,True,1.0,Tue,0.0,True,True,115.76,3906.71
2021-03-05,up,0,Mon,5,True,True,0.0,Mon,0.0,True,False,117.43,3811.15
2021-03-05,down,3,Thu,2,True,True,3.0,Thu,0.0,False,False,117.43,3811.15
2021-03-12,up,1,Tue,4,True,False,3.0,Thu,2.0,True,False,122.7,3841.94
2021-03-19,down,4,Fri,1,False,False,,,,False,False,124.0,3943.34
2021-03-26,up,4,Fri,1,False,False,,,,False,False,122.08,3913.1
2021-03-26,down,3,Thu,2,False,False,,,,False,False,122.08,3913.1
2021-04-09,up,0,Mon,5,True,False,3.0,Thu,3.0,True,False,119.06,4019.87
2021-04-16,up,4,Fri,1,False,False,,,,False,False,118.39,4128.8
2021-04-23,down,1,Tue,4,False,False,,,,False,False,115.4,4185.47
2021-05-07,up,4,Fri,1,False,False,,,,False,False,107.66,4181.17
2021-05-07,down,1,Tue,4,False,False,,,,False,False,107.66,4181.17
2021-05-14,down,0,Mon,5,True,False,1.0,Tue,1.0,True,True,107.79,4232.6
2021-05-21,down,1,Tue,4,True,False,2.0,Wed,1.0,True,False,112.91,4173.85
2021-05-28,up,0,Mon,5,False,False,,,,False,False,113.94,4155.86
2021-06-18,down,2,Wed,3,True,False,4.0,Fri,2.0,True,False,102.42,4247.44
2021-06-25,up,0,Mon,5,True,False,1.0,Tue,1.0,True,True,101.73,4166.45
2021-07-02,up,3,Thu,2,True,False,4.0,Fri,1.0,False,False,103.01,4280.7
2021-07-09,down,3,Thu,2,True,True,3.0,Thu,0.0,False,False,101.42,4352.34
2021-07-16,down,4,Fri,1,False,False,,,,False,False,100.05,4369.55
2021-07-23,up,3,Thu,2,True,False,4.0,Fri,1.0,True,False,97.99,4327.16
2021-07-23,down,0,Mon,5,True,True,0.0,Mon,0.0,True,False,97.99,4327.16
2021-08-06,up,4,Fri,1,False,False,,,,False,False,100.67,4395.26
2021-08-20,down,1,Tue,4,True,False,2.0,Wed,1.0,True,True,94.42,4468.0
2021-08-27,up,0,Mon,5,True,False,2.0,Wed,2.0,False,False,95.71,4441.67
2021-09-03,up,3,Thu,2,False,False,,,,False,False,93.99,4509.37
2021-09-10,down,2,Wed,3,True,False,4.0,Fri,2.0,True,False,89.88,4535.43
2021-09-17,up,0,Mon,5,False,False,,,,False,False,89.02,4458.58
2021-09-24,down,0,Mon,5,True,True,0.0,Mon,0.0,True,True,87.32,4432.99
2021-10-01,down,1,Tue,4,True,True,1.0,Tue,0.0,True,True,92.47,4455.48
2021-10-08,up,3,Thu,2,True,True,3.0,Thu,0.0,False,False,97.92,4357.04
2021-10-08,down,0,Mon,5,True,True,0.0,Mon,0.0,True,False,97.92,4357.04
2021-10-15,up,3,Thu,2,True,False,4.0,Fri,1.0,True,False,101.72,4391.34
2021-10-15,down,1,Tue,4,False,False,,,,False,False,101.72,4391.34
2021-10-22,up,1,Tue,4,True,False,2.0,Wed,1.0,True,False,104.87,4471.37
2021-10-29,up,1,Tue,4,False,False,,,,False,False,105.4,4544.9
2021-11-05,up,2,Wed,3,True,False,3.0,Thu,1.0,True,True,102.92,4605.38
2021-11-12,down,2,Wed,3,True,True,2.0,Wed,0.0,False,False,104.39,4697.53
2021-11-26,up,0,Mon,4,False,False,,,,False,False,98.79,4697.96
2021-11-26,down,1,Tue,3,True,False,4.0,Fri,2.0,True,True,98.79,4697.96
2021-12-03,up,0,Mon,5,True,True,0.0,Mon,0.0,False,False,103.05,4594.62
2021-12-03,down,2,Wed,3,True,True,2.0,Wed,0.0,True,False,103.05,4594.62
2021-12-10,up,0,Mon,5,True,True,0.0,Mon,0.0,True,True,108.39,4538.43
2021-12-17,down,0,Mon,5,True,False,1.0,Tue,1.0,True,False,113.16,4712.02
2021-12-24,up,2,Wed,2,True,True,2.0,Wed,0.0,True,True,114.49,4620.64
2021-12-24,down,0,Mon,4,True,True,0.0,Mon,0.0,False,False,114.49,4620.64
2021-12-31,up,0,Mon,5,True,False,1.0,Tue,1.0,False,False,121.29,4725.79
2022-01-07,up,1,Tue,4,False,False,,,,False,False,118.56,4766.18
2022-01-07,down,2,Wed,3,True,False,3.0,Thu,1.0,True,False,118.56,4766.18
2022-01-14,up,2,Wed,3,False,False,,,,False,False,121.23,4677.03
2022-01-14,down,0,Mon,5,True,True,0.0,Mon,0.0,False,False,121.23,4677.03
2022-01-21,down,1,Tue,4,True,True,1.0,Tue,0.0,True,True,124.47,4662.85
2022-01-28,up,2,Wed,3,False,False,,,,False,False,134.68,4397.94
2022-01-28,down,0,Mon,5,True,True,0.0,Mon,0.0,True,True,134.68,4397.94
2022-02-04,up,0,Mon,5,True,False,1.0,Tue,1.0,True,True,141.54,4431.85
2022-02-11,up,2,Wed,3,True,True,2.0,Wed,0.0,False,False,144.38,4500.53
2022-02-11,down,4,Fri,1,True,True,4.0,Fri,0.0,False,False,144.38,4500.53
2022-02-18,up,2,Wed,3,False,False,,,,False,False,147.54,4418.64
2022-02-18,down,4,Fri,1,True,True,4.0,Fri,0.0,False,False,147.54,4418.64
2022-02-25,down,1,Tue,4,True,False,2.0,Wed,1.0,True,True,148.59,4348.87
2022-03-04,down,0,Mon,5,True,False,1.0,Tue,1.0,False,False,157.31,4384.65
2022-03-11,down,0,Mon,5,True,True,0.0,Mon,0.0,True,True,155.88,4328.87
2022-03-18,up,1,Tue,4,True,False,2.0,Wed,1.0,True,True,156.96,4204.31
2022-03-25,up,4,Fri,1,False,False,,,,False,False,167.44,4463.12
2022-04-01,up,1,Tue,4,False,False,,,,False,False,164.18,4543.06
2022-04-08,down,2,Wed,3,False,False,,,,False,False,161.71,4545.86
2022-04-15,down,0,Mon,4,True,False,1.0,Tue,1.0,False,False,160.41,4488.28
2022-04-22,up,1,Tue,4,True,False,3.0,Thu,2.0,False,False,156.59,4392.59
2022-04-22,down,4,Fri,1,True,True,4.0,Fri,0.0,True,False,156.59,4392.59
2022-04-29,down,0,Mon,5,True,False,2.0,Wed,2.0,True,False,162.93,4271.78
2022-05-06,up,1,Tue,4,True,False,2.0,Wed,1.0,True,True,164.44,4131.93
2022-05-06,down,0,Mon,5,False,False,,,,False,False,164.44,4131.93
2022-05-13,down,0,Mon,5,True,True,0.0,Mon,0.0,True,True,170.21,4123.34
2022-05-20,down,2,Wed,3,True,True,2.0,Wed,0.0,True,True,176.94,4023.89
2022-05-27,up,0,Mon,5,True,False,3.0,Thu,3.0,True,True,184.33,3901.36
2022-06-03,down,2,Wed,3,False,False,,,,False,False,191.4,4158.24
2022-06-10,down,3,Thu,2,True,False,4.0,Fri,1.0,True,True,185.09,4108.54
2022-06-17,down,0,Mon,5,True,True,0.0,Mon,0.0,True,True,191.06,3900.86
2022-06-24,up,1,Tue,4,True,False,2.0,Wed,1.0,True,True,196.27,3674.84
2022-07-01,down,1,Tue,4,True,False,3.0,Thu,2.0,True,False,199.31,3911.74
2022-07-08,up,3,Thu,2,False,False,,,,False,False,199.87,3825.33
2022-07-08,down,1,Tue,4,False,False,,,,False,False,199.87,3825.33
2022-07-15,down,1,Tue,4,True,False,2.0,Wed,1.0,True,False,198.2,3899.38
2022-07-22,up,1,Tue,4,True,False,3.0,Thu,2.0,False,False,196.74,3863.16
2022-07-29,up,2,Wed,3,True,False,4.0,Fri,2.0,True,False,196.53,3961.63
2022-08-12,up,3,Thu,2,True,False,4.0,Fri,1.0,False,False,190.95,4145.19
2022-08-26,down,0,Mon,5,True,False,4.0,Fri,4.0,True,False,183.43,4228.48
2022-09-02,down,1,Tue,4,True,False,3.0,Thu,2.0,True,False,182.53,4057.66
2022-09-09,up,3,Thu,2,True,False,4.0,Fri,1.0,True,False,180.87,3924.26
2022-09-16,down,1,Tue,4,True,True,1.0,Tue,0.0,True,True,181.53,4067.36
2022-09-23,down,2,Wed,3,True,False,3.0,Thu,1.0,True,True,188.72,3873.33
2022-09-30,down,3,Thu,2,False,False,,,,False,False,193.78,3693.23
2022-10-07,up,0,Mon,5,True,False,1.0,Tue,1.0,True,True,190.84,3585.62
2022-10-14,down,3,Thu,2,True,True,3.0,Thu,0.0,False,False,193.01,3639.66
2022-10-21,up,0,Mon,5,True,False,1.0,Tue,1.0,True,False,194.97,3583.07
2022-10-28,up,1,Tue,4,True,False,2.0,Wed,1.0,True,False,193.88,3752.75
2022-11-04,down,2,Wed,3,True,True,2.0,Wed,0.0,True,True,191.73,3901.06
2022-11-11,up,1,Tue,4,True,False,3.0,Thu,2.0,True,True,193.3,3770.55
2022-11-18,down,3,Thu,2,False,False,,,,False,False,197.87,3992.93
2022-12-02,up,3,Thu,2,False,False,,,,False,False,185.91,4026.12
2022-12-02,down,1,Tue,4,False,False,,,,False,False,185.91,4026.12
2022-12-09,down,0,Mon,5,True,False,1.0,Tue,1.0,True,False,184.27,4071.7
2022-12-16,up,1,Tue,4,True,True,1.0,Tue,0.0,True,False,182.05,3934.38
2022-12-16,down,4,Fri,1,False,False,,,,False,False,182.05,3934.38
2022-12-23,down,3,Thu,2,False,False,,,,False,False,188.55,3852.36
2023-01-13,up,2,Wed,3,True,False,4.0,Fri,2.0,False,False,171.81,3895.08
2023-01-20,down,2,Wed,3,True,False,3.0,Thu,1.0,False,False,168.58,3999.09
2023-01-27,up,0,Mon,5,True,False,4.0,Fri,4.0,False,False,165.82,3972.61
2023-02-03,up,2,Wed,3,True,False,3.0,Thu,1.0,False,False,164.34,4070.56
2023-02-10,down,3,Thu,2,False,False,,,,False,False,165.45,4136.48
2023-02-17,up,1,Tue,4,False,False,,,,False,False,161.9,4090.46
2023-02-24,down,1,Tue,4,True,False,2.0,Wed,1.0,True,False,158.32,4079.09
2023-03-03,up,4,Fri,1,False,False,,,,False,False,156.73,3970.04
2023-03-10,down,1,Tue,4,True,False,3.0,Thu,2.0,True,True,154.12,4045.64
2023-03-17,up,1,Tue,4,True,False,3.0,Thu,2.0,False,False,159.69,3861.59
2023-03-24,up,1,Tue,4,True,False,2.0,Wed,1.0,False,False,159.4,3916.64
2023-03-31,up,3,Thu,2,True,False,4.0,Fri,1.0,True,False,157.32,3970.99
2023-04-14,up,4,Fri,1,False,False,,,,False,False,150.73,4105.02
2023-04-28,down,1,Tue,4,False,False,,,,False,False,139.95,4133.52
2023-05-05,down,1,Tue,4,True,False,3.0,Thu,2.0,True,False,138.58,4169.48
2023-05-19,up,3,Thu,2,True,False,4.0,Fri,1.0,False,False,132.64,4124.08
2023-05-26,down,2,Wed,3,True,True,2.0,Wed,0.0,False,False,130.52,4191.98
2023-06-02,up,4,Fri,1,True,True,4.0,Fri,0.0,False,False,128.98,4205.45
2023-06-16,up,1,Tue,4,True,False,2.0,Wed,1.0,True,True,123.87,4298.86
2023-06-23,down,2,Wed,3,False,False,,,,False,False,125.71,4409.59
2023-06-30,up,3,Thu,2,True,False,4.0,Fri,1.0,True,False,121.6,4348.33
2023-07-07,down,3,Thu,2,False,False,,,,False,False,122.23,4450.38
2023-07-14,up,2,Wed,3,True,True,2.0,Wed,0.0,True,True,118.6,4398.95
2023-07-21,up,1,Tue,4,False,False,,,,False,False,119.97,4505.42
2023-07-28,up,2,Wed,3,False,False,,,,False,False,116.66,4536.34
2023-08-04,down,2,Wed,3,True,True,2.0,Wed,0.0,True,False,113.93,4582.23
2023-08-11,up,3,Thu,2,False,False,,,,False,False,114.34,4478.03
2023-08-18,down,2,Wed,3,True,False,3.0,Thu,1.0,True,True,112.13,4464.05
2023-08-25,up,1,Tue,4,True,False,2.0,Wed,1.0,False,False,115.19,4369.71
2023-09-01,up,1,Tue,4,True,True,1.0,Tue,0.0,True,True,114.25,4405.71
2023-09-08,down,2,Wed,3,True,True,2.0,Wed,0.0,False,False,115.77,4515.77
2023-09-15,up,3,Thu,2,False,False,,,,False,False,113.6,4457.49
2023-09-22,down,2,Wed,3,True,False,3.0,Thu,1.0,True,True,110.11,4450.32
2023-09-29,down,1,Tue,4,True,False,2.0,Wed,1.0,False,False,112.95,4320.06
2023-10-06,down,1,Tue,4,True,True,1.0,Tue,0.0,False,False,112.02,4288.05
2023-10-13,up,1,Tue,4,True,True,1.0,Tue,0.0,False,False,111.71,4308.5
2023-10-20,up,0,Mon,5,False,False,,,,False,False,111.02,4327.78
2023-10-20,down,3,Thu,2,True,False,4.0,Fri,1.0,True,False,111.02,4327.78
2023-10-27,down,3,Thu,2,True,True,3.0,Thu,0.0,True,True,115.27,4224.16
2023-11-03,up,0,Mon,5,True,False,1.0,Tue,1.0,True,True,118.15,4117.37
2023-11-10,up,4,Fri,1,False,False,,,,False,False,128.01,4358.34
2023-11-17,up,1,Tue,4,True,True,1.0,Tue,0.0,True,False,124.16,4415.24
2023-11-24,up,2,Wed,2,False,False,,,,False,False,124.39,4514.02
2023-12-08,down,0,Mon,5,False,False,,,,False,False,115.54,4594.63
2023-12-15,up,2,Wed,3,True,True,2.0,Wed,0.0,True,True,111.77,4604.37
2023-12-22,up,1,Tue,4,False,False,,,,False,False,114.16,4719.19
2024-01-05,down,1,Tue,4,True,False,2.0,Wed,1.0,True,False,106.7,4769.83
2024-01-12,up,0,Mon,5,True,True,0.0,Mon,0.0,True,False,105.35,4697.24
2024-01-19,up,4,Fri,1,False,False,,,,False,False,105.33,4783.83
2024-01-19,down,2,Wed,3,True,True,2.0,Wed,0.0,False,False,105.33,4783.83
2024-01-26,up,2,Wed,3,True,False,4.0,Fri,2.0,False,False,106.9,4839.81
2024-02-02,up,1,Tue,4,True,False,4.0,Fri,3.0,True,False,104.04,4890.97
2024-02-02,down,2,Wed,3,False,False,,,,False,False,104.04,4890.97
2024-02-09,up,2,Wed,3,True,False,4.0,Fri,2.0,False,False,105.9,4958.61
2024-02-09,down,0,Mon,5,False,False,,,,False,False,105.9,4958.61
2024-02-16,down,1,Tue,4,True,True,1.0,Tue,0.0,True,False,106.34,5026.61
2024-02-23,up,3,Thu,2,True,True,3.0,Thu,0.0,True,False,107.89,5005.57
2024-02-23,down,1,Tue,4,False,False,,,,False,False,107.89,5005.57
2024-03-01,up,4,Fri,1,False,False,,,,False,False,111.97,5088.8
2024-03-08,up,4,Fri,1,False,False,,,,False,False,109.91,5137.08
2024-03-08,down,1,Tue,4,True,True,1.0,Tue,0.0,False,False,109.91,5137.08
2024-03-15,up,1,Tue,4,False,False,,,,False,False,111.52,5123.69
2024-03-22,up,0,Mon,5,True,False,2.0,Wed,2.0,True,True,109.89,5117.09
2024-04-05,down,1,Tue,4,True,True,1.0,Tue,0.0,True,False,108.69,5254.35
2024-04-12,down,1,Tue,4,True,False,4.0,Fri,3.0,True,False,109.35,5204.34
2024-04-19,up,0,Mon,5,False,False,,,,False,False,109.89,5123.41
2024-04-19,down,0,Mon,5,True,True,0.0,Mon,0.0,True,True,109.89,5123.41
2024-04-26,up,0,Mon,5,True,False,1.0,Tue,1.0,True,True,117.38,4967.23
2024-05-03,down,1,Tue,4,True,False,2.0,Wed,1.0,False,False,119.53,5099.96
2024-05-10,up,0,Mon,5,True,False,3.0,Thu,3.0,True,False,120.14,5127.79
2024-05-17,up,2,Wed,3,True,True,2.0,Wed,0.0,True,False,119.55,5222.68
2024-05-24,down,3,Thu,2,False,False,,,,False,False,119.17,5303.27
2024-05-31,down,3,Thu,2,True,True,3.0,Thu,0.0,True,False,116.73,5304.72
2024-06-07,up,2,Wed,3,True,True,2.0,Wed,0.0,True,False,117.27,5277.51
2024-06-14,up,2,Wed,3,True,True,2.0,Wed,0.0,True,False,118.94,5346.99
2024-06-21,up,0,Mon,4,True,False,3.0,Thu,2.0,False,False,119.02,5431.6
2024-06-28,up,4,Fri,1,False,False,,,,False,False,116.6,5464.62
2024-07-05,up,1,Tue,3,True,False,2.0,Wed,1.0,True,False,113.78,5460.48
2024-07-12,up,2,Wed,3,True,False,3.0,Thu,1.0,False,False,114.49,5567.19
2024-07-19,up,0,Mon,5,False,False,,,,False,False,112.96,5615.35
2024-07-19,down,3,Thu,2,True,True,3.0,Thu,0.0,True,True,112.96,5615.35
2024-07-26,up,0,Mon,5,True,False,1.0,Tue,1.0,False,False,117.22,5505.0
2024-07-26,down,2,Wed,3,True,True,2.0,Wed,0.0,True,False,117.22,5505.0
2024-08-02,up,2,Wed,3,True,True,2.0,Wed,0.0,True,False,122.73,5459.1
2024-08-02,down,1,Tue,4,True,False,4.0,Fri,3.0,True,True,122.73,5459.1
2024-08-09,down,0,Mon,5,True,True,0.0,Mon,0.0,True,True,132.83,5346.56
2024-08-16,up,1,Tue,4,True,True,1.0,Tue,0.0,True,True,140.45,5344.16
2024-08-23,up,1,Tue,4,False,False,,,,False,False,147.39,5554.25
2024-08-30,down,2,Wed,3,False,False,,,,False,False,143.46,5634.61
2024-09-06,down,1,Tue,4,True,True,1.0,Tue,0.0,True,True,139.69,5648.4
2024-09-13,up,0,Mon,5,True,False,2.0,Wed,2.0,True,True,147.27,5408.42
2024-09-20,up,2,Wed,3,True,False,3.0,Thu,1.0,False,False,153.13,5626.02
2024-09-27,up,3,Thu,2,False,False,,,,False,False,151.41,5702.55
2024-10-04,down,1,Tue,4,False,False,,,,False,False,145.48,5738.17
2024-10-11,up,4,Fri,1,False,False,,,,False,False,141.6,5751.07
2024-10-11,down,0,Mon,5,False,False,,,,False,False,141.6,5751.07
2024-10-18,up,0,Mon,5,False,False,,,,False,False,141.15,5815.03
2024-10-25,down,2,Wed,3,True,True,2.0,Wed,0.0,False,False,136.35,5864.67
2024-11-01,down,3,Thu,2,True,True,3.0,Thu,0.0,False,False,134.08,5808.12
2024-11-08,up,1,Tue,4,True,False,2.0,Wed,1.0,True,True,135.08,5728.8
2024-11-15,down,4,Fri,1,True,True,4.0,Fri,0.0,True,False,147.99,5995.54
2024-11-22,up,3,Thu,2,True,True,3.0,Thu,0.0,False,False,149.16,5870.62
2024-11-29,up,4,Fri,1,False,False,,,,False,False,146.91,5969.34
2024-12-06,up,2,Wed,3,False,False,,,,False,False,142.15,6032.38
2024-12-13,down,1,Tue,4,False,False,,,,False,False,136.82,6090.27
2024-12-20,down,2,Wed,3,True,True,2.0,Wed,0.0,True,True,131.53,6051.09
2024-12-27,up,1,Tue,3,True,True,1.0,Tue,0.0,True,False,140.19,5930.85
2025-01-03,down,0,Mon,4,True,True,0.0,Mon,0.0,True,True,140.69,5970.84
2025-01-10,up,0,Mon,4,False,False,,,,False,False,140.74,5942.47
2025-01-10,down,2,Wed,2,True,False,4.0,Fri,1.0,True,False,140.74,5942.47
2025-01-17,up,2,Wed,3,True,True,2.0,Wed,0.0,True,True,145.92,5827.04
2025-01-24,up,2,Wed,3,True,True,2.0,Wed,0.0,True,False,152.76,5996.66
2025-01-31,down,0,Mon,5,True,True,0.0,Mon,0.0,True,False,151.24,6101.24
2025-02-07,up,4,Fri,1,False,False,,,,False,False,151.72,6040.53
2025-02-07,down,0,Mon,5,True,True,0.0,Mon,0.0,False,False,151.72,6040.53
2025-02-14,up,3,Thu,2,True,False,4.0,Fri,1.0,False,False,153.55,6025.99
2025-02-21,down,4,Fri,1,True,True,4.0,Fri,0.0,False,False,151.47,6114.63
2025-02-28,down,1,Tue,4,True,True,1.0,Tue,0.0,True,True,150.57,6013.13
2025-03-07,down,0,Mon,5,True,True,0.0,Mon,0.0,True,True,154.53,5954.5
2025-03-14,down,0,Mon,5,True,True,0.0,Mon,0.0,True,True,166.34,5770.2
2025-03-21,up,2,Wed,3,False,False,,,,False,False,173.42,5638.94
2025-03-28,up,0,Mon,5,True,True,0.0,Mon,0.0,False,False,169.43,5667.56
2025-03-28,down,4,Fri,1,False,False,,,,False,False,169.43,5667.56
2025-04-04,up,1,Tue,4,True,False,2.0,Wed,1.0,False,False,172.66,5580.94
2025-04-04,down,0,Mon,5,True,False,3.0,Thu,3.0,True,True,172.66,5580.94
2025-04-11,up,0,Mon,5,True,True,0.0,Mon,0.0,True,True,205.0,5074.08
2025-04-11,down,0,Mon,5,True,True,0.0,Mon,0.0,True,True,205.0,5074.08
2025-04-18,up,0,Mon,4,False,False,,,,False,False,236.52,5363.36
2025-04-18,down,2,Wed,2,False,False,,,,False,False,236.52,5363.36
2025-04-25,up,2,Wed,3,True,True,2.0,Wed,0.0,True,True,236.67,5282.7
2025-04-25,down,0,Mon,5,True,True,0.0,Mon,0.0,False,False,236.67,5282.7
2025-05-02,up,3,Thu,2,True,False,4.0,Fri,1.0,False,False,250.23,5525.21
2025-05-09,down,1,Tue,4,False,False,,,,False,False,251.46,5686.67
2025-05-16,up,0,Mon,5,True,True,0.0,Mon,0.0,True,True,243.6,5659.91
2025-05-23,down,2,Wed,3,True,False,4.0,Fri,2.0,False,False,247.54,5958.38
2025-05-30,up,1,Tue,4,False,False,,,,False,False,244.23,5802.82
2025-06-06,up,4,Fri,1,False,False,,,,False,False,236.81,5911.69
2025-06-27,up,1,Tue,4,True,True,1.0,Tue,0.0,True,True,212.57,5967.84
2025-07-04,up,3,Thu,1,False,False,,,,False,False,214.85,6173.07
2025-07-25,up,3,Thu,2,False,False,,,,False,False,192.95,6296.79
2025-08-01,down,4,Fri,1,True,True,4.0,Fri,0.0,True,False,187.32,6388.64
2025-08-08,up,0,Mon,5,True,False,3.0,Thu,3.0,True,False,189.25,6238.01
2025-08-15,up,2,Wed,3,False,False,,,,False,False,186.96,6389.45
2025-08-22,down,2,Wed,3,False,False,,,,False,False,181.98,6449.8
2025-09-05,up,4,Fri,1,False,False,,,,False,False,171.51,6460.26
2025-09-05,down,1,Tue,4,False,False,,,,False,False,171.51,6460.26
2025-09-12,up,2,Wed,3,True,False,3.0,Thu,1.0,False,False,171.55,6481.5
2025-09-19,up,3,Thu,2,False,False,,,,False,False,167.78,6584.29
2025-09-26,down,3,Thu,2,False,False,,,,False,False,164.41,6664.36
2025-10-03,up,2,Wed,3,True,False,4.0,Fri,2.0,False,False,161.98,6643.7
2025-10-10,down,4,Fri,1,True,True,4.0,Fri,0.0,True,True,158.26,6715.79
2025-10-17,up,0,Mon,5,True,True,0.0,Mon,0.0,True,True,162.22,6552.51
2025-10-24,up,0,Mon,5,True,False,4.0,Fri,4.0,True,False,162.89,6664.01
2025-10-31,up,0,Mon,5,True,False,1.0,Tue,1.0,True,False,162.07,6791.69
2025-11-07,down,1,Tue,4,True,False,3.0,Thu,2.0,True,True,159.69,6840.2
2025-11-14,up,0,Mon,5,True,True,0.0,Mon,0.0,True,False,166.2,6728.8
2025-11-14,down,4,Fri,1,False,False,,,,False,False,166.2,6728.8
2025-11-21,down,0,Mon,5,True,False,1.0,Tue,1.0,True,True,170.26,6734.11
2025-11-28,up,0,Mon,4,True,True,0.0,Mon,0.0,True,True,175.84,6602.99
2025-12-12,down,4,Fri,1,False,False,,,,False,False,174.91,6870.4
2025-12-19,down,1,Tue,4,True,False,2.0,Wed,1.0,False,False,169.68,6827.41
2025-12-26,up,1,Tue,3,True,False,4.0,Fri,2.0,False,False,167.64,6834.5
2026-01-02,down,2,Wed,2,True,False,4.0,Fri,1.0,False,False,163.61,6929.94
2026-01-09,up,0,Mon,5,True,False,2.0,Wed,2.0,False,False,159.47,6858.47
2026-01-16,down,2,Wed,3,False,False,,,,False,False,156.64,6966.28
2026-01-23,down,1,Tue,4,True,True,1.0,Tue,0.0,True,False,152.64,6940.01
2026-01-30,up,1,Tue,4,False,False,,,,False,False,152.52,6915.61
2026-02-06,down,1,Tue,4,True,False,2.0,Wed,1.0,True,True,151.02,6939.03
2026-02-13,up,2,Wed,3,False,False,,,,False,False,155.44,6932.3
2026-02-13,down,3,Thu,2,True,True,3.0,Thu,0.0,True,False,155.44,6932.3
2026-02-20,up,2,Wed,3,False,False,,,,False,False,158.55,6836.17
2026-02-20,down,1,Tue,4,False,False,,,,False,False,158.55,6836.17
2026-02-27,down,0,Mon,5,False,False,,,,False,False,157.25,6909.51
2026-03-06,down,0,Mon,5,True,False,1.0,Tue,1.0,True,True,155.81,6878.88
2026-03-13,up,0,Mon,5,True,False,1.0,Tue,1.0,False,False,158.29,6740.02
2026-03-13,down,0,Mon,5,True,True,0.0,Mon,0.0,False,False,158.29,6740.02
2026-03-20,up,0,Mon,5,True,False,1.0,Tue,1.0,False,False,162.78,6632.19
2026-03-20,down,3,Thu,2,True,False,4.0,Fri,1.0,True,False,162.78,6632.19
2026-03-27,up,0,Mon,5,True,True,0.0,Mon,0.0,True,False,171.21,6506.48
2026-03-27,down,4,Fri,1,True,True,4.0,Fri,0.0,True,False,171.21,6506.48
2026-04-03,up,1,Tue,3,True,True,1.0,Tue,0.0,True,True,180.09,6368.85
2026-04-10,up,2,Wed,3,True,True,2.0,Wed,0.0,True,True,188.14,6582.69
2026-04-17,up,1,Tue,4,True,True,1.0,Tue,0.0,True,True,196.93,6816.89
2026-05-01,up,4,Fri,1,False,False,,,,False,False,202.23,7165.08
