date,pdc,atr_14,dn_open_t,up_open_t,up_open_hhmm,reversal_min,dn_closed_first_leg,dn_close_ever,up_close_ever,neither_close_ever,up_close_after,dn_close_after,dn_reopen_after,pdc_revert_after,up_trig_revert_after,first_resolution_after_up,close,close_zone,close_minus_pdc_atr
2008-01-10,1409.13,23.885156976383495,2008-01-10 09:30:00,2008-01-10 12:23:00,12:00,173.0,False,False,True,False,True,False,False,True,True,up_close,1419.99,in_up_gate(+38.2..61.8),0.4546756804126408
2008-01-31,1355.81,30.830693882602116,2008-01-31 09:31:00,2008-01-31 11:51:00,11:30,140.0,True,True,True,False,True,False,False,False,True,up_close,1374.3,in_up_gate(+38.2..61.8),0.599727014591585
2008-04-24,1379.93,21.46121306894281,2008-04-24 10:09:00,2008-04-24 12:06:00,12:00,117.0,False,False,True,False,True,False,False,False,False,up_close,1388.83,in_up_gate(+38.2..61.8),0.41470162806776895
2008-05-06,1407.49,19.56354193717057,2008-05-06 09:32:00,2008-05-06 12:50:00,12:30,198.0,False,False,True,False,True,False,False,False,False,up_close,1418.89,in_up_gate(+38.2..61.8),0.5827165672050512
2008-06-24,1318.0,18.92984889035648,2008-06-24 09:46:00,2008-06-24 12:31:00,12:30,165.0,True,True,False,False,False,False,False,True,True,neither,1314.76,-38.2_to_pdc,-0.17115826009845103
2008-07-03,1261.52,21.144209537176238,2008-07-03 10:02:00,2008-07-03 11:07:00,11:00,65.0,False,False,False,True,False,False,False,True,True,neither,1262.9,pdc_to_+38.2,0.06526609555082971
2008-08-14,1285.83,22.74420153989619,2008-08-14 09:49:00,2008-08-14 11:18:00,11:00,89.0,False,False,True,False,True,False,False,False,True,up_close,1292.97,pdc_to_+38.2,0.31392616652097644
2008-09-16,1192.7,27.412046842768323,2008-09-16 09:30:00,2008-09-16 11:02:00,11:00,92.0,True,True,True,False,True,False,True,True,True,up_close,1213.47,above_up_gate(+61.8),0.7576960640383333
2008-10-08,996.23,47.79459651270824,2008-10-08 09:31:00,2008-10-08 09:51:00,09:30,20.0,False,False,False,True,False,False,True,True,True,neither,984.24,-38.2_to_pdc,-0.2508651788034648
2009-02-05,832.23,27.345500734088223,2009-02-05 09:52:00,2009-02-05 12:00:00,12:00,128.0,False,False,True,False,True,False,False,False,False,up_close,844.89,in_up_gate(+38.2..61.8),0.4629646435480454
2009-04-01,797.87,27.668565890181085,2009-04-01 09:31:00,2009-04-01 12:17:00,12:00,166.0,False,False,False,True,False,False,False,False,True,neither,810.27,in_up_gate(+38.2..61.8),0.44816200627154446
2009-04-22,850.08,24.540406551951854,2009-04-22 09:32:00,2009-04-22 11:40:00,11:30,128.0,False,False,False,True,False,False,False,True,True,neither,843.32,-38.2_to_pdc,-0.2754640590688309
2009-08-19,989.67,15.656783629619868,2009-08-19 09:30:00,2009-08-19 12:08:00,12:00,158.0,False,False,True,False,True,False,False,False,True,up_close,996.29,in_up_gate(+38.2..61.8),0.4228199198893018
2010-01-26,1096.78,13.779488668339235,2010-01-26 09:31:00,2010-01-26 12:37:00,12:30,186.0,False,False,False,True,False,False,True,True,True,neither,1092.19,-38.2_to_pdc,-0.3331037972799556
2010-02-11,1068.13,16.875405038649646,2010-02-11 09:45:00,2010-02-11 11:44:00,11:30,119.0,False,False,True,False,True,False,False,False,False,up_close,1078.33,in_up_gate(+38.2..61.8),0.6044299367415962
2010-03-22,1159.9,11.324868962113397,2010-03-22 09:30:00,2010-03-22 10:51:00,10:30,81.0,True,True,True,False,True,False,False,False,True,up_close,1165.9,in_up_gate(+38.2..61.8),0.529807454732819
2010-05-21,1071.59,26.58339148586848,2010-05-21 09:31:00,2010-05-21 11:23:00,11:00,112.0,False,False,True,False,True,False,False,True,True,up_close,1087.66,in_up_gate(+38.2..61.8),0.6045127841774007
2010-08-27,1047.22,17.06663470873796,2010-08-27 10:03:00,2010-08-27 10:32:00,10:30,29.0,False,False,True,False,True,False,False,False,True,up_close,1064.54,above_up_gate(+61.8),1.0148456503338794
2011-01-05,1270.2,9.532154839842688,2011-01-05 09:31:00,2011-01-05 11:28:00,11:00,117.0,False,False,True,False,True,False,False,False,False,up_close,1276.47,above_up_gate(+61.8),0.6577736204821718
2011-02-11,1321.87,11.158978815384827,2011-02-11 09:30:00,2011-02-11 11:02:00,11:00,92.0,False,False,True,False,True,False,False,False,True,up_close,1329.2,above_up_gate(+61.8),0.6568701420863279
2011-05-16,1337.77,14.344818349417228,2011-05-16 09:31:00,2011-05-16 11:06:00,11:00,95.0,False,True,False,False,False,True,True,True,True,dn_close,1329.62,in_dn_gate(-38.2..61.8),-0.5681494042990927
2011-08-05,1200.07,22.46288170627119,2011-08-05 09:54:00,2011-08-05 12:49:00,12:30,175.0,True,True,True,False,True,False,True,True,True,up_close,1199.66,-38.2_to_pdc,-0.018252333131656508
2011-08-26,1159.27,33.33696570368786,2011-08-26 10:00:00,2011-08-26 11:16:00,11:00,76.0,True,True,True,False,True,False,False,False,True,up_close,1176.84,in_up_gate(+38.2..61.8),0.5270425675860559
2012-02-23,1357.66,12.51434486330132,2012-02-23 09:44:00,2012-02-23 12:32:00,12:30,168.0,False,False,False,True,False,False,False,False,True,neither,1363.36,in_up_gate(+38.2..61.8),0.45547729923243796
2012-02-27,1365.74,11.973695315805736,2012-02-27 09:30:00,2012-02-27 12:50:00,12:30,200.0,True,True,False,False,False,False,False,False,True,neither,1367.91,pdc_to_+38.2,0.18123060114412545
2012-03-23,1392.78,11.746841984389839,2012-03-23 10:08:00,2012-03-23 12:59:00,12:30,171.0,False,False,False,True,False,False,False,False,False,neither,1397.47,in_up_gate(+38.2..61.8),0.39925624318710584
2012-05-11,1357.99,15.353039856951058,2012-05-11 09:30:00,2012-05-11 10:41:00,10:30,71.0,False,False,False,True,False,False,False,True,True,neither,1353.57,-38.2_to_pdc,-0.28789086989824536
2012-07-17,1353.64,17.07756800190981,2012-07-17 10:40:00,2012-07-17 12:30:00,12:30,110.0,False,False,True,False,True,False,False,False,False,up_close,1363.3,in_up_gate(+38.2..61.8),0.5656543132441084
2012-11-13,1380.03,16.48746300110559,2012-11-13 09:30:00,2012-11-13 10:56:00,10:30,86.0,False,False,False,True,False,False,False,True,True,neither,1374.78,-38.2_to_pdc,-0.3184237623246193
2012-11-16,1353.33,17.004123984485773,2012-11-16 10:03:00,2012-11-16 12:30:00,12:30,147.0,False,False,False,True,False,False,False,True,True,neither,1359.87,in_up_gate(+38.2..61.8),0.38461258021683037
2012-11-28,1398.94,15.924758784705745,2012-11-28 09:31:00,2012-11-28 12:36:00,12:30,185.0,True,True,True,False,True,False,False,False,True,up_close,1409.7,above_up_gate(+61.8),0.675677424409968
2012-12-05,1407.05,15.060680117379931,2012-12-05 10:44:00,2012-12-05 12:03:00,12:00,79.0,False,False,False,True,False,False,False,False,True,neither,1409.6,pdc_to_+38.2,0.16931506280763978
2013-01-24,1494.81,11.708161307245835,2013-01-24 09:30:00,2013-01-24 10:04:00,10:00,34.0,False,False,True,False,True,False,False,True,True,up_close,1495.32,pdc_to_+38.2,0.04355935886229779
2013-09-06,1655.08,14.411040869711723,2013-09-06 09:45:00,2013-09-06 11:05:00,11:00,80.0,True,True,True,False,True,False,False,True,True,up_close,1655.04,-38.2_to_pdc,-0.0027756496120993775
2013-10-17,1721.54,17.21903667077526,2013-10-17 09:31:00,2013-10-17 12:46:00,12:30,195.0,False,False,True,False,True,False,False,False,False,up_close,1732.89,above_up_gate(+61.8),0.6591541801675669
2014-04-08,1845.04,18.37446768100641,2014-04-08 10:29:00,2014-04-08 11:17:00,11:00,48.0,False,False,False,True,False,False,False,False,True,neither,1852.14,in_up_gate(+38.2..61.8),0.3864057518977471
2014-05-07,1867.72,16.75470396203352,2014-05-07 10:14:00,2014-05-07 11:43:00,11:30,89.0,False,False,True,False,True,False,False,False,True,up_close,1878.26,above_up_gate(+61.8),0.6290770653951157
2014-06-05,1927.88,12.682025002919971,2014-06-05 10:16:00,2014-06-05 11:19:00,11:00,63.0,False,False,True,False,True,False,False,False,False,up_close,1940.12,above_up_gate(+61.8),0.9651455502714735
2014-06-16,1936.16,12.225161138179677,2014-06-16 09:31:00,2014-06-16 10:14:00,10:00,43.0,False,False,False,True,False,False,True,True,True,neither,1937.87,pdc_to_+38.2,0.13987545690988148
2014-08-06,1920.21,16.632171481061434,2014-08-06 09:31:00,2014-08-06 11:05:00,11:00,94.0,False,False,False,True,False,False,False,True,True,neither,1920.0,-38.2_to_pdc,-0.012626132446936182
2014-09-05,1997.65,13.155041221616072,2014-09-05 09:40:00,2014-09-05 12:43:00,12:30,183.0,False,False,True,False,True,False,False,False,False,up_close,2007.45,above_up_gate(+61.8),0.7449615576952212
2014-09-30,1977.8,16.48676597197441,2014-09-30 10:00:00,2014-09-30 11:07:00,11:00,67.0,False,False,False,True,False,False,True,True,True,neither,1972.75,-38.2_to_pdc,-0.3063062827836805
2014-12-16,1989.63,20.146113484875013,2014-12-16 09:30:00,2014-12-16 10:56:00,10:30,86.0,True,True,True,False,True,True,True,True,True,up_close,1973.61,below_dn_gate(-61.8),-0.7951905965399955
2015-01-21,2022.55,27.162694969494225,2015-01-21 09:35:00,2015-01-21 10:50:00,10:30,75.0,False,False,False,True,False,False,False,False,True,neither,2032.11,pdc_to_+38.2,0.35195329516222723
2015-02-02,1994.99,28.529042558734478,2015-02-02 10:05:00,2015-02-02 11:33:00,11:30,88.0,False,False,True,False,True,False,False,True,True,up_close,2020.74,above_up_gate(+61.8),0.9025890002087138
2015-04-06,2066.96,20.480071182344037,2015-04-06 09:30:00,2015-04-06 10:22:00,10:00,52.0,False,False,True,False,True,False,False,False,False,up_close,2080.69,above_up_gate(+61.8),0.6704078261132566
2015-08-17,2091.54,20.001179211302762,2015-08-17 09:31:00,2015-08-17 12:59:00,12:30,208.0,False,False,False,True,False,False,False,False,False,neither,2102.35,in_up_gate(+38.2..61.8),0.5404681336933955
2016-03-29,2037.05,21.39095272679756,2016-03-29 09:37:00,2016-03-29 12:30:00,12:30,173.0,False,False,True,False,True,False,False,False,False,up_close,2055.09,above_up_gate(+61.8),0.8433471959105656
2016-09-12,2127.81,15.992701562047397,2016-09-12 09:30:00,2016-09-12 10:21:00,10:00,51.0,False,False,True,False,True,False,False,False,True,up_close,2159.17,above_up_gate(+61.8),1.9608944666622914
2016-11-08,2131.52,19.342175929515747,2016-11-08 09:50:00,2016-11-08 11:33:00,11:30,103.0,False,False,True,False,True,False,False,False,True,up_close,2139.39,in_up_gate(+38.2..61.8),0.40688286719543476
2016-11-09,2139.56,19.625591934550332,2016-11-09 09:30:00,2016-11-09 11:22:00,11:00,112.0,True,True,True,False,True,False,False,False,False,up_close,2162.84,above_up_gate(+61.8),1.186206259542999
2017-03-22,2344.02,15.314513073006465,2017-03-22 10:11:00,2017-03-22 11:23:00,11:00,72.0,False,False,False,True,False,False,False,True,True,neither,2348.57,pdc_to_+38.2,0.2971037980972483
2017-06-08,2433.14,12.549817225283208,2017-06-08 10:28:00,2017-06-08 12:16:00,12:00,108.0,False,False,False,True,False,False,True,True,True,neither,2433.79,pdc_to_+38.2,0.05179358299263379
2017-08-08,2480.91,11.685350846629815,2017-08-08 09:30:00,2017-08-08 11:00:00,11:00,90.0,False,True,True,False,True,True,True,True,True,up_close,2474.92,in_dn_gate(-38.2..61.8),-0.5126076297253295
2017-08-18,2430.01,15.696049022855226,2017-08-18 09:38:00,2017-08-18 12:40:00,12:30,182.0,False,False,True,False,True,False,False,True,True,up_close,2425.4,-38.2_to_pdc,-0.29370448533178284
2018-02-01,2823.81,20.925324051943814,2018-02-01 09:30:00,2018-02-01 11:43:00,11:30,133.0,False,False,False,True,False,False,True,True,True,neither,2822.0,-38.2_to_pdc,-0.08649806308886333
2018-02-06,2648.94,31.243737952667857,2018-02-06 09:30:00,2018-02-06 09:50:00,09:30,20.0,True,True,True,False,True,True,True,True,True,up_close,2694.98,above_up_gate(+61.8),1.473575283141455
2018-03-28,2612.62,45.65834700147065,2018-03-28 10:47:00,2018-03-28 12:19:00,12:00,92.0,False,False,False,True,False,False,False,True,True,neither,2604.43,-38.2_to_pdc,-0.17937574480601007
2018-07-17,2798.43,23.115206634047276,2018-07-17 09:30:00,2018-07-17 12:16:00,12:00,166.0,False,False,True,False,True,False,False,False,False,up_close,2809.83,in_up_gate(+38.2..61.8),0.4931818339537832
2018-08-02,2813.36,21.640328810824855,2018-08-02 09:30:00,2018-08-02 12:27:00,12:00,177.0,True,True,True,False,True,False,False,False,False,up_close,2827.41,above_up_gate(+61.8),0.6492507633697174
2018-09-11,2877.13,19.046254034303786,2018-09-11 09:30:00,2018-09-11 11:49:00,11:30,139.0,False,False,True,False,True,False,False,False,False,up_close,2888.06,in_up_gate(+38.2..61.8),0.5738661250823419
2018-10-09,2884.43,21.75251079075642,2018-10-09 09:46:00,2018-10-09 10:31:00,10:30,45.0,False,False,False,True,False,False,False,True,True,neither,2880.69,-38.2_to_pdc,-0.1719341751384888
2019-05-08,2884.05,27.28155859748555,2019-05-08 09:38:00,2019-05-08 11:00:00,11:00,82.0,False,False,False,True,False,False,False,True,True,neither,2879.62,-38.2_to_pdc,-0.16238075197098853
2019-05-15,2834.41,34.87413915395411,2019-05-15 09:30:00,2019-05-15 11:25:00,11:00,115.0,False,False,True,False,True,False,False,False,False,up_close,2851.29,in_up_gate(+38.2..61.8),0.4840262845050389
2019-09-25,2966.6,30.327998679838025,2019-09-25 10:01:00,2019-09-25 12:09:00,12:00,128.0,False,False,True,False,True,False,False,False,True,up_close,2985.09,in_up_gate(+38.2..61.8),0.6096676604082135
2019-10-03,2887.61,34.50010556823561,2019-10-03 10:00:00,2019-10-03 11:19:00,11:00,79.0,True,True,True,False,True,False,False,False,True,up_close,2911.13,above_up_gate(+61.8),0.6817370443542916
2019-12-13,3168.57,21.971355010816723,2019-12-13 09:34:00,2019-12-13 10:02:00,10:00,28.0,False,False,True,False,True,False,True,True,True,up_close,3168.53,-38.2_to_pdc,-0.001820552259078751
2020-03-03,3090.23,64.02165813585441,2020-03-03 09:37:00,2020-03-03 10:00:00,10:00,23.0,True,True,True,False,True,True,True,True,True,up_close,3001.88,below_dn_gate(-61.8),-1.380001745854826
2020-03-19,2398.1,148.49509597041026,2020-03-19 09:39:00,2020-03-19 11:38:00,11:30,119.0,False,False,False,True,False,False,False,True,True,neither,2409.6,pdc_to_+38.2,0.07744363492173194
2020-09-24,3236.92,61.13678183010229,2020-09-24 09:38:00,2020-09-24 12:05:00,12:00,147.0,False,False,True,False,True,False,False,True,True,up_close,3246.51,pdc_to_+38.2,0.15686138054584775
2021-01-06,3726.86,41.43585660761852,2021-01-06 09:30:00,2021-01-06 10:10:00,10:00,40.0,False,False,True,False,True,False,False,False,False,up_close,3748.21,in_up_gate(+38.2..61.8),0.5152542205697863
2021-02-24,3881.37,44.223480623245756,2021-02-24 09:36:00,2021-02-24 11:17:00,11:00,101.0,False,False,True,False,True,False,False,False,False,up_close,3925.76,above_up_gate(+61.8),1.0037654063951502
2021-02-26,3829.34,50.667746047594555,2021-02-26 10:22:00,2021-02-26 12:09:00,12:00,107.0,True,True,True,False,True,False,False,True,True,up_close,3810.81,-38.2_to_pdc,-0.36571589315605463
2021-03-04,3819.72,54.608265693079616,2021-03-04 10:07:00,2021-03-04 11:47:00,11:30,100.0,False,True,False,False,False,True,True,True,True,dn_close,3769.66,below_dn_gate(-61.8),-0.916711039338939
2021-03-05,3768.47,59.30267528643107,2021-03-05 11:14:00,2021-03-05 12:42:00,12:30,88.0,True,True,True,False,True,False,False,False,False,up_close,3841.58,above_up_gate(+61.8),1.2328280241469693
2021-05-06,4167.59,38.187674415455184,2021-05-06 10:03:00,2021-05-06 11:43:00,11:30,100.0,False,False,True,False,True,False,False,False,True,up_close,4200.35,above_up_gate(+61.8),0.8578684222452075
2021-07-07,4343.54,31.100217770296222,2021-07-07 10:44:00,2021-07-07 11:45:00,11:30,61.0,False,False,False,True,False,False,False,False,False,neither,4358.9,in_up_gate(+38.2..61.8),0.49388721691428117
2021-08-19,4400.27,33.793595026172255,2021-08-19 09:30:00,2021-08-19 11:47:00,11:30,137.0,True,True,False,False,False,False,True,True,True,neither,4405.82,pdc_to_+38.2,0.16423230484063453
2021-10-01,4307.54,48.552576876515474,2021-10-01 10:23:00,2021-10-01 11:35:00,11:30,72.0,False,False,True,False,True,False,False,False,False,up_close,4355.01,above_up_gate(+61.8),0.9777029985603328
2021-11-18,4688.67,35.33860618949192,2021-11-18 10:20:00,2021-11-18 12:03:00,12:00,103.0,False,False,False,True,False,False,False,False,True,neither,4704.71,in_up_gate(+38.2..61.8),0.45389452866337227
2022-01-06,4700.58,56.2553649881165,2022-01-06 10:05:00,2022-01-06 12:44:00,12:30,159.0,False,False,False,True,False,False,False,True,True,neither,4696.25,-38.2_to_pdc,-0.07697043652484711
2022-01-11,4670.29,58.120935451491235,2022-01-11 09:41:00,2022-01-11 11:40:00,11:30,119.0,False,False,True,False,True,False,False,False,True,up_close,4712.87,above_up_gate(+61.8),0.7326103695550109
2022-03-08,4201.09,93.63532568545465,2022-03-08 10:07:00,2022-03-08 12:16:00,12:00,129.0,False,False,True,False,True,False,False,True,True,up_close,4170.74,-38.2_to_pdc,-0.32412980654282003
2022-07-28,4023.61,77.15263773339288,2022-07-28 10:22:00,2022-07-28 11:44:00,11:30,82.0,False,False,True,False,True,False,False,False,False,up_close,4071.32,above_up_gate(+61.8),0.6183845608087407
2022-09-08,3979.87,68.79987216051614,2022-09-08 09:30:00,2022-09-08 11:02:00,11:00,92.0,False,False,False,True,False,False,False,True,True,neither,4005.86,pdc_to_+38.2,0.37776232983926605
2022-10-13,3577.03,80.29120814947655,2022-10-13 09:30:00,2022-10-13 11:17:00,11:00,107.0,True,True,True,False,True,False,False,False,True,up_close,3669.48,above_up_gate(+61.8),1.151433664167657
2023-03-13,3861.59,60.27497442774291,2023-03-13 09:30:00,2023-03-13 11:02:00,11:00,92.0,True,True,True,False,True,False,False,True,True,up_close,3855.54,-38.2_to_pdc,-0.10037333167603192
2023-03-16,3891.93,65.38064461288309,2023-03-16 09:31:00,2023-03-16 10:55:00,10:30,84.0,False,False,True,False,True,False,False,False,False,up_close,3959.71,above_up_gate(+61.8),1.0366982522323485
2023-08-25,4376.31,47.87463588493538,2023-08-25 10:59:00,2023-08-25 12:31:00,12:30,92.0,False,False,True,False,True,False,False,False,True,up_close,4405.32,in_up_gate(+38.2..61.8),0.6059576112437407
2023-10-06,4258.19,47.82644846801148,2023-10-06 09:30:00,2023-10-06 11:33:00,11:30,123.0,True,True,True,False,True,False,False,False,False,up_close,4307.89,above_up_gate(+61.8),1.039173963194076
2023-10-23,4224.16,55.19498633849058,2023-10-23 09:35:00,2023-10-23 12:55:00,12:30,200.0,True,True,False,False,False,False,False,True,True,neither,4217.61,-38.2_to_pdc,-0.1186701987718855
2024-07-25,5427.13,56.92628108727861,2024-07-25 10:02:00,2024-07-25 11:12:00,11:00,70.0,True,True,True,False,True,False,True,True,True,up_close,5399.32,in_dn_gate(-38.2..61.8),-0.4885265552014979
2024-11-21,5917.11,58.958824997920935,2024-11-21 10:28:00,2024-11-21 11:29:00,11:00,61.0,False,False,True,False,True,False,False,False,True,up_close,5948.48,in_up_gate(+38.2..61.8),0.5320662343780781
2024-12-20,5867.08,55.74713984081885,2024-12-20 09:30:00,2024-12-20 10:27:00,10:00,57.0,True,True,True,False,True,False,False,False,False,up_close,5932.8,above_up_gate(+61.8),1.1788945619032303
2024-12-23,5930.85,62.46234413790324,2024-12-23 10:10:00,2024-12-23 12:02:00,12:00,112.0,False,False,True,False,True,False,False,False,True,up_close,5972.23,above_up_gate(+61.8),0.6624791395699332
2025-03-05,5778.15,84.7945979977558,2025-03-05 11:43:00,2025-03-05 12:51:00,12:30,68.0,False,False,True,False,True,False,False,False,True,up_close,5840.95,above_up_gate(+61.8),0.7406132169134437
2025-04-01,5611.85,94.31145359021845,2025-04-01 10:07:00,2025-04-01 12:16:00,12:00,129.0,False,False,False,True,False,False,False,True,True,neither,5632.92,pdc_to_+38.2,0.22340870804036672
2025-04-02,5633.07,94.14992119091708,2025-04-02 09:30:00,2025-04-02 12:47:00,12:30,197.0,True,True,True,False,True,False,False,True,True,up_close,5669.25,in_up_gate(+38.2..61.8),0.38428072527681184
2025-04-07,5074.08,124.91896751328179,2025-04-07 09:30:00,2025-04-07 10:12:00,10:00,42.0,True,True,True,False,True,True,True,True,True,up_close,5059.86,-38.2_to_pdc,-0.11383379388312939
2025-11-14,6737.49,75.45743391512782,2025-11-14 09:30:00,2025-11-14 11:28:00,11:00,118.0,True,True,False,False,False,False,False,True,True,neither,6735.1,-38.2_to_pdc,-0.03167348630868651
2025-11-25,6705.12,98.36373328525143,2025-11-25 09:49:00,2025-11-25 12:19:00,12:00,150.0,False,False,True,False,True,False,False,False,False,up_close,6766.1,above_up_gate(+61.8),0.6199439362794474
2026-02-13,6832.76,82.55703776210088,2026-02-13 09:41:00,2026-02-13 11:43:00,11:30,122.0,False,False,False,True,False,False,False,True,True,neither,6835.08,pdc_to_+38.2,0.02810178348071425
