date,case,t_first,t_second,second_dir,revert_dir,before_noon_ct,both_before_noon_ct,neither_close_ever,second_completes,second_ext,second_full,first_recompletes,pdc_revert,trig_revert,first_resolution,after_complete,close_atr,reversal_min,complete_min,complete_hhmm,cont_min,cont_hhmm
2008-01-08,up_first,09:30,15:00,down,up,False,False,False,True,True,True,False,False,False,second_completes,continuation,-1.1924670413345206,320.0,9.0,15:00,10.0,15:00
2008-01-09,up_first,10:00,14:00,down,up,False,False,False,False,False,False,True,True,True,first_completes,,0.8016394809525105,244.0,,,,
2008-01-10,down_first,09:30,12:00,up,down,True,True,False,True,True,False,False,True,True,second_completes,continuation,0.4546756804126408,173.0,156.0,14:30,11.0,15:00
2008-01-16,down_first,10:00,14:30,up,down,False,False,False,False,False,False,False,True,True,neither,,-0.31373428121909697,263.0,,,,
2008-01-18,up_first,09:30,11:30,down,up,True,True,False,True,False,False,False,False,True,second_completes,mean_reversion,-0.27799408522956914,127.0,13.0,11:30,,
2008-01-23,down_first,09:30,15:00,up,down,False,False,False,True,True,False,False,False,False,second_completes,continuation,0.9463138678116948,353.0,6.0,15:00,7.0,15:30
2008-01-25,up_first,09:30,12:30,down,up,True,True,False,True,True,False,False,False,False,second_completes,continuation,-0.6835069619525347,205.0,39.0,13:30,17.0,13:30
2008-01-31,down_first,09:30,11:30,up,down,True,True,False,True,True,False,False,False,True,second_completes,continuation,0.599727014591585,140.0,179.0,14:30,35.0,15:00
2008-02-06,up_first,11:00,15:30,down,up,False,False,True,False,False,False,False,False,False,neither,,-0.334126691197981,292.0,,,,
2008-02-20,down_first,09:30,14:30,up,down,False,False,True,False,False,False,False,False,False,neither,,0.41121784217968027,315.0,,,,
2008-02-22,down_first,10:30,15:30,up,down,False,False,True,False,False,False,False,False,False,neither,,0.4411506905767072,322.0,,,,
2008-03-12,up_first,11:00,15:30,down,up,False,False,True,False,False,False,False,False,False,neither,,-0.44299196941379404,263.0,,,,
2008-03-13,down_first,09:30,13:30,up,down,False,False,False,False,False,False,False,False,True,neither,,0.2250332759765165,265.0,,,,
2008-04-24,down_first,10:00,12:00,up,down,True,True,False,True,True,False,False,False,False,second_completes,continuation,0.41470162806776895,117.0,36.0,12:30,96.0,14:00
2008-04-25,down_first,11:00,15:00,up,down,False,False,True,False,False,False,False,False,False,neither,,0.4255531202232972,233.0,,,,
2008-05-06,down_first,09:30,12:30,up,down,True,True,False,True,False,False,False,False,False,second_completes,sideways,0.5827165672050512,198.0,147.0,15:00,,
2008-06-03,up_first,10:00,13:30,down,up,False,False,False,True,True,False,False,False,True,second_completes,continuation,-0.4549514013174261,222.0,8.0,13:30,26.0,14:00
2008-06-09,up_first,10:00,14:00,down,up,False,False,True,False,False,False,False,True,True,neither,,0.07894911380482503,250.0,,,,
2008-06-24,down_first,09:30,12:30,up,down,True,True,False,False,False,False,False,True,True,neither,,-0.17115826009845103,165.0,,,,
2008-07-03,up_first,09:30,10:00,down,up,True,True,True,False,False,False,False,True,True,neither,,0.06526609555082971,30.0,,,,
2008-07-07,up_first,09:30,12:00,down,up,True,True,False,True,True,True,False,True,True,second_completes,continuation,-0.5136834047977894,176.0,28.0,12:30,3.0,13:00
2008-07-08,down_first,10:30,14:30,up,down,False,False,False,True,True,False,False,False,False,second_completes,continuation,0.9817668580091727,245.0,21.0,15:00,6.0,15:00
2008-07-14,up_first,09:30,11:30,down,up,True,True,True,False,False,False,False,False,True,neither,,-0.48741063902795234,147.0,,,,
2008-07-22,down_first,09:30,15:30,up,down,False,False,False,True,False,False,False,False,False,second_completes,sideways,0.718741302149124,362.0,10.0,15:30,,
2008-08-14,down_first,09:30,11:00,up,down,True,True,False,True,False,False,False,False,True,second_completes,mean_reversion,0.31392616652097644,89.0,90.0,12:30,,
2008-09-02,up_first,09:30,14:30,down,up,False,False,False,False,False,False,False,False,False,neither,,-0.2718711254982939,321.0,,,,
2008-09-11,down_first,09:30,15:00,up,down,False,False,False,True,False,False,False,True,True,second_completes,sideways,0.7310230643523583,337.0,50.0,15:30,,
2008-09-16,down_first,09:30,11:00,up,down,True,True,False,True,False,False,False,True,True,second_completes,sideways,0.7576960640383333,92.0,263.0,15:00,,
2008-09-18,up_first,09:30,12:30,down,up,True,True,False,True,False,False,True,True,True,second_completes,mean_reversion,1.4330458895982552,187.0,11.0,12:30,,
2008-10-03,up_first,09:30,15:30,down,up,False,False,False,False,False,False,False,False,False,neither,,-0.3716130376244942,377.0,,,,
2008-10-08,down_first,09:30,09:30,up,down,True,True,True,False,False,False,False,True,True,neither,,-0.2508651788034648,20.0,,,,
2008-10-09,up_first,09:30,11:00,down,up,True,True,False,True,True,True,False,True,True,second_completes,continuation,-1.3976651617406308,82.0,237.0,15:00,3.0,15:00
2008-10-10,down_first,09:30,15:30,up,down,False,False,False,False,False,False,False,True,True,neither,,-0.10292955915922489,364.0,,,,
2008-10-14,up_first,09:30,14:00,down,up,False,False,False,False,False,False,False,True,True,neither,,-0.09313059835272638,287.0,,,,
2008-10-16,down_first,10:30,15:00,up,down,False,False,False,True,False,False,False,False,True,second_completes,sideways,0.6312920554816112,281.0,44.0,15:30,,
2008-10-17,down_first,09:30,13:00,up,down,False,False,True,False,False,False,False,True,True,neither,,-0.09509942630343284,208.0,,,,
2008-10-23,up_first,10:30,14:00,down,up,False,False,False,True,False,False,False,True,True,second_completes,mean_reversion,0.19433315934810705,182.0,20.0,14:00,,
2008-11-10,up_first,09:30,15:00,down,up,False,False,True,False,False,False,False,False,True,neither,,-0.21820607555949492,328.0,,,,
2008-11-13,down_first,12:30,14:30,up,down,False,False,False,True,True,True,False,False,True,second_completes,continuation,1.2032483141153874,104.0,49.0,15:00,8.0,15:30
2008-12-03,down_first,09:30,15:30,up,down,False,False,True,False,False,False,False,False,False,neither,,0.42822290365284926,379.0,,,,
2008-12-05,down_first,10:00,14:30,up,down,False,False,False,True,False,False,False,False,True,second_completes,sideways,0.6638115830239394,282.0,51.0,15:30,,
2009-01-16,up_first,09:30,12:00,down,up,True,True,True,False,False,False,False,True,True,neither,,0.21368293411876907,168.0,,,,
2009-02-05,down_first,09:30,12:00,up,down,True,True,False,True,False,False,False,False,False,second_completes,mean_reversion,0.4629646435480454,128.0,11.0,12:00,,
2009-02-26,up_first,09:30,15:00,down,up,False,False,True,False,False,False,False,False,True,neither,,-0.4465897463660713,340.0,,,,
2009-03-06,up_first,09:30,13:00,down,up,False,False,True,False,False,False,False,True,True,neither,,0.0505737646885507,215.0,,,,
2009-03-09,up_first,10:00,15:00,down,up,False,False,True,False,False,False,False,False,True,neither,,-0.24325098587328653,303.0,,,,
2009-03-18,down_first,10:30,14:00,up,down,False,False,False,True,True,False,False,False,True,second_completes,continuation,0.576757161803191,226.0,5.0,14:00,26.0,14:30
2009-03-25,up_first,09:30,14:30,down,up,False,False,False,False,False,False,False,True,True,neither,,0.2777270140235862,292.0,,,,
2009-04-01,down_first,09:30,12:00,up,down,True,True,True,False,False,False,False,False,True,neither,,0.44816200627154446,166.0,,,,
2009-04-22,down_first,09:30,11:30,up,down,True,True,True,False,False,False,False,True,True,neither,,-0.2754640590688309,128.0,,,,
2009-05-07,up_first,09:30,11:00,down,up,True,True,False,True,True,False,False,False,True,second_completes,continuation,-0.5688937018420613,103.0,146.0,13:30,60.0,14:30
2009-06-05,up_first,09:30,10:00,down,up,True,True,True,False,False,False,False,True,True,neither,,-0.10096596221326762,42.0,,,,
2009-08-19,down_first,09:30,12:00,up,down,True,True,False,True,False,False,False,False,True,second_completes,mean_reversion,0.4228199198893018,158.0,63.0,13:00,,
2009-08-28,up_first,09:30,12:00,down,up,True,True,True,False,False,False,False,False,True,neither,,-0.11733529705843349,168.0,,,,
2009-09-01,up_first,10:00,11:00,down,up,True,True,False,True,True,True,False,False,False,second_completes,continuation,-1.4836971761821534,69.0,6.0,11:00,10.0,11:00
2009-09-14,down_first,09:30,15:30,up,down,False,False,True,False,False,False,False,False,False,neither,,0.4280855656499671,369.0,,,,
2009-09-15,down_first,10:00,15:00,up,down,False,False,True,False,False,False,False,False,True,neither,,0.21906364644103746,307.0,,,,
2009-09-17,up_first,10:00,12:30,down,up,True,True,True,False,False,False,False,True,True,neither,,-0.17710738817443775,166.0,,,,
2009-09-23,up_first,14:00,15:30,down,up,False,False,False,True,True,False,False,False,False,second_completes,continuation,-0.8041576618533177,87.0,5.0,15:30,6.0,15:30
2009-09-24,up_first,09:30,10:00,down,up,True,True,False,True,True,True,False,False,False,second_completes,continuation,-0.7530373699671103,33.0,9.0,10:00,23.0,10:30
2009-10-21,up_first,09:30,15:30,down,up,False,False,False,True,False,False,False,False,False,second_completes,sideways,-0.7097823645143727,342.0,10.0,15:30,,
2009-10-22,down_first,09:30,14:00,up,down,False,False,False,True,True,False,False,False,False,second_completes,continuation,0.779426727681469,254.0,18.0,14:00,52.0,15:00
2009-10-26,up_first,09:30,11:30,down,up,True,True,False,True,True,False,False,False,False,second_completes,continuation,-0.8325105133976166,112.0,21.0,11:30,6.0,12:00
2009-12-03,up_first,09:30,15:30,down,up,False,False,False,True,False,False,False,False,False,second_completes,sideways,-0.6086009084195981,361.0,8.0,15:30,,
2010-01-07,down_first,09:30,14:30,up,down,False,False,True,False,False,False,False,False,True,neither,,0.41781197247982194,283.0,,,,
2010-01-26,down_first,09:30,12:30,up,down,True,True,True,False,False,False,False,True,True,neither,,-0.3331037972799556,186.0,,,,
2010-01-27,down_first,10:00,15:30,up,down,False,False,False,False,False,False,False,False,False,neither,,0.36856739380373854,315.0,,,,
2010-01-29,up_first,09:30,14:30,down,up,False,False,False,True,True,False,False,False,False,second_completes,continuation,-0.7627468094417016,316.0,10.0,14:30,34.0,15:30
2010-02-11,down_first,09:30,11:30,up,down,True,True,False,True,False,False,False,False,False,second_completes,sideways,0.6044299367415962,119.0,102.0,13:00,,
2010-03-22,down_first,09:30,10:30,up,down,True,True,False,True,False,False,False,False,True,second_completes,sideways,0.529807454732819,81.0,134.0,13:00,,
2010-04-06,down_first,09:30,14:30,up,down,False,False,True,False,False,False,False,False,True,neither,,0.18687113451654108,304.0,,,,
2010-04-08,down_first,09:30,13:30,up,down,False,False,False,False,False,False,False,False,False,neither,,0.3713767469858325,246.0,,,,
2010-04-19,up_first,10:00,11:30,down,up,True,True,False,True,False,False,False,True,True,second_completes,mean_reversion,0.4541789197364294,94.0,9.0,11:30,,
2010-05-11,down_first,09:30,13:30,up,down,False,False,True,False,False,False,False,True,True,neither,,-0.15824005352611617,255.0,,,,
2010-05-18,up_first,09:30,13:30,down,up,False,False,False,True,True,False,False,False,False,second_completes,continuation,-0.6529558866782502,239.0,55.0,14:30,25.0,15:00
2010-05-21,down_first,09:30,11:00,up,down,True,True,False,True,False,False,False,True,True,second_completes,mean_reversion,0.6045127841774007,112.0,22.0,11:30,,
2010-06-21,up_first,09:30,15:30,down,up,False,False,False,False,False,False,False,False,True,neither,,-0.19793323047166472,372.0,,,,
2010-07-20,down_first,09:30,15:00,up,down,False,False,False,True,False,False,False,False,False,second_completes,sideways,0.6067036998311177,342.0,20.0,15:30,,
2010-07-29,up_first,09:30,11:30,down,up,True,True,False,True,False,False,False,True,True,second_completes,mean_reversion,-0.23666777964457938,119.0,30.0,12:00,,
2010-08-18,down_first,09:30,13:30,up,down,False,False,True,False,False,False,False,False,True,neither,,0.09549735150253837,226.0,,,,
2010-08-25,down_first,09:30,15:30,up,down,False,False,False,False,False,False,False,False,True,neither,,0.2075493129867644,357.0,,,,
2010-08-27,up_first,09:30,10:00,down,up,True,True,False,False,False,False,True,True,True,first_completes,,1.0148456503338794,32.0,,,,
2010-09-21,down_first,14:00,14:30,up,down,False,False,True,False,False,False,False,True,True,neither,,-0.19870384867778465,25.0,,,,
2010-09-28,down_first,09:30,13:30,up,down,False,False,False,False,False,False,False,True,True,neither,,0.3835431894471702,252.0,,,,
2010-09-30,up_first,09:30,11:00,down,up,True,True,False,False,False,False,False,True,True,neither,,-0.24335727366998083,114.0,,,,
2010-10-12,down_first,09:30,15:00,up,down,False,False,False,False,False,False,False,False,False,neither,,0.3179930850206442,343.0,,,,
2010-10-15,up_first,09:30,10:00,down,up,True,True,True,False,False,False,False,True,True,neither,,0.16563274433233943,51.0,,,,
2010-10-21,up_first,09:30,13:30,down,up,False,False,False,False,False,False,False,True,True,neither,,0.13202048130909846,259.0,,,,
2010-10-28,up_first,09:30,12:30,down,up,True,True,True,False,False,False,False,True,True,neither,,0.07857542454523872,180.0,,,,
2010-11-01,up_first,09:30,15:00,down,up,False,False,False,False,False,False,False,True,True,neither,,0.06062007971668275,343.0,,,,
2010-11-10,down_first,09:30,14:00,up,down,False,False,False,False,False,False,False,False,True,neither,,0.3708811199520147,257.0,,,,
2011-01-05,down_first,09:30,11:00,up,down,True,True,False,True,False,False,False,False,False,second_completes,sideways,0.6577736204821718,117.0,63.0,12:30,,
2011-02-03,down_first,10:00,15:30,up,down,False,False,False,False,False,False,False,False,False,neither,,0.27132351011795064,332.0,,,,
2011-02-11,down_first,09:30,11:00,up,down,True,True,False,True,True,False,False,False,True,second_completes,continuation,0.6568701420863279,92.0,1.0,11:00,259.0,15:00
2011-02-17,down_first,09:30,14:00,up,down,False,False,True,False,False,False,False,False,False,neither,,0.3763574434504487,282.0,,,,
2011-03-01,up_first,09:30,10:00,down,up,True,True,False,True,True,True,False,False,True,second_completes,continuation,-1.6664174893861698,45.0,12.0,10:30,86.0,11:30
2011-03-07,up_first,09:30,11:00,down,up,True,True,False,True,True,True,False,False,False,second_completes,continuation,-0.7546997522514082,82.0,32.0,11:30,14.0,11:30
2011-04-08,up_first,09:30,14:30,down,up,False,False,False,True,True,False,False,False,False,second_completes,continuation,-0.4092966081031217,305.0,15.0,14:30,12.0,15:00
2011-04-11,up_first,09:30,15:00,down,up,False,False,True,False,False,False,False,False,False,neither,,-0.2840856492018161,312.0,,,,
2011-05-02,up_first,09:30,15:30,down,up,False,False,True,False,False,False,False,False,True,neither,,-0.20524323835555164,373.0,,,,
2011-05-12,down_first,09:30,13:00,up,down,False,False,False,True,False,False,False,False,False,second_completes,mean_reversion,0.4783325291072128,221.0,52.0,14:00,,
2011-05-16,down_first,09:30,11:00,up,down,True,True,False,False,False,False,True,True,True,first_completes,,-0.5681494042990927,95.0,,,,
2011-05-26,down_first,10:00,13:00,up,down,False,False,True,False,False,False,False,False,False,neither,,0.3627497984705921,205.0,,,,
2011-06-16,up_first,10:00,14:30,down,up,False,False,True,False,False,False,False,True,True,neither,,0.12291021305077851,270.0,,,,
2011-07-14,up_first,09:30,12:30,down,up,True,True,False,True,False,False,False,False,True,second_completes,mean_reversion,-0.5326146486969352,184.0,24.0,13:00,,
2011-08-01,up_first,09:30,10:00,down,up,True,True,False,True,True,True,False,False,True,second_completes,continuation,-0.33178336361342814,33.0,1.0,10:00,93.0,11:30
2011-08-05,up_first,09:30,09:30,down,up,True,True,False,True,True,True,True,True,True,second_completes,continuation,-0.018252333131656508,23.0,81.0,11:00,6.0,11:00
2011-08-09,up_first,09:30,14:30,down,up,False,False,False,True,False,False,True,True,True,second_completes,mean_reversion,1.8340171028377383,310.0,3.0,14:30,,
2011-08-19,up_first,10:00,14:00,down,up,False,False,True,False,False,False,False,False,True,neither,,-0.5146740742602364,235.0,,,,
2011-08-25,up_first,09:30,10:30,down,up,True,True,False,True,False,False,False,False,False,second_completes,mean_reversion,-0.5365607535173635,66.0,127.0,12:30,,
2011-08-26,down_first,10:00,11:00,up,down,True,True,False,True,False,False,False,False,True,second_completes,mean_reversion,0.5270425675860559,76.0,54.0,12:00,,
2011-10-04,down_first,09:30,15:30,up,down,False,False,False,True,True,False,False,False,False,second_completes,continuation,0.7873438539448041,376.0,8.0,15:30,2.0,15:30
2011-12-13,up_first,09:30,15:00,down,up,False,False,False,True,False,False,False,False,False,second_completes,sideways,-0.4553428054471684,354.0,9.0,15:30,,
2012-01-25,down_first,09:30,13:00,up,down,False,False,False,True,True,False,False,False,False,second_completes,continuation,0.7751758438306589,217.0,44.0,13:30,91.0,15:30
2012-01-26,up_first,09:30,13:30,down,up,False,False,False,True,True,False,False,False,False,second_completes,continuation,-0.49853822711016804,226.0,43.0,14:00,67.0,15:00
2012-01-31,up_first,09:30,11:00,down,up,True,True,True,False,False,False,False,True,True,neither,,-0.014872082949510328,100.0,,,,
2012-02-15,up_first,11:30,13:00,down,up,False,False,False,True,False,False,False,False,True,second_completes,sideways,-0.5340896189629987,72.0,123.0,15:00,,
2012-02-23,down_first,09:30,12:30,up,down,True,True,True,False,False,False,False,False,True,neither,,0.45547729923243796,168.0,,,,
2012-02-27,down_first,09:30,12:30,up,down,True,True,False,False,False,False,False,False,True,neither,,0.18123060114412545,200.0,,,,
2012-02-29,up_first,09:30,10:30,down,up,True,True,False,True,False,False,False,True,True,second_completes,mean_reversion,-0.5107966752423861,64.0,41.0,11:30,,
2012-03-23,down_first,10:00,12:30,up,down,True,True,True,False,False,False,False,False,False,neither,,0.39925624318710584,171.0,,,,
2012-05-11,down_first,09:30,10:30,up,down,True,True,True,False,False,False,False,True,True,neither,,-0.28789086989824536,71.0,,,,
2012-05-15,up_first,12:00,15:00,down,up,False,False,False,True,False,False,False,False,False,second_completes,mean_reversion,-0.49713975396067567,182.0,17.0,15:00,,
2012-05-18,up_first,10:30,11:30,down,up,True,True,False,True,True,False,False,True,True,second_completes,continuation,-0.5895837198213268,64.0,216.0,15:30,22.0,15:30
2012-06-08,down_first,09:30,13:00,up,down,False,False,True,False,False,False,False,False,False,neither,,0.5587139732445083,202.0,,,,
2012-06-11,up_first,09:30,14:00,down,up,False,False,False,True,True,False,False,False,False,second_completes,continuation,-0.9058859219634589,274.0,74.0,15:00,33.0,15:30
2012-07-10,up_first,09:30,13:30,down,up,False,False,False,True,True,False,False,False,False,second_completes,continuation,-0.6400587381411311,258.0,30.0,14:00,35.0,14:30
2012-07-17,up_first,09:30,10:30,down,up,True,True,False,False,False,False,True,True,True,first_completes,,0.5656543132441084,68.0,,,,
2012-08-21,up_first,09:30,15:00,down,up,False,False,False,False,False,False,False,False,False,neither,,-0.3891719857219425,328.0,,,,
2012-09-25,up_first,10:00,14:00,down,up,False,False,False,True,True,True,False,False,False,second_completes,continuation,-1.3397599125335289,260.0,37.0,14:30,9.0,15:00
2012-10-02,up_first,09:30,14:00,down,up,False,False,True,False,False,False,False,True,True,neither,,0.08153672977244208,296.0,,,,
2012-10-12,up_first,10:00,11:30,down,up,True,True,True,False,False,False,False,False,True,neither,,-0.3217191141914331,90.0,,,,
2012-10-24,up_first,09:30,15:30,down,up,False,False,True,False,False,False,False,False,False,neither,,-0.27836445748613065,371.0,,,,
2012-10-31,up_first,09:30,12:30,down,up,True,True,True,False,False,False,False,True,True,neither,,0.054470525349344594,177.0,,,,
2012-11-02,up_first,09:30,14:00,down,up,False,False,False,True,True,True,False,False,False,second_completes,continuation,-0.8966682407912088,270.0,38.0,14:30,52.0,15:30
2012-11-05,down_first,09:30,15:30,up,down,False,False,True,False,False,False,False,False,True,neither,,0.18917940861067034,351.0,,,,
2012-11-08,up_first,09:30,12:00,down,up,True,True,False,True,True,True,False,False,False,second_completes,continuation,-1.0234438725733188,146.0,73.0,13:00,1.0,13:00
2012-11-13,down_first,09:30,10:30,up,down,True,True,True,False,False,False,False,True,True,neither,,-0.3184237623246193,86.0,,,,
2012-11-16,down_first,10:00,12:30,up,down,True,True,True,False,False,False,False,True,True,neither,,0.38461258021683037,147.0,,,,
2012-11-28,down_first,09:30,12:30,up,down,True,True,False,True,False,False,False,False,True,second_completes,sideways,0.675677424409968,185.0,175.0,15:30,,
2012-12-03,up_first,09:30,15:00,down,up,False,False,True,False,False,False,False,False,False,neither,,-0.43789345383171446,345.0,,,,
2012-12-05,down_first,10:30,12:00,up,down,True,True,True,False,False,False,False,False,True,neither,,0.16931506280763978,79.0,,,,
2013-01-18,down_first,11:30,15:30,up,down,False,False,True,False,False,False,False,False,False,neither,,0.39462818271158895,252.0,,,,
2013-01-22,down_first,10:30,14:30,up,down,False,False,True,False,False,False,False,False,False,neither,,0.4817130325009081,244.0,,,,
2013-01-24,down_first,09:30,10:00,up,down,True,True,False,True,False,False,False,True,True,second_completes,mean_reversion,0.04355935886229779,34.0,83.0,11:00,,
2013-02-25,up_first,09:30,11:30,down,up,True,True,False,True,True,True,False,False,True,second_completes,continuation,-2.342691953595777,140.0,8.0,11:30,106.0,13:30
2013-03-04,down_first,12:30,14:30,up,down,False,False,True,False,False,False,False,False,False,neither,,0.47194863347377497,135.0,,,,
2013-03-19,up_first,09:30,11:30,down,up,True,True,False,True,True,True,False,False,True,second_completes,continuation,-0.3034418290402614,141.0,5.0,11:30,1.0,11:30
2013-03-25,up_first,09:30,11:00,down,up,True,True,False,True,True,False,False,False,True,second_completes,continuation,-0.37357197202675396,109.0,96.0,12:30,12.0,13:00
2013-04-22,down_first,10:30,14:00,up,down,False,False,True,False,False,False,False,False,False,neither,,0.43028413954480116,225.0,,,,
2013-05-22,up_first,10:00,14:00,down,up,False,False,False,True,True,True,False,False,False,second_completes,continuation,-1.0156423132205297,243.0,4.0,14:00,7.0,14:00
2013-06-03,up_first,10:00,11:00,down,up,True,True,True,False,False,False,False,True,True,neither,,0.5613275524985222,62.0,,,,
2013-06-06,down_first,12:00,14:30,up,down,False,False,False,True,False,False,False,False,True,second_completes,sideways,0.7407322130789038,145.0,64.0,15:30,,
2013-06-12,up_first,09:30,11:30,down,up,True,True,False,True,True,False,False,False,True,second_completes,continuation,-0.7456551427717043,143.0,143.0,14:00,61.0,15:00
2013-06-21,up_first,09:30,11:30,down,up,True,True,True,False,False,False,False,True,True,neither,,0.1916660794264777,118.0,,,,
2013-07-02,up_first,10:00,14:30,down,up,False,False,True,False,False,False,False,True,True,neither,,-0.01723554687060219,265.0,,,,
2013-07-24,up_first,09:30,12:00,down,up,True,True,False,True,False,False,False,False,False,second_completes,sideways,-0.44520889094202715,162.0,81.0,13:30,,
2013-08-13,down_first,10:00,13:00,up,down,False,False,True,False,False,False,False,False,False,neither,,0.36203657906110265,186.0,,,,
2013-08-26,up_first,11:00,15:00,down,up,False,False,True,False,False,False,False,False,True,neither,,-0.47221144983360575,260.0,,,,
2013-09-06,up_first,09:30,09:30,down,up,True,True,False,True,True,True,True,True,True,second_completes,continuation,-0.0027756496120993775,14.0,2.0,09:30,16.0,10:00
2013-09-24,down_first,10:00,13:30,up,down,False,False,True,False,False,False,False,True,True,neither,,-0.29371111775723335,213.0,,,,
2013-10-09,down_first,11:00,14:00,up,down,False,False,True,False,False,False,False,True,True,neither,,0.05975607246578876,178.0,,,,
2013-10-14,down_first,09:30,14:00,up,down,False,False,False,False,False,False,False,False,True,neither,,0.41700825931732377,290.0,,,,
2013-10-17,down_first,09:30,12:30,up,down,True,True,False,True,False,False,False,False,False,second_completes,sideways,0.6591541801675669,195.0,180.0,15:30,,
2013-11-13,down_first,09:30,13:00,up,down,False,False,False,True,True,True,False,False,False,second_completes,continuation,1.0084373588146192,239.0,115.0,15:00,17.0,15:30
2013-11-20,up_first,10:00,14:30,down,up,False,False,False,True,False,False,False,False,False,second_completes,sideways,-0.46498693929225254,260.0,27.0,15:00,,
2013-12-18,down_first,13:00,14:00,up,down,False,False,False,True,True,True,False,False,False,second_completes,continuation,2.3230367557315836,61.0,1.0,14:00,1.0,14:00
2014-01-06,up_first,09:30,11:00,down,up,True,True,False,True,False,False,False,True,True,second_completes,mean_reversion,-0.38794300111413843,104.0,13.0,11:00,,
2014-01-09,up_first,09:30,10:30,down,up,True,True,True,False,False,False,False,True,True,neither,,0.051286317159609886,79.0,,,,
2014-01-10,up_first,09:30,11:00,down,up,True,True,True,False,False,False,False,True,True,neither,,0.34916224333196566,110.0,,,,
2014-01-21,up_first,09:30,11:00,down,up,True,True,False,False,False,False,False,True,True,neither,,0.3680257699422787,101.0,,,,
2014-02-13,down_first,09:30,13:00,up,down,False,False,True,False,False,False,False,False,False,neither,,0.5591446722536997,222.0,,,,
2014-02-28,up_first,09:30,15:00,down,up,False,False,False,False,False,False,False,True,True,neither,,0.28191862023500325,315.0,,,,
2014-03-07,up_first,09:30,11:00,down,up,True,True,True,False,False,False,False,True,True,neither,,0.04731722415197494,105.0,,,,
2014-03-13,up_first,09:30,11:00,down,up,True,True,False,True,True,True,False,False,False,second_completes,continuation,-1.34246213420998,113.0,45.0,12:00,19.0,12:30
2014-03-21,up_first,09:30,14:30,down,up,False,False,False,False,False,False,False,False,True,neither,,-0.34500439145579137,298.0,,,,
2014-03-26,up_first,09:30,13:30,down,up,False,False,False,True,False,False,False,False,True,second_completes,sideways,-0.7077211012694583,259.0,121.0,15:30,,
2014-04-04,up_first,09:30,11:30,down,up,True,True,False,True,True,True,False,False,False,second_completes,continuation,-1.4088333828114,135.0,19.0,12:00,8.0,12:00
2014-04-08,down_first,10:00,11:00,up,down,True,True,True,False,False,False,False,False,True,neither,,0.3864057518977471,48.0,,,,
2014-04-15,up_first,09:30,11:30,down,up,True,True,False,True,False,False,True,True,True,second_completes,mean_reversion,0.6151542523547524,129.0,63.0,12:30,,
2014-04-28,up_first,09:30,13:00,down,up,False,False,False,True,False,False,False,True,True,second_completes,mean_reversion,0.34747415177901947,222.0,10.0,13:00,,
2014-05-07,up_first,09:30,10:00,down,up,True,True,False,False,False,False,True,True,True,first_completes,,0.6290770653951157,41.0,,,,
2014-05-08,up_first,09:30,15:00,down,up,False,False,False,False,False,False,False,False,True,neither,,-0.17496220616379185,309.0,,,,
2014-06-05,down_first,10:00,11:00,up,down,True,True,False,True,True,True,False,False,False,second_completes,continuation,0.9651455502714735,63.0,28.0,11:30,13.0,12:00
2014-06-16,down_first,09:30,10:00,up,down,True,True,True,False,False,False,False,True,True,neither,,0.13987545690988148,43.0,,,,
2014-06-24,up_first,10:30,14:00,down,up,False,False,False,True,True,True,False,False,False,second_completes,continuation,-1.1242626728303045,231.0,35.0,15:00,1.0,15:00
2014-07-15,up_first,09:30,10:30,down,up,True,True,False,True,True,False,False,False,True,second_completes,continuation,-0.297644287925313,59.0,9.0,10:30,69.0,11:30
2014-07-29,up_first,09:30,11:30,down,up,True,True,False,True,False,False,False,True,True,second_completes,sideways,-0.6671431120948524,99.0,250.0,15:30,,
2014-07-30,up_first,09:30,11:00,down,up,True,True,False,False,False,False,False,True,True,neither,,0.018472129129298225,91.0,,,,
2014-08-01,up_first,10:00,11:00,down,up,True,True,False,True,True,False,False,True,True,second_completes,continuation,-0.36068580274504203,67.0,35.0,11:30,9.0,11:30
2014-08-06,down_first,09:30,11:00,up,down,True,True,True,False,False,False,False,True,True,neither,,-0.012626132446936182,94.0,,,,
2014-08-07,up_first,09:30,11:30,down,up,True,True,False,True,True,False,False,False,True,second_completes,continuation,-0.6444092362266103,136.0,49.0,12:30,159.0,15:00
2014-08-15,up_first,09:30,10:30,down,up,True,True,False,True,True,False,False,True,True,second_completes,continuation,-0.007441778364392182,84.0,58.0,11:30,2.0,11:30
2014-09-04,up_first,09:30,15:00,down,up,False,False,False,True,False,False,False,False,False,second_completes,mean_reversion,-0.23637709064975476,336.0,8.0,15:00,,
2014-09-05,down_first,09:30,12:30,up,down,True,True,False,True,False,False,False,False,False,second_completes,sideways,0.7449615576952212,183.0,181.0,15:30,,
2014-09-10,down_first,10:30,13:00,up,down,False,False,True,False,False,False,False,False,False,neither,,0.5333922913994839,151.0,,,,
2014-09-17,up_first,10:00,14:00,down,up,False,False,False,False,False,False,True,True,True,first_completes,,0.18226974433145046,241.0,,,,
2014-09-30,down_first,10:00,11:00,up,down,True,True,True,False,False,False,False,True,True,neither,,-0.3063062827836805,67.0,,,,
2014-10-06,up_first,09:30,11:30,down,up,True,True,True,False,False,False,False,True,True,neither,,-0.15969424549883646,136.0,,,,
2014-10-08,down_first,10:30,13:30,up,down,False,False,False,True,True,True,False,False,False,second_completes,continuation,1.7274024376793409,173.0,13.0,14:00,7.0,14:00
2014-10-10,up_first,09:30,10:00,down,up,True,True,False,True,True,False,False,True,True,second_completes,continuation,-0.9531022371989419,30.0,15.0,10:30,318.0,15:30
2014-10-16,down_first,09:30,13:00,up,down,False,False,False,False,False,False,False,True,True,neither,,-0.019730598795468977,235.0,,,,
2014-11-13,up_first,10:30,13:30,down,up,False,False,True,False,False,False,False,True,True,neither,,0.04288151302919406,181.0,,,,
2014-12-15,up_first,09:30,11:00,down,up,True,True,False,True,True,True,False,False,True,second_completes,continuation,-0.6764228639544216,105.0,11.0,11:00,13.0,11:30
2014-12-16,down_first,09:30,10:30,up,down,True,True,False,True,True,True,True,True,True,second_completes,continuation,-0.7951905965399955,86.0,23.0,11:00,2.0,11:00
2015-01-02,up_first,09:30,11:00,down,up,True,True,False,True,False,False,False,True,True,second_completes,mean_reversion,-0.038759956791462324,100.0,142.0,13:30,,
2015-01-06,up_first,10:00,11:00,down,up,True,True,False,True,True,True,False,False,True,second_completes,continuation,-0.8502410700593795,43.0,30.0,11:30,10.0,11:30
2015-01-13,up_first,09:30,13:30,down,up,False,False,False,True,True,False,False,True,True,second_completes,continuation,-0.22018634224966763,262.0,15.0,14:00,7.0,14:00
2015-01-21,down_first,09:30,10:30,up,down,True,True,True,False,False,False,False,False,True,neither,,0.35195329516222723,75.0,,,,
2015-01-28,up_first,09:30,14:30,down,up,False,False,False,True,True,True,False,False,True,second_completes,continuation,-1.004477129998578,303.0,54.0,15:00,8.0,15:30
2015-01-29,down_first,10:30,13:30,up,down,False,False,False,True,True,False,False,False,True,second_completes,continuation,0.6868967519442684,189.0,93.0,15:00,17.0,15:30
2015-02-02,down_first,10:00,11:30,up,down,True,True,False,True,True,False,False,True,True,second_completes,continuation,0.9025890002087138,88.0,245.0,15:30,2.0,15:30
2015-02-20,down_first,09:30,14:00,up,down,False,False,True,False,False,False,False,False,False,neither,,0.5838659208474564,261.0,,,,
2015-03-18,down_first,09:30,14:00,up,down,False,False,False,True,True,True,False,False,False,second_completes,continuation,1.2569660553928121,261.0,1.0,14:00,10.0,14:00
2015-04-06,down_first,09:30,10:00,up,down,True,True,False,True,True,False,False,False,False,second_completes,continuation,0.6704078261132566,52.0,40.0,11:00,79.0,12:00
2015-04-27,up_first,09:30,15:00,down,up,False,False,True,False,False,False,False,False,False,neither,,-0.47314549497834285,344.0,,,,
2015-04-28,down_first,10:00,13:00,up,down,False,False,False,False,False,False,False,False,True,neither,,0.32191400617510246,198.0,,,,
2015-05-06,up_first,09:30,09:30,down,up,True,True,False,True,True,True,False,False,True,second_completes,continuation,-0.457691474651429,22.0,17.0,10:00,217.0,13:30
2015-06-09,down_first,10:30,13:30,up,down,False,False,True,False,False,False,False,True,True,neither,,0.03803528553993112,180.0,,,,
2015-06-17,up_first,09:30,12:30,down,up,True,True,False,False,False,False,True,True,True,first_completes,,0.2429583091991713,203.0,,,,
2015-06-25,up_first,09:30,14:00,down,up,False,False,True,False,False,False,False,False,True,neither,,-0.3526046204343215,295.0,,,,
2015-06-26,up_first,10:00,13:00,down,up,False,False,True,False,False,False,False,True,True,neither,,-0.021073323536234093,200.0,,,,
2015-07-07,down_first,09:30,14:30,up,down,False,False,False,True,True,False,False,False,False,second_completes,continuation,0.6881762435150739,288.0,11.0,14:30,28.0,15:00
2015-08-17,down_first,09:30,12:30,up,down,True,True,True,False,False,False,False,False,False,neither,,0.5404681336933955,208.0,,,,
2015-08-25,up_first,09:30,15:30,down,up,False,False,False,True,True,False,False,False,True,second_completes,continuation,-0.8243636658135195,376.0,12.0,15:30,1.0,15:30
2015-09-09,up_first,09:30,14:30,down,up,False,False,False,True,True,False,False,False,True,second_completes,continuation,-0.7133812249617725,310.0,59.0,15:30,14.0,15:30
2015-10-02,down_first,09:30,15:00,up,down,False,False,False,True,True,False,False,False,False,second_completes,continuation,0.8265332259461102,340.0,19.0,15:00,30.0,15:30
2015-12-09,up_first,10:00,12:00,down,up,True,True,False,True,True,True,False,False,False,second_completes,continuation,-0.6713852928015912,128.0,4.0,12:00,8.0,12:30
2015-12-14,down_first,10:00,15:30,up,down,False,False,False,False,False,False,False,False,False,neither,,0.3736119343720151,328.0,,,,
2016-01-08,up_first,09:30,15:00,down,up,False,False,False,True,True,False,False,False,False,second_completes,continuation,-0.7465603621925794,357.0,17.0,15:30,9.0,15:30
2016-01-11,up_first,09:30,13:00,down,up,False,False,False,True,False,False,False,True,True,second_completes,mean_reversion,0.05287483484484141,222.0,34.0,13:30,,
2016-01-13,up_first,09:30,11:30,down,up,True,True,False,True,True,True,False,False,False,second_completes,continuation,-1.6202675550953958,137.0,54.0,12:30,38.0,13:00
2016-01-19,up_first,09:30,14:30,down,up,False,False,True,False,False,False,False,True,True,neither,,0.023787107430970195,314.0,,,,
2016-02-03,down_first,10:00,15:00,up,down,False,False,False,False,False,False,False,False,True,neither,,0.25186888704402377,301.0,,,,
2016-03-10,up_first,09:30,11:00,down,up,True,True,False,True,False,False,False,True,True,second_completes,mean_reversion,0.011556348263140549,88.0,80.0,12:30,,
2016-03-29,down_first,09:30,12:30,up,down,True,True,False,True,True,False,False,False,False,second_completes,continuation,0.8433471959105656,173.0,101.0,14:00,26.0,14:30
2016-04-01,down_first,09:30,13:30,up,down,False,False,False,True,False,False,False,False,False,second_completes,sideways,0.6338522206062537,259.0,107.0,15:30,,
2016-04-27,down_first,10:30,15:00,up,down,False,False,True,False,False,False,False,False,True,neither,,0.21292788017532133,288.0,,,,
2016-05-12,up_first,09:30,11:00,down,up,True,True,True,False,False,False,False,True,True,neither,,-0.0037194224015910794,95.0,,,,
2016-05-18,up_first,11:30,14:00,down,up,False,False,False,True,False,False,False,True,True,second_completes,mean_reversion,0.012891185286168113,156.0,5.0,14:30,,
2016-06-16,down_first,09:30,15:30,up,down,False,False,False,False,False,False,False,False,False,neither,,0.3836662796672618,360.0,,,,
2016-07-06,down_first,09:30,14:30,up,down,False,False,True,False,False,False,False,False,False,neither,,0.4316866516552139,321.0,,,,
2016-08-26,up_first,09:30,12:00,down,up,True,True,False,True,True,False,False,False,True,second_completes,continuation,-0.24683639899688328,157.0,4.0,12:00,124.0,14:00
2016-09-12,down_first,09:30,10:00,up,down,True,True,False,True,True,True,False,False,True,second_completes,continuation,1.9608944666622914,51.0,64.0,11:00,19.0,11:30
2016-09-28,down_first,11:00,14:00,up,down,False,False,False,True,False,False,False,False,False,second_completes,sideways,0.5835895240701682,202.0,92.0,15:30,,
2016-10-27,up_first,09:30,10:00,down,up,True,True,True,False,False,False,False,True,True,neither,,-0.3659888508412076,52.0,,,,
2016-10-28,up_first,10:30,13:00,down,up,False,False,False,True,True,False,False,False,True,second_completes,continuation,-0.4044316566116071,151.0,26.0,13:30,33.0,14:00
2016-11-08,down_first,09:30,11:30,up,down,True,True,False,True,True,False,False,False,True,second_completes,continuation,0.40688286719543476,103.0,37.0,12:00,51.0,13:00
2016-11-09,down_first,09:30,11:00,up,down,True,True,False,True,True,True,False,False,False,second_completes,continuation,1.186206259542999,112.0,8.0,11:30,3.0,11:30
2016-11-10,up_first,09:30,10:30,down,up,True,True,False,False,False,False,True,True,True,first_completes,,0.2016788596951706,67.0,,,,
2017-01-11,up_first,11:00,11:30,down,up,True,True,True,False,False,False,False,True,True,neither,,0.41689723281611785,11.0,,,,
2017-02-01,up_first,09:30,11:30,down,up,True,True,False,False,False,False,False,True,True,neither,,0.03691593043098606,138.0,,,,
2017-02-14,down_first,10:00,13:00,up,down,False,False,False,True,False,False,False,False,False,second_completes,mean_reversion,0.6472421465709778,180.0,60.0,14:00,,
2017-02-23,up_first,09:30,10:30,down,up,True,True,True,False,False,False,False,True,True,neither,,0.04889448418014411,86.0,,,,
2017-03-09,up_first,10:00,14:00,down,up,False,False,True,False,False,False,False,True,True,neither,,0.15281408523664938,245.0,,,,
2017-03-21,up_first,09:30,10:00,down,up,True,True,False,True,True,True,False,False,False,second_completes,continuation,-2.1918507959539606,57.0,23.0,10:30,4.0,10:30
2017-03-22,down_first,10:00,11:00,up,down,True,True,True,False,False,False,False,True,True,neither,,0.2971037980972483,72.0,,,,
2017-03-23,up_first,10:30,15:30,down,up,False,False,False,False,False,False,False,False,True,neither,,-0.1455826236059786,278.0,,,,
2017-03-24,up_first,09:30,15:00,down,up,False,False,False,True,False,False,False,True,True,second_completes,mean_reversion,-0.112170702900749,327.0,14.0,15:00,,
2017-04-05,up_first,09:30,15:30,down,up,False,False,False,True,False,False,False,False,True,second_completes,mean_reversion,-0.45966792885308316,362.0,2.0,15:30,,
2017-04-07,down_first,09:30,13:30,up,down,False,False,True,False,False,False,False,True,True,neither,,-0.10716643730662759,213.0,,,,
2017-04-19,up_first,09:30,15:30,down,up,False,False,False,False,False,False,False,False,True,neither,,-0.2519862511442809,361.0,,,,
2017-06-08,down_first,10:00,12:00,up,down,True,True,True,False,False,False,False,True,True,neither,,0.05179358299263379,108.0,,,,
2017-06-09,up_first,09:30,13:30,down,up,False,False,False,True,True,True,False,False,True,second_completes,continuation,-0.19578441768535196,268.0,37.0,14:30,7.0,14:30
2017-07-27,up_first,09:30,12:30,down,up,True,True,False,True,True,True,False,False,True,second_completes,continuation,-0.19922604615486061,208.0,24.0,13:00,2.0,13:00
2017-08-08,down_first,09:30,11:00,up,down,True,True,False,True,True,False,True,True,True,second_completes,continuation,-0.5126076297253295,90.0,50.0,11:30,18.0,12:00
2017-08-18,down_first,09:30,12:30,up,down,True,True,False,True,False,False,False,True,True,second_completes,mean_reversion,-0.29370448533178284,182.0,3.0,12:30,,
2017-08-24,up_first,09:30,11:30,down,up,True,True,True,False,False,False,False,True,True,neither,,-0.30779249732872843,118.0,,,,
2017-11-07,up_first,09:30,11:30,down,up,True,True,True,False,False,False,False,False,True,neither,,-0.06747128239728759,137.0,,,,
2017-11-08,down_first,09:30,15:30,up,down,False,False,True,False,False,False,False,False,True,neither,,0.31615865105748614,349.0,,,,
2017-11-13,down_first,09:30,15:00,up,down,False,False,False,False,False,False,False,False,True,neither,,0.19567105078777627,351.0,,,,
2017-11-29,up_first,09:30,11:30,down,up,True,True,True,False,False,False,False,True,True,neither,,-0.08505673981613344,116.0,,,,
2017-12-05,up_first,11:00,14:30,down,up,False,False,False,True,False,False,False,False,False,second_completes,sideways,-0.565645030922955,229.0,59.0,15:30,,
2018-01-16,up_first,09:30,14:00,down,up,False,False,False,True,True,True,False,False,False,second_completes,continuation,-0.6086772972206788,286.0,7.0,14:00,19.0,14:30
2018-01-24,up_first,09:30,11:30,down,up,True,True,False,True,True,False,False,True,True,second_completes,continuation,-0.03967260001071585,128.0,90.0,13:00,10.0,13:00
2018-01-31,up_first,09:30,14:30,down,up,False,False,False,False,False,False,False,True,True,neither,,0.11599547767465695,320.0,,,,
2018-02-01,down_first,09:30,11:30,up,down,True,True,True,False,False,False,False,True,True,neither,,-0.08649806308886333,133.0,,,,
2018-02-06,down_first,09:30,09:30,up,down,True,True,False,True,True,True,True,True,True,second_completes,continuation,1.473575283141455,20.0,3.0,09:30,1.0,09:30
2018-02-09,up_first,09:30,12:00,down,up,True,True,False,True,True,True,True,True,True,second_completes,continuation,0.8865865903610602,156.0,3.0,12:00,27.0,12:30
2018-02-28,up_first,09:30,15:30,down,up,False,False,False,True,False,False,False,False,False,second_completes,sideways,-0.7059298912289559,346.0,9.0,15:30,,
2018-03-01,up_first,10:30,12:30,down,up,True,True,False,True,True,True,False,False,True,second_completes,continuation,-0.8428426919936178,115.0,33.0,13:00,41.0,13:30
2018-03-02,down_first,09:30,15:30,up,down,False,False,False,False,False,False,False,False,False,neither,,0.2931425807590418,385.0,,,,
2018-03-13,up_first,09:30,14:30,down,up,False,False,True,False,False,False,False,False,False,neither,,-0.444022488189184,314.0,,,,
2018-03-28,down_first,10:30,12:00,up,down,True,True,True,False,False,False,False,True,True,neither,,-0.17937574480601007,92.0,,,,
2018-04-04,down_first,09:30,14:30,up,down,False,False,False,True,False,False,False,False,False,second_completes,sideways,0.6132232927796123,317.0,51.0,15:30,,
2018-06-27,up_first,09:30,13:00,down,up,False,False,False,True,True,True,False,False,True,second_completes,continuation,-1.0027618544881804,227.0,97.0,14:30,16.0,15:00
2018-07-17,down_first,09:30,12:00,up,down,True,True,False,True,False,False,False,False,False,second_completes,sideways,0.4931818339537832,166.0,186.0,15:00,,
2018-08-01,up_first,10:00,14:00,down,up,False,False,True,False,False,False,False,True,True,neither,,-0.14241057471927077,216.0,,,,
2018-08-02,down_first,09:30,12:00,up,down,True,True,False,True,False,False,False,False,False,second_completes,sideways,0.6492507633697174,177.0,67.0,13:30,,
2018-08-13,up_first,09:30,12:00,down,up,True,True,False,True,False,False,False,False,True,second_completes,mean_reversion,-0.5703420658402185,125.0,59.0,13:00,,
2018-09-11,down_first,09:30,11:30,up,down,True,True,False,True,True,False,False,False,False,second_completes,continuation,0.5738661250823419,139.0,6.0,11:30,14.0,12:00
2018-09-26,up_first,11:00,15:30,down,up,False,False,False,True,False,False,False,False,False,second_completes,sideways,-0.5074538543530084,286.0,2.0,15:30,,
2018-10-05,up_first,09:30,11:00,down,up,True,True,False,True,True,True,False,False,False,second_completes,continuation,-0.8370021186707042,89.0,14.0,11:00,21.0,11:30
2018-10-09,down_first,09:30,10:30,up,down,True,True,True,False,False,False,False,True,True,neither,,-0.1719341751384888,45.0,,,,
2018-10-29,up_first,09:30,15:00,down,up,False,False,False,True,True,True,False,False,False,second_completes,continuation,-0.37151107117819004,335.0,9.0,15:00,18.0,15:30
2018-11-14,up_first,09:30,11:30,down,up,True,True,False,True,True,False,False,False,True,second_completes,continuation,-0.450029787378691,132.0,122.0,13:30,21.0,14:00
2018-11-15,down_first,09:30,13:30,up,down,False,False,False,True,False,False,False,False,True,second_completes,mean_reversion,0.624782642999278,239.0,59.0,14:00,,
2018-12-19,up_first,09:30,14:30,down,up,False,False,False,True,True,True,False,False,False,second_completes,continuation,-0.7659298134879604,296.0,5.0,14:30,5.0,15:00
2018-12-21,up_first,10:00,12:00,down,up,True,True,False,True,True,True,False,False,True,second_completes,continuation,-0.9096077130311948,133.0,165.0,15:00,8.0,15:00
2019-01-23,up_first,09:30,12:00,down,up,True,True,True,False,False,False,False,True,True,neither,,0.12209511962596094,152.0,,,,
2019-03-04,up_first,09:30,11:30,down,up,True,True,False,True,True,True,False,False,False,second_completes,continuation,-0.40369307730078663,120.0,13.0,11:30,4.0,11:30
2019-03-19,up_first,09:30,15:30,down,up,False,False,False,False,False,False,False,True,True,neither,,0.024826670351282918,373.0,,,,
2019-03-20,down_first,09:30,14:30,up,down,False,False,False,False,False,False,False,True,True,neither,,-0.329752398869626,299.0,,,,
2019-04-17,up_first,09:30,12:00,down,up,True,True,True,False,False,False,False,False,True,neither,,-0.305665478630699,155.0,,,,
2019-04-26,down_first,09:30,15:00,up,down,False,False,False,True,False,False,False,False,False,second_completes,,0.6653814259454394,305.0,57.0,15:30,,
2019-05-01,up_first,11:30,14:30,down,up,False,False,False,True,True,True,False,True,True,second_completes,continuation,-1.1142594379885375,179.0,60.0,15:30,7.0,15:30
2019-05-08,down_first,09:30,11:00,up,down,True,True,True,False,False,False,False,True,True,neither,,-0.16238075197098853,82.0,,,,
2019-05-10,down_first,09:30,15:00,up,down,False,False,False,True,False,False,False,False,True,second_completes,mean_reversion,0.3864247583002777,345.0,8.0,15:00,,
2019-05-15,down_first,09:30,11:00,up,down,True,True,False,True,False,False,False,False,False,second_completes,sideways,0.4840262845050389,115.0,41.0,12:00,,
2019-05-28,up_first,09:30,15:00,down,up,False,False,False,True,False,False,False,False,False,second_completes,sideways,-0.7172733611803149,322.0,37.0,15:30,,
2019-07-18,down_first,11:30,14:30,up,down,False,False,False,True,False,False,False,False,False,second_completes,mean_reversion,0.49234553312117335,184.0,26.0,15:00,,
2019-07-19,up_first,09:30,14:30,down,up,False,False,False,True,True,False,False,False,False,second_completes,continuation,-0.8410917114619326,306.0,44.0,15:00,39.0,15:30
2019-07-24,down_first,09:30,14:30,up,down,False,False,False,True,False,False,False,False,False,second_completes,sideways,0.6378448488096392,301.0,69.0,15:30,,
2019-08-01,up_first,09:30,13:30,down,up,False,False,False,True,True,True,False,False,True,second_completes,continuation,-1.1284898123515144,237.0,13.0,13:30,1.0,13:30
2019-08-27,up_first,09:30,12:30,down,up,True,True,True,False,False,False,False,True,True,neither,,-0.21742037446583468,202.0,,,,
2019-09-24,up_first,09:30,12:00,down,up,True,True,False,True,True,True,False,False,False,second_completes,continuation,-0.8463117033134511,171.0,1.0,12:00,15.0,12:30
2019-09-25,down_first,10:00,12:00,up,down,True,True,False,True,False,False,False,False,True,second_completes,sideways,0.6096676604082135,128.0,177.0,15:00,,
2019-10-01,up_first,09:30,10:00,down,up,True,True,False,True,True,True,False,False,True,second_completes,continuation,-1.227508941058132,48.0,43.0,11:00,59.0,12:00
2019-10-03,down_first,10:00,11:00,up,down,True,True,False,True,False,False,False,False,True,second_completes,mean_reversion,0.6817370443542916,79.0,185.0,14:00,,
2019-10-30,down_first,10:00,15:00,up,down,False,False,True,False,False,False,False,False,False,neither,,0.3951540668748987,319.0,,,,
2019-12-13,down_first,09:30,10:00,up,down,True,True,False,True,False,False,False,True,True,second_completes,mean_reversion,-0.001820552259078751,28.0,4.0,10:00,,
2019-12-31,down_first,09:30,15:30,up,down,False,False,True,False,False,False,False,False,False,neither,,0.5070811535415901,384.0,,,,
2020-01-06,down_first,09:30,15:30,up,down,False,False,False,False,False,False,False,False,False,neither,,0.5668126509042674,377.0,,,,
2020-01-10,up_first,10:00,15:00,down,up,False,False,False,True,False,False,False,False,False,second_completes,sideways,-0.4377034088105405,313.0,23.0,15:30,,
2020-01-30,down_first,09:30,15:30,up,down,False,False,False,False,False,False,False,False,False,neither,,0.39035752625500125,387.0,,,,
2020-02-25,up_first,09:30,10:00,down,up,True,True,False,True,True,True,False,False,False,second_completes,continuation,-2.572106091455845,55.0,3.0,10:00,23.0,10:30
2020-02-26,up_first,09:30,13:30,down,up,False,False,False,False,False,False,False,True,True,neither,,-0.2758614829820798,254.0,,,,
2020-03-03,down_first,09:30,10:00,up,down,True,True,False,True,False,False,True,True,True,second_completes,mean_reversion,-1.380001745854826,23.0,1.0,10:00,,
2020-03-19,down_first,09:30,11:30,up,down,True,True,True,False,False,False,False,True,True,neither,,0.07744363492173194,119.0,,,,
2020-05-14,down_first,09:30,15:30,up,down,False,False,False,False,False,False,False,False,False,neither,,0.44219941316519573,380.0,,,,
2020-06-15,down_first,09:30,14:00,up,down,False,False,False,False,False,False,False,False,True,neither,,0.37831016889475366,275.0,,,,
2020-06-19,up_first,09:30,14:00,down,up,False,False,True,False,False,False,False,True,True,neither,,-0.26629050989428105,276.0,,,,
2020-06-25,down_first,09:30,15:00,up,down,False,False,True,False,False,False,False,False,False,neither,,0.5088303441919462,335.0,,,,
2020-07-13,up_first,09:30,15:30,down,up,False,False,False,False,False,False,False,False,True,neither,,-0.5023803281538064,364.0,,,,
2020-07-14,down_first,09:30,14:00,up,down,False,False,False,True,False,False,False,False,True,second_completes,sideways,0.7171052716543591,250.0,107.0,15:30,,
2020-07-31,up_first,09:30,12:30,down,up,True,True,True,False,False,False,False,True,True,neither,,0.529844813124577,185.0,,,,
2020-08-11,up_first,09:30,15:00,down,up,False,False,False,True,True,False,False,False,True,second_completes,continuation,-0.6562208581874732,348.0,29.0,15:30,6.0,15:30
2020-08-20,down_first,09:30,15:00,up,down,False,False,True,False,False,False,False,False,True,neither,,0.2888645644375151,334.0,,,,
2020-09-04,up_first,09:30,09:30,down,up,True,True,False,True,True,True,False,True,True,second_completes,continuation,-0.6575076292809559,22.0,19.0,10:00,2.0,10:00
2020-09-10,up_first,09:30,12:30,down,up,True,True,False,True,True,True,False,False,True,second_completes,continuation,-1.0943997285985543,182.0,103.0,14:00,8.0,14:00
2020-09-11,up_first,09:30,13:00,down,up,False,False,True,False,False,False,False,True,True,neither,,0.037436009531670505,237.0,,,,
2020-09-24,down_first,09:30,12:00,up,down,True,True,False,True,False,False,False,True,True,second_completes,mean_reversion,0.15686138054584775,147.0,82.0,13:00,,
2020-10-06,up_first,14:30,14:30,down,up,False,False,False,True,True,False,False,False,True,second_completes,continuation,-0.8177980466528662,6.0,3.0,14:30,11.0,15:00
2020-12-14,up_first,09:30,15:30,down,up,False,False,False,False,False,False,False,False,True,neither,,-0.3985112012659178,380.0,,,,
2021-01-04,up_first,09:30,10:00,down,up,True,True,False,True,True,True,False,False,False,second_completes,continuation,-1.5082224120929753,38.0,25.0,10:30,12.0,10:30
2021-01-06,down_first,09:30,10:00,up,down,True,True,False,True,True,True,False,False,False,second_completes,continuation,0.5152542205697863,40.0,18.0,10:00,13.0,10:30
2021-01-08,up_first,09:30,13:30,down,up,False,False,True,False,False,False,False,True,True,neither,,0.4580416950583534,247.0,,,,
2021-01-25,up_first,10:00,10:30,down,up,True,True,False,True,True,True,False,True,True,second_completes,continuation,0.350208569894404,54.0,4.0,11:00,2.0,11:00
2021-02-10,up_first,09:30,10:30,down,up,True,True,True,False,False,False,False,True,True,neither,,-0.01948134812804276,72.0,,,,
2021-02-23,down_first,09:30,15:00,up,down,False,False,False,False,False,False,False,False,True,neither,,0.10400221699771688,351.0,,,,
2021-02-24,down_first,09:30,11:00,up,down,True,True,False,True,True,True,False,False,False,second_completes,continuation,1.0037654063951502,101.0,44.0,12:00,31.0,12:30
2021-02-26,up_first,09:30,10:00,down,up,True,True,False,True,False,False,True,True,True,second_completes,mean_reversion,-0.36571589315605463,50.0,6.0,10:00,,
2021-03-04,down_first,10:00,11:30,up,down,True,True,False,False,False,False,True,True,True,first_completes,,-0.916711039338939,100.0,,,,
2021-03-05,up_first,09:30,11:00,down,up,True,True,False,True,False,False,True,True,True,second_completes,mean_reversion,1.2328280241469693,104.0,14.0,11:00,,
2021-03-24,up_first,09:30,15:30,down,up,False,False,True,False,False,False,False,False,False,neither,,-0.39164376797656714,374.0,,,,
2021-03-25,down_first,09:30,15:00,up,down,False,False,False,False,False,False,False,False,False,neither,,0.3716383619906103,322.0,,,,
2021-05-06,down_first,10:00,11:30,up,down,True,True,False,True,True,False,False,False,True,second_completes,continuation,0.8578684222452075,100.0,247.0,15:30,2.0,15:30
2021-07-07,up_first,09:30,10:30,down,up,True,True,True,False,False,False,False,True,True,neither,,0.49388721691428117,69.0,,,,
2021-07-16,up_first,09:30,10:00,down,up,True,True,False,True,True,True,False,False,True,second_completes,continuation,-0.9943259523640666,54.0,245.0,14:00,21.0,14:30
2021-08-12,down_first,10:00,15:00,up,down,False,False,True,False,False,False,False,False,False,neither,,0.4110716266417003,297.0,,,,
2021-08-16,down_first,09:30,15:30,up,down,False,False,False,False,False,False,False,False,False,neither,,0.4098349340328057,386.0,,,,
2021-08-19,down_first,09:30,11:30,up,down,True,True,False,False,False,False,False,True,True,neither,,0.16423230484063453,137.0,,,,
2021-09-09,up_first,10:00,13:00,down,up,False,False,False,True,False,False,False,False,False,second_completes,mean_reversion,-0.7326260807113907,198.0,10.0,13:30,,
2021-09-10,up_first,09:30,10:30,down,up,True,True,False,True,True,True,False,True,True,second_completes,continuation,-1.159251180558021,85.0,264.0,15:00,16.0,15:30
2021-09-13,up_first,09:30,14:30,down,up,False,False,False,False,False,False,False,True,True,neither,,0.33158500359333787,307.0,,,,
2021-09-14,up_first,09:30,10:00,down,up,True,True,False,True,True,True,False,False,True,second_completes,continuation,-0.7539008269274619,32.0,183.0,13:00,75.0,14:00
2021-09-30,up_first,09:30,11:30,down,up,True,True,False,True,True,True,False,False,True,second_completes,continuation,-1.1403053780041392,130.0,25.0,12:00,4.0,12:00
2021-10-01,up_first,09:30,10:00,down,up,True,True,False,False,False,False,True,True,True,first_completes,,0.9777029985603328,53.0,,,,
2021-10-11,up_first,10:00,15:30,down,up,False,False,True,False,False,False,False,False,False,neither,,-0.5622687036042782,332.0,,,,
2021-10-13,down_first,10:00,14:00,up,down,False,False,True,False,False,False,False,False,True,neither,,0.25210817429886606,227.0,,,,
2021-11-18,up_first,09:30,10:00,down,up,True,True,True,False,False,False,False,True,True,neither,,0.45389452866337227,50.0,,,,
2021-11-22,up_first,09:30,15:30,down,up,False,False,False,False,False,False,False,False,False,neither,,-0.4452765949703146,389.0,,,,
2021-11-23,up_first,09:30,10:00,down,up,True,True,False,True,True,False,False,True,True,second_completes,continuation,0.22836027233947373,34.0,30.0,10:30,4.0,11:00
2021-12-01,up_first,09:30,15:00,down,up,False,False,False,True,True,True,False,False,True,second_completes,continuation,-1.1337816777861942,352.0,30.0,15:30,3.0,15:30
2021-12-03,up_first,09:30,10:00,down,up,True,True,False,True,True,True,False,False,True,second_completes,continuation,-0.6586194130811219,30.0,34.0,10:30,8.0,10:30
2021-12-15,down_first,11:30,14:00,up,down,False,False,False,True,True,True,False,True,True,second_completes,continuation,1.250018631524662,151.0,54.0,15:00,8.0,15:00
2022-01-04,up_first,09:30,13:30,down,up,False,False,True,False,False,False,False,True,True,neither,,-0.05904101553411277,261.0,,,,
2022-01-06,down_first,10:00,12:30,up,down,True,True,True,False,False,False,False,True,True,neither,,-0.07697043652484711,159.0,,,,
2022-01-11,down_first,09:30,11:30,up,down,True,True,False,True,False,False,False,False,True,second_completes,sideways,0.7326103695550109,119.0,193.0,14:30,,
2022-01-19,up_first,09:30,15:30,down,up,False,False,False,True,False,False,False,False,False,second_completes,sideways,-0.7050395247857565,363.0,20.0,15:30,,
2022-01-20,up_first,09:30,15:30,down,up,False,False,False,True,True,False,False,False,False,second_completes,continuation,-0.7918651094136948,366.0,13.0,15:30,5.0,15:30
2022-01-26,up_first,09:30,15:00,down,up,False,False,False,True,False,False,False,True,True,second_completes,mean_reversion,-0.11155772336163805,339.0,15.0,15:00,,
2022-01-27,up_first,09:30,13:00,down,up,False,False,False,False,False,False,False,True,True,neither,,-0.280722091998315,239.0,,,,
2022-02-23,up_first,09:30,13:00,down,up,False,False,False,True,True,False,False,False,False,second_completes,continuation,-0.9262583837690568,222.0,75.0,14:00,36.0,15:00
2022-02-24,down_first,09:30,15:30,up,down,False,False,False,True,True,False,False,False,False,second_completes,continuation,0.701607035001417,362.0,18.0,15:30,3.0,15:30
2022-03-08,down_first,10:00,12:00,up,down,True,True,False,True,True,False,False,True,True,second_completes,continuation,-0.32412980654282003,129.0,30.0,12:30,22.0,13:00
2022-03-14,up_first,10:30,13:30,down,up,False,False,True,False,False,False,False,False,True,neither,,-0.3360886042439641,165.0,,,,
2022-04-07,down_first,12:30,15:00,up,down,False,False,True,False,False,False,False,False,False,neither,,0.25307951593272077,132.0,,,,
2022-04-12,up_first,09:30,15:00,down,up,False,False,False,False,False,False,False,False,True,neither,,-0.20497345108251372,339.0,,,,
2022-04-21,up_first,09:30,13:00,down,up,False,False,False,True,True,True,False,False,True,second_completes,continuation,-0.9489233747055088,216.0,69.0,14:00,40.0,14:30
2022-05-02,up_first,10:30,13:00,down,up,False,False,False,True,False,False,False,True,True,second_completes,mean_reversion,0.2640195262242175,152.0,70.0,14:00,,
2022-05-11,up_first,10:00,13:30,down,up,False,False,False,True,False,False,False,False,True,second_completes,sideways,-0.6318588506487361,197.0,127.0,15:30,,
2022-05-20,up_first,09:30,11:00,down,up,True,True,False,True,True,False,False,True,True,second_completes,continuation,0.007345184143113901,100.0,76.0,12:30,34.0,13:00
2022-06-07,down_first,09:30,15:30,up,down,False,False,True,False,False,False,False,False,False,neither,,0.4061523436554276,367.0,,,,
2022-06-28,up_first,09:30,11:30,down,up,True,True,False,True,True,False,False,False,False,second_completes,continuation,-0.839612493903966,128.0,93.0,13:00,82.0,14:30
2022-07-18,up_first,09:30,15:30,down,up,False,False,True,False,False,False,False,False,False,neither,,-0.4191779389727168,364.0,,,,
2022-07-21,down_first,10:00,15:00,up,down,False,False,True,False,False,False,False,False,False,neither,,0.4889658949475362,283.0,,,,
2022-07-28,down_first,10:00,11:30,up,down,True,True,False,True,False,False,False,False,False,second_completes,sideways,0.6183845608087407,82.0,118.0,13:30,,
2022-08-31,up_first,09:30,14:30,down,up,False,False,True,False,False,False,False,False,True,neither,,-0.4730255404268109,292.0,,,,
2022-09-02,up_first,09:30,13:00,down,up,False,False,False,True,True,False,False,False,False,second_completes,continuation,-0.6357496206746709,233.0,29.0,13:30,103.0,15:30
2022-09-08,down_first,09:30,11:00,up,down,True,True,True,False,False,False,False,True,True,neither,,0.37776232983926605,92.0,,,,
2022-09-21,up_first,10:00,14:00,down,up,False,False,False,True,True,False,True,True,True,first_completes,continuation,-0.9111884401902334,216.0,95.0,15:30,9.0,15:30
2022-09-27,up_first,09:30,13:30,down,up,False,False,False,False,False,False,False,True,True,neither,,-0.08663376146332188,251.0,,,,
2022-09-30,up_first,11:00,14:30,down,up,False,False,False,True,False,False,False,False,False,second_completes,sideways,-0.6308853654906242,215.0,68.0,15:30,,
2022-10-13,down_first,09:30,11:00,up,down,True,True,False,True,True,True,False,False,True,second_completes,continuation,1.151433664167657,107.0,3.0,11:00,18.0,11:30
2022-10-14,up_first,09:30,10:00,down,up,True,True,False,True,True,True,False,False,False,second_completes,continuation,-0.9522503587669322,34.0,32.0,10:30,85.0,12:00
2022-10-20,up_first,10:00,14:00,down,up,False,False,True,False,False,False,False,False,True,neither,,-0.332850005002711,232.0,,,,
2022-11-02,down_first,12:30,14:00,up,down,False,False,False,False,False,False,True,True,True,first_completes,,-1.207766657132322,86.0,,,,
2022-12-14,up_first,11:00,14:00,down,up,False,False,False,True,True,False,False,True,True,second_completes,continuation,-0.37075391396974583,187.0,26.0,14:30,1.0,14:30
2023-01-03,up_first,09:30,11:00,down,up,True,True,False,True,False,False,False,False,True,second_completes,mean_reversion,-0.2325760290043712,101.0,92.0,12:30,,
2023-01-12,down_first,09:30,13:00,up,down,False,False,True,False,False,False,False,False,True,neither,,0.20843506238122422,197.0,,,,
2023-02-01,down_first,10:30,14:30,up,down,False,False,False,True,True,True,False,False,False,second_completes,continuation,0.7176177022135477,232.0,8.0,14:30,15.0,15:00
2023-02-09,up_first,09:30,14:30,down,up,False,False,False,True,False,False,False,False,False,second_completes,sideways,-0.5708841838974703,304.0,53.0,15:00,,
2023-03-02,down_first,09:30,14:00,up,down,False,False,False,True,False,False,False,False,False,second_completes,sideways,0.5405177976115915,265.0,96.0,15:30,,
2023-03-09,up_first,09:30,13:00,down,up,False,False,False,True,True,True,False,False,False,second_completes,continuation,-1.3389486172001333,217.0,24.0,13:30,15.0,14:00
2023-03-13,down_first,09:30,11:00,up,down,True,True,False,True,False,False,False,True,True,second_completes,mean_reversion,-0.10037333167603192,92.0,26.0,11:00,,
2023-03-16,down_first,09:30,10:30,up,down,True,True,False,True,True,True,False,False,False,second_completes,continuation,1.0366982522323485,84.0,31.0,11:00,31.0,11:30
2023-03-22,up_first,14:00,15:00,down,up,False,False,False,True,True,True,False,True,True,second_completes,continuation,-1.0248489916543468,62.0,43.0,15:30,2.0,15:30
2023-04-12,up_first,09:30,15:00,down,up,False,False,True,False,False,False,False,False,True,neither,,-0.32781456940576287,356.0,,,,
2023-04-26,up_first,12:00,14:30,down,up,False,False,True,False,False,False,False,False,False,neither,,-0.34403796004876314,158.0,,,,
2023-05-03,up_first,14:00,15:00,down,up,False,False,False,True,False,False,False,False,True,second_completes,sideways,-0.5978600072765594,81.0,34.0,15:30,,
2023-05-10,up_first,09:30,13:00,down,up,False,False,False,False,False,False,False,True,True,neither,,0.38680200322998326,237.0,,,,
2023-06-14,up_first,11:00,14:00,down,up,False,False,False,True,False,False,False,True,True,second_completes,mean_reversion,0.08491234673173288,169.0,4.0,14:00,,
2023-06-16,up_first,09:30,15:30,down,up,False,False,True,False,False,False,False,False,False,neither,,-0.35552157325993045,389.0,,,,
2023-07-26,down_first,10:30,14:30,up,down,False,False,True,False,False,False,False,True,True,neither,,0.002534741600907314,223.0,,,,
2023-07-27,up_first,09:30,14:00,down,up,False,False,False,True,True,True,False,False,False,second_completes,continuation,-0.8157904873349253,296.0,11.0,14:30,30.0,15:00
2023-08-04,up_first,09:30,14:30,down,up,False,False,False,True,False,False,False,False,False,second_completes,sideways,-0.5974772450926112,308.0,59.0,15:30,,
2023-08-17,up_first,09:30,14:30,down,up,False,False,False,True,True,False,False,False,False,second_completes,continuation,-0.788609740558843,303.0,31.0,15:00,9.0,15:00
2023-08-24,up_first,09:30,10:30,down,up,True,True,False,True,True,True,False,False,False,second_completes,continuation,-1.3281136514155536,75.0,50.0,11:30,17.0,11:30
2023-08-25,up_first,09:30,10:30,down,up,True,True,False,False,False,False,True,True,True,first_completes,,0.6059576112437407,89.0,,,,
2023-09-20,up_first,09:30,15:00,down,up,False,False,False,True,True,True,False,False,False,second_completes,continuation,-1.0475954905713958,316.0,20.0,15:30,2.0,15:30
2023-09-25,down_first,09:30,15:30,up,down,False,False,True,False,False,False,False,False,False,neither,,0.3960529531291376,384.0,,,,
2023-09-27,up_first,09:30,12:00,down,up,True,True,False,True,False,False,False,True,True,second_completes,mean_reversion,0.026424287256657596,154.0,81.0,13:00,,
2023-09-29,up_first,09:30,13:00,down,up,False,False,False,False,False,False,False,True,True,neither,,-0.2290210348218561,224.0,,,,
2023-10-06,down_first,09:30,11:30,up,down,True,True,False,True,True,True,False,False,False,second_completes,continuation,1.039173963194076,123.0,9.0,11:30,14.0,11:30
2023-10-09,down_first,09:30,13:30,up,down,False,False,False,True,False,False,False,False,False,second_completes,sideways,0.5271970986668602,254.0,60.0,14:30,,
2023-10-13,up_first,09:30,11:00,down,up,True,True,False,True,False,False,False,False,True,second_completes,mean_reversion,-0.4132124795872799,117.0,119.0,13:00,,
2023-10-19,up_first,12:00,12:30,down,up,True,True,False,True,True,False,False,True,True,second_completes,continuation,-0.6844614880168989,14.0,133.0,14:30,55.0,15:30
2023-10-23,down_first,09:30,12:30,up,down,True,True,False,False,False,False,False,True,True,neither,,-0.1186701987718855,200.0,,,,
2023-12-06,up_first,09:30,15:00,down,up,False,False,True,False,False,False,False,False,False,neither,,-0.4316643412477467,354.0,,,,
2024-01-04,up_first,10:30,15:30,down,up,False,False,True,False,False,False,False,False,False,neither,,-0.3984976322534186,302.0,,,,
2024-03-08,up_first,09:30,12:30,down,up,True,True,False,True,True,False,False,False,True,second_completes,continuation,-0.7332261557186953,187.0,7.0,12:30,37.0,13:30
2024-04-04,up_first,09:30,14:30,down,up,False,False,False,True,True,True,False,False,False,second_completes,continuation,-1.5639317536835184,300.0,2.0,14:30,23.0,14:30
2024-04-09,up_first,09:30,10:30,down,up,True,True,False,True,True,False,False,True,True,second_completes,continuation,0.16550928218399638,60.0,11.0,10:30,2.0,10:30
2024-04-11,down_first,10:00,13:00,up,down,False,False,False,True,True,True,False,False,False,second_completes,continuation,0.7613918603954022,169.0,15.0,13:00,43.0,14:00
2024-04-15,up_first,09:30,13:00,down,up,False,False,False,True,True,True,False,False,False,second_completes,continuation,-1.1473986807316598,229.0,7.0,13:00,4.0,13:30
2024-04-17,up_first,09:30,11:30,down,up,True,True,False,True,False,False,False,True,True,second_completes,mean_reversion,-0.5262981573672664,122.0,70.0,12:30,,
2024-05-23,up_first,09:30,13:30,down,up,False,False,False,True,True,True,False,False,False,second_completes,continuation,-0.8794245859560438,248.0,18.0,13:30,8.0,14:00
2024-05-31,up_first,09:30,10:00,down,up,True,True,False,True,True,False,True,True,True,second_completes,continuation,0.9761900469345602,44.0,66.0,11:30,42.0,12:00
2024-06-03,up_first,09:30,12:00,down,up,True,True,False,True,True,False,False,True,True,second_completes,continuation,0.10905737663954503,162.0,10.0,12:00,48.0,13:00
2024-06-07,down_first,09:30,13:00,up,down,False,False,True,False,False,False,False,True,True,neither,,-0.13673783526515296,232.0,,,,
2024-06-20,up_first,09:30,12:30,down,up,True,True,False,True,False,False,False,False,True,second_completes,mean_reversion,-0.3129802014872408,163.0,65.0,13:30,,
2024-06-28,up_first,09:30,15:00,down,up,False,False,False,True,False,False,False,False,True,second_completes,mean_reversion,-0.5710156819981237,338.0,18.0,15:30,,
2024-07-02,down_first,09:30,13:30,up,down,False,False,False,True,True,False,False,False,False,second_completes,continuation,0.7956503411556717,260.0,101.0,15:30,27.0,15:30
2024-07-18,up_first,09:30,11:00,down,up,True,True,False,True,True,True,False,False,False,second_completes,continuation,-0.9105640543886275,103.0,11.0,11:00,9.0,11:30
2024-07-25,down_first,10:00,11:00,up,down,True,True,False,True,True,True,False,True,True,second_completes,continuation,-0.4885265552014979,70.0,5.0,11:00,60.0,12:00
2024-07-30,up_first,09:30,11:00,down,up,True,True,False,True,True,True,False,False,True,second_completes,continuation,-0.463151660162993,82.0,39.0,11:30,71.0,12:30
2024-08-01,up_first,09:30,10:30,down,up,True,True,False,True,True,True,False,False,False,second_completes,continuation,-1.1367008747860923,75.0,16.0,11:00,36.0,11:30
2024-08-07,up_first,09:30,14:30,down,up,False,False,False,False,False,False,False,False,True,neither,,-0.4252235167517816,318.0,,,,
2024-09-11,down_first,09:30,14:30,up,down,False,False,False,True,True,False,False,False,False,second_completes,continuation,0.7483108945875675,298.0,75.0,15:30,4.0,15:30
2024-09-30,down_first,14:00,15:30,up,down,False,False,True,False,False,False,False,False,False,neither,,0.37139236989164703,96.0,,,,
2024-10-29,down_first,09:30,13:00,up,down,False,False,True,False,False,False,False,False,True,neither,,0.21659849574801318,208.0,,,,
2024-11-19,down_first,09:30,13:30,up,down,False,False,False,False,False,False,False,False,True,neither,,0.38228019805993135,255.0,,,,
2024-11-21,up_first,09:30,10:00,down,up,True,True,False,False,False,False,True,True,True,first_completes,,0.5320662343780781,58.0,,,,
2024-12-18,up_first,10:30,14:00,down,up,False,False,False,True,True,True,False,False,False,second_completes,continuation,-4.189718380821871,202.0,1.0,14:00,3.0,14:00
2024-12-20,down_first,09:30,10:00,up,down,True,True,False,True,True,True,False,False,False,second_completes,continuation,1.1788945619032303,57.0,3.0,10:30,2.0,10:30
2024-12-23,down_first,10:00,12:00,up,down,True,True,False,True,False,False,False,False,True,second_completes,sideways,0.6624791395699332,112.0,220.0,15:30,,
2025-01-02,up_first,09:30,12:30,down,up,True,True,False,True,False,False,False,False,True,second_completes,mean_reversion,-0.19021159588099615,187.0,5.0,12:30,,
2025-01-14,up_first,09:30,12:00,down,up,True,True,True,False,False,False,False,True,True,neither,,0.09507980425038279,150.0,,,,
2025-01-31,up_first,09:30,14:30,down,up,False,False,False,False,False,False,False,False,True,neither,,-0.439804773877879,316.0,,,,
2025-02-24,up_first,09:30,10:00,down,up,True,True,True,False,False,False,False,True,True,neither,,-0.4608467807919446,32.0,,,,
2025-02-27,up_first,09:30,10:00,down,up,True,True,False,True,True,True,False,True,True,second_completes,continuation,-1.4297945373674594,30.0,270.0,14:30,3.0,14:30
2025-03-03,up_first,09:30,10:00,down,up,True,True,False,True,True,True,False,True,True,second_completes,continuation,-1.3962500471625408,28.0,190.0,13:00,18.0,13:00
2025-03-05,down_first,11:30,12:30,up,down,True,True,False,True,True,False,False,False,True,second_completes,continuation,0.7406132169134437,68.0,72.0,14:00,4.0,14:00
2025-03-07,down_first,10:30,14:00,up,down,False,False,False,False,False,False,False,False,True,neither,,0.33915538244244564,227.0,,,,
2025-03-31,down_first,09:30,15:30,up,down,False,False,False,False,False,False,False,False,True,neither,,0.3343714360888363,371.0,,,,
2025-04-01,down_first,10:00,12:00,up,down,True,True,True,False,False,False,False,True,True,neither,,0.22340870804036672,129.0,,,,
2025-04-02,down_first,09:30,12:30,up,down,True,True,False,True,False,False,False,True,True,second_completes,mean_reversion,0.38428072527681184,197.0,24.0,13:00,,
2025-04-07,down_first,09:30,10:00,up,down,True,True,False,True,True,True,True,True,True,second_completes,continuation,-0.11383379388312939,42.0,1.0,10:00,1.0,10:00
2025-04-08,up_first,09:30,15:00,down,up,False,False,False,True,True,True,False,False,False,second_completes,continuation,-0.5267169427347805,336.0,10.0,15:00,21.0,15:30
2025-06-20,up_first,09:30,13:30,down,up,False,False,True,False,False,False,False,False,True,neither,,-0.1789803361119487,247.0,,,,
2025-07-15,up_first,09:30,15:30,down,up,False,False,False,False,False,False,False,False,False,neither,,-0.4706242864036476,387.0,,,,
2025-07-16,down_first,11:00,15:00,up,down,False,False,False,False,False,False,False,False,False,neither,,0.3633655916736827,220.0,,,,
2025-07-29,up_first,09:30,11:00,down,up,True,True,True,False,False,False,False,False,True,neither,,-0.3957480976161199,119.0,,,,
2025-07-30,up_first,13:30,14:30,down,up,False,False,False,True,False,False,False,False,True,second_completes,mean_reversion,-0.13165443977995211,77.0,2.0,15:00,,
2025-07-31,up_first,09:30,14:00,down,up,False,False,False,True,False,False,False,True,True,second_completes,sideways,-0.45614404638858314,285.0,96.0,15:30,,
2025-08-07,up_first,09:30,12:30,down,up,True,True,False,False,False,False,False,False,True,neither,,-0.06844742134040749,196.0,,,,
2025-09-05,up_first,09:30,10:00,down,up,True,True,False,True,True,True,False,False,False,second_completes,continuation,-0.36927861142317425,53.0,12.0,10:30,10.0,10:30
2025-09-30,down_first,10:30,15:30,up,down,False,False,True,False,False,False,False,False,False,neither,,0.5207423676541519,291.0,,,,
2025-10-01,down_first,09:30,14:00,up,down,False,False,False,False,False,False,False,False,False,neither,,0.45205523946101234,270.0,,,,
2025-10-10,up_first,09:30,10:30,down,up,True,True,False,True,True,True,False,False,False,second_completes,continuation,-3.7820510808755716,82.0,1.0,10:30,1.0,11:00
2025-10-14,down_first,09:30,13:30,up,down,False,False,False,False,False,False,False,True,True,neither,,-0.16917711095241322,260.0,,,,
2025-10-15,up_first,09:30,13:00,down,up,False,False,False,False,False,False,False,True,True,neither,,0.3980558666622003,225.0,,,,
2025-10-16,up_first,09:30,12:30,down,up,True,True,False,True,True,True,False,False,True,second_completes,continuation,-0.5888394512392703,165.0,2.0,12:30,99.0,14:00
2025-10-29,up_first,09:30,14:30,down,up,False,False,True,False,False,False,False,True,True,neither,,0.01833408078071973,283.0,,,,
2025-11-14,down_first,09:30,11:00,up,down,True,True,False,False,False,False,False,True,True,neither,,-0.03167348630868651,118.0,,,,
2025-11-20,up_first,09:30,11:30,down,up,True,True,False,True,True,True,False,False,True,second_completes,continuation,-1.2381172300262893,149.0,17.0,12:00,19.0,12:30
2025-11-25,down_first,09:30,12:00,up,down,True,True,False,True,False,False,False,False,False,second_completes,sideways,0.6199439362794474,150.0,195.0,15:30,,
2026-02-11,up_first,09:30,10:00,down,up,True,True,False,False,False,False,False,True,True,neither,,-0.02761982566863006,56.0,,,,
2026-02-12,up_first,09:30,10:30,down,up,True,True,False,True,True,True,False,False,False,second_completes,continuation,-1.3938646667418921,84.0,10.0,11:00,8.0,11:00
2026-02-13,down_first,09:30,11:30,up,down,True,True,True,False,False,False,False,True,True,neither,,0.02810178348071425,122.0,,,,
2026-03-09,down_first,09:30,15:00,up,down,False,False,False,True,False,False,False,False,False,second_completes,sideways,0.6219876372241057,357.0,7.0,15:30,,
2026-03-13,up_first,09:30,13:30,down,up,False,False,False,False,False,False,False,False,True,neither,,-0.431993426206838,259.0,,,,
2026-03-30,up_first,09:30,15:00,down,up,False,False,True,False,False,False,False,False,True,neither,,-0.2550831985989036,337.0,,,,
