month_end,direction,open_dom,open_wom,completes,days_to_complete,days_trig_to_open,d_ema21_slope,d_px_minus_ema21,d_po,d_po_slope,d_zone,w_ema21_slope,w_po,w_po_slope,w_zone,atr_14,pmc
2002-01-31,down,29,5,True,1.0,6,-0.1038,-6.37,-19.7,3.77,neutral,-0.0537,-2.3,-2.53,neutral,97.61,1148.08
2002-02-28,down,4,1,False,,0,-0.1347,-10.31,-23.7,2.26,neutral_down,-0.1391,-7.2,-4.9,neutral,97.45,1130.2
2002-03-31,up,4,1,True,2.0,1,0.0557,22.66,21.1,20.99,neutral,0.034,-11.0,14.13,neutral,94.48,1106.73
2002-04-30,down,8,2,True,13.0,3,-0.0974,-16.7,-33.2,-4.94,neutral_down,-0.1137,0.2,-11.47,neutral,92.53,1147.39
2002-06-30,down,4,1,True,6.0,1,-0.1996,-37.94,-54.1,-21.11,neutral_down,-0.3873,-31.4,-5.47,neutral_down,89.5,1067.14
2002-07-31,down,2,1,True,5.0,1,-0.3992,-42.75,-59.2,-8.61,neutral_down,-0.8575,-67.4,0.15,accumulation,91.52,989.82
2002-08-31,up,19,3,False,,1,0.1986,28.72,30.2,3.68,neutral_up,-0.6549,-56.3,19.09,neutral_down,100.61,911.62
2002-08-31,down,2,1,True,1.0,1,-0.1218,-15.66,-10.3,-7.09,neutral,-1.9413,-104.7,-2.26,extended_down,100.61,911.62
2002-09-30,down,4,1,True,11.0,1,-0.0894,-39.09,-26.4,-24.5,neutral_down,-0.6857,-40.7,1.34,neutral_down,102.82,916.07
2002-10-31,up,15,3,True,0.0,10,-0.2772,8.35,-7.2,18.15,neutral,-1.017,-62.7,10.4,accumulation,104.32,815.28
2002-10-31,down,10,2,False,,3,-0.6343,-57.99,-72.1,-7.78,accumulation,-1.6011,-73.1,-8.23,accumulation,104.32,815.28
2002-11-30,up,21,3,False,,13,0.1633,21.15,24.4,10.17,neutral_up,-0.0237,-7.9,6.49,neutral,106.78,885.76
2002-12-31,down,6,1,True,15.0,2,0.1233,-5.98,3.6,-14.31,neutral,0.2198,8.1,6.3,neutral,104.14,936.31
2003-01-31,up,6,1,False,,2,-0.068,11.25,10.0,14.04,neutral,0.0039,-8.3,8.57,neutral,102.76,879.82
2003-01-31,down,31,5,False,,4,-0.4441,-41.05,-72.1,-8.93,accumulation,-0.505,-17.8,-16.17,neutral,102.76,879.82
2003-02-28,down,13,2,False,,4,-0.4188,-38.97,-72.2,-7.48,accumulation,-0.7751,-39.3,-12.49,neutral_down,102.18,855.7
2003-03-31,up,20,3,False,,2,0.2282,34.45,54.6,13.41,neutral_up,-0.4687,-35.1,2.62,neutral_down,99.05,841.15
2003-03-31,down,11,2,False,,2,-0.209,-27.8,-42.0,-16.3,neutral_down,-0.5711,-37.7,-2.62,neutral_down,99.05,841.15
2003-04-30,up,7,1,True,10.0,3,0.1265,17.91,32.9,3.36,neutral_up,0.0557,-2.3,6.22,neutral,99.62,848.18
2003-05-31,up,28,4,False,,11,0.0863,24.85,38.6,20.26,neutral_up,0.4008,37.1,-3.06,neutral_up,97.96,916.92
2003-06-30,up,6,1,False,,2,0.3535,41.72,93.0,7.55,distribution,0.6394,46.5,9.41,neutral_up,95.43,963.59
2003-07-31,up,9,2,False,,2,0.1212,21.85,41.0,11.02,neutral_up,0.5244,52.0,-2.54,neutral_up,92.31,974.5
2003-10-31,up,3,1,True,4.0,2,-0.0599,6.54,2.9,14.72,neutral,0.1495,36.4,-19.89,neutral_up,84.09,995.97
2003-12-31,up,18,3,True,6.0,3,0.117,13.56,41.8,3.74,neutral_up,0.4432,53.9,7.09,neutral_up,78.66,1058.2
2004-01-31,up,20,3,False,,7,0.196,27.25,87.6,9.34,distribution,0.7051,97.8,10.93,distribution,77.26,1111.92
2004-03-31,down,11,2,True,7.0,1,-0.0078,-19.99,-30.5,-30.39,neutral_down,0.4823,78.6,2.53,distribution,72.42,1144.94
2004-05-31,down,10,2,False,,0,-0.0998,-23.68,-41.3,-18.41,neutral_down,-0.1292,-2.9,-14.79,neutral,70.59,1107.3
2004-07-31,down,6,1,True,9.0,2,0.0218,-5.09,-3.3,-12.92,neutral,0.0627,15.7,-6.17,neutral,66.64,1140.84
2004-08-31,down,6,1,True,5.0,1,-0.0624,-21.31,-38.5,-24.28,neutral_down,-0.0979,-18.8,4.07,neutral,66.31,1101.72
2004-09-30,up,13,2,False,,5,0.1407,17.84,55.1,5.6,neutral_up,0.154,12.0,11.49,neutral,65.07,1104.24
2004-10-31,up,4,1,False,,1,0.0116,16.52,29.9,30.19,neutral_up,0.1828,19.8,8.83,neutral,62.74,1114.58
2004-10-31,down,25,4,False,,3,-0.0998,-17.22,-42.9,-11.75,neutral_down,-0.1309,-6.9,-13.1,neutral,62.74,1114.58
2004-11-30,up,4,1,True,1.0,1,0.1355,22.88,54.0,14.8,neutral_up,0.1618,8.7,15.53,neutral,61.96,1130.2
2004-12-31,up,13,2,True,8.0,8,0.0836,10.49,34.9,-0.34,neutral_up,0.3853,64.0,-2.21,distribution,61.89,1173.82
2005-01-31,down,4,1,True,11.0,0,0.1063,2.12,31.1,-23.15,neutral_up,0.4442,74.6,2.65,distribution,60.58,1211.92
2005-02-28,up,8,2,False,,2,0.0934,14.8,45.8,5.95,neutral_up,0.2949,33.4,15.9,neutral_up,60.12,1181.27
2005-03-31,up,7,1,False,,1,0.0946,19.54,47.2,14.75,neutral_up,0.3343,51.5,6.53,neutral_up,58.08,1203.6
2005-03-31,down,21,3,True,5.0,3,-0.0769,-11.58,-36.1,-1.52,neutral_down,0.051,23.0,-14.64,neutral,58.08,1203.6
2005-04-30,down,15,3,True,0.0,1,-0.059,-19.85,-36.4,-21.71,neutral_down,-0.0032,-2.3,1.78,neutral,58.6,1180.59
2005-05-31,up,18,3,True,3.0,10,-0.0072,8.03,6.8,13.33,neutral,-0.155,-18.4,-4.47,neutral,58.4,1156.85
2005-06-30,up,17,3,False,,12,0.0927,15.48,45.3,7.59,neutral_up,0.1553,22.4,2.74,neutral,58.04,1191.5
2005-07-31,up,11,2,True,3.0,4,0.0139,11.88,16.7,21.02,neutral,0.2039,25.7,7.79,neutral_up,56.13,1191.33
2005-08-31,down,24,4,False,,6,-0.0584,-7.84,-23.4,-3.74,neutral,0.1203,31.3,-9.72,neutral_up,56.52,1234.18
2005-09-30,up,9,2,False,,3,0.0581,8.61,30.5,-1.52,neutral_up,0.0969,16.4,0.68,neutral,55.68,1220.33
2005-10-31,down,5,1,True,1.0,1,0.0013,-8.16,-8.4,-18.04,neutral,0.122,20.5,1.11,neutral,54.4,1228.81
2005-11-30,up,10,2,True,5.0,5,0.1391,14.13,41.6,-1.35,neutral_up,0.103,-0.8,17.24,neutral,55.17,1207.01
2005-12-31,up,6,1,False,,3,0.1421,16.55,60.5,-5.44,neutral_up,0.3348,53.2,4.39,neutral_up,56.2,1249.48
2006-01-31,up,3,1,True,3.0,0,-0.0139,-9.53,-21.2,-14.6,neutral,0.1089,35.0,-15.65,neutral_up,54.27,1248.29
2006-02-28,down,7,1,False,,2,-0.0163,-8.23,-21.8,-6.98,neutral,0.1095,31.2,-12.28,neutral_up,53.9,1280.08
2006-03-31,up,15,3,False,,8,0.0141,15.23,25.1,22.75,neutral_up,0.1479,32.9,-5.65,neutral_up,53.19,1280.66
2006-04-30,up,20,3,False,,12,-0.0005,12.64,20.7,16.6,neutral,0.1041,27.9,-7.7,neutral_up,52.43,1294.83
2006-05-31,down,12,2,True,3.0,0,0.0879,-4.73,14.1,-28.83,neutral,0.3014,48.7,9.23,neutral_up,51.36,1310.61
2006-06-30,up,2,1,False,,1,-0.0761,3.62,-14.1,23.02,neutral,-0.0312,-1.4,-3.72,neutral,53.5,1270.09
2006-06-30,down,8,2,True,0.0,2,-0.0692,-21.23,-38.5,-10.76,neutral_down,0.0287,1.6,3.05,neutral,53.5,1270.09
2006-07-31,down,13,2,True,1.0,0,0.0481,-3.59,6.3,-15.15,neutral,-0.0701,-14.2,3.79,neutral,54.78,1270.2
2006-08-31,up,17,3,False,,9,0.0686,23.86,40.1,18.8,neutral_up,-0.0233,-1.4,-1.88,neutral,54.86,1276.66
2006-09-30,up,15,3,True,8.0,2,0.0904,15.84,51.7,2.78,neutral_up,0.1464,25.9,-3.21,neutral_up,54.18,1303.82
2006-10-31,up,12,2,True,2.0,6,0.1544,15.71,65.5,-8.94,distribution,0.3955,54.3,10.1,neutral_up,53.84,1335.85
2006-11-30,up,15,3,False,,1,0.0934,18.93,49.6,12.03,neutral_up,0.4056,69.1,2.89,distribution,54.45,1377.94
2006-12-31,up,14,2,False,,7,0.0843,11.73,40.8,-0.17,neutral_up,0.4282,78.9,2.39,distribution,53.91,1400.63
2007-01-31,up,24,4,False,,7,0.0512,6.45,20.7,1.27,neutral,0.3463,70.1,0.54,distribution,53.33,1418.3
2007-02-28,up,20,3,False,,8,0.0774,14.67,50.4,1.25,neutral_up,0.3792,71.6,5.56,distribution,52.21,1438.24
2007-02-28,down,27,4,True,0.0,0,0.0704,3.39,22.1,-10.36,neutral,0.3185,69.2,-2.43,distribution,52.21,1438.24
2007-03-31,up,21,3,False,,0,-0.0843,4.21,-8.1,17.16,neutral,-0.1072,-2.6,-14.61,neutral,53.64,1406.82
2007-03-31,down,1,1,True,9.0,0,-0.077,-31.72,-60.2,-17.38,neutral_down,0.3185,69.2,-2.43,distribution,53.64,1406.82
2007-04-30,up,5,1,True,6.0,2,0.0677,17.36,33.4,7.66,neutral_up,0.1019,15.8,0.07,neutral,55.16,1420.86
2007-05-31,up,4,1,True,10.0,2,0.1603,29.29,77.1,9.09,distribution,0.45,65.3,11.39,distribution,57.05,1482.37
2007-06-30,down,7,1,True,0.0,1,0.1105,0.87,28.0,-25.56,neutral_up,0.4862,81.4,5.29,distribution,57.18,1530.62
2007-07-31,up,3,1,True,6.0,1,-0.0406,7.88,-0.0,16.17,neutral,0.1732,36.8,-9.72,neutral_up,57.12,1503.35
2007-07-31,down,26,4,True,0.0,0,0.0051,-11.1,-15.2,-7.4,neutral,0.27,48.2,-5.87,neutral_up,57.12,1503.35
2007-08-31,up,7,1,True,1.0,3,-0.2903,-25.89,-56.2,19.91,neutral_down,-0.3587,-17.5,-27.66,neutral,60.3,1455.27
2007-08-31,down,6,1,True,7.0,3,-0.3184,-63.08,-76.1,-17.3,accumulation,-0.3587,-17.5,-27.66,neutral,60.3,1455.27
2007-09-30,up,18,3,True,0.0,10,0.0727,7.45,15.3,-3.85,neutral,0.0514,-3.0,8.6,neutral,65.52,1473.99
2007-09-30,down,10,2,False,,1,0.0628,-11.5,0.1,-15.73,neutral,-0.1535,-11.7,-4.74,neutral,65.52,1473.99
2007-10-31,up,5,1,True,4.0,4,0.2105,28.44,59.2,-1.55,neutral_up,0.2719,22.2,8.0,neutral,67.94,1526.75
2007-10-31,down,19,3,False,,0,0.069,3.65,12.5,-5.04,neutral,0.4073,41.9,6.42,neutral_up,67.94,1526.75
2007-11-30,down,1,1,True,1.0,0,0.0341,18.27,19.4,13.75,neutral,0.2184,23.2,1.42,neutral,69.27,1549.38
2007-12-31,up,7,1,False,,1,0.0942,35.91,31.2,18.68,neutral_up,-0.0518,-15.0,10.0,neutral,74.55,1481.14
2007-12-31,down,17,3,False,,9,0.0582,-10.77,-0.2,-14.28,neutral,-0.1381,-8.0,-5.23,neutral,74.55,1481.14
2008-01-31,down,4,1,True,0.0,2,-0.0769,-23.73,-29.5,-8.2,neutral_down,-0.0578,-5.5,-0.33,neutral,75.51,1468.36
2008-02-29,down,5,1,True,1.0,0,-0.0459,-0.39,-0.4,-0.04,neutral,-0.3414,-45.2,18.24,neutral_down,84.52,1378.55
2008-03-31,down,7,1,True,1.0,3,-0.2244,-43.98,-42.1,-14.78,neutral_down,-0.6023,-43.9,-1.81,neutral_down,84.15,1330.63
2008-04-30,up,1,1,True,1.0,0,0.0308,-3.92,-4.1,-0.64,neutral,-0.4784,-38.9,3.71,neutral_down,85.47,1322.7
2008-05-31,up,2,1,True,11.0,1,0.1879,34.74,44.4,12.1,neutral_up,0.149,2.6,9.31,neutral,85.22,1385.59
2008-06-30,down,6,1,True,3.0,4,-0.0371,10.73,-2.2,21.74,neutral,0.1046,7.3,1.75,neutral,83.93,1400.38
2008-07-31,down,7,1,True,4.0,1,-0.4344,-54.61,-87.6,1.06,accumulation,-0.7474,-49.8,-10.64,neutral_down,87.36,1280.0
2008-08-31,up,11,2,False,,3,0.0626,24.46,20.4,14.46,neutral,-0.2007,-31.4,14.68,neutral_down,87.68,1267.38
2008-09-30,down,4,1,True,1.0,0,0.0292,-4.79,-2.5,-5.43,neutral,-0.2464,-20.7,-0.77,neutral,86.11,1282.83
2008-10-31,down,2,1,True,1.0,1,-0.3987,-45.17,-41.8,4.45,neutral_down,-0.6382,-35.9,-7.52,neutral_down,94.0,1164.74
2008-11-30,down,6,1,True,0.0,0,-0.0505,-21.27,-4.1,-8.9,neutral,-1.9978,-90.5,20.18,accumulation,110.66,968.75
2008-12-31,down,1,1,True,0.0,0,-0.2887,12.14,-2.4,10.57,neutral,-1.946,-74.7,15.81,accumulation,121.79,896.24
2009-01-31,down,14,2,True,1.0,2,-0.053,-19.67,-17.1,-7.08,neutral,-1.1484,-40.0,0.13,neutral_down,120.46,903.25
2009-02-28,up,9,2,False,,1,-0.1081,16.97,3.6,17.08,neutral,-0.8882,-42.2,9.43,neutral_down,121.82,825.88
2009-02-28,down,19,3,True,2.0,2,-0.3737,-47.76,-51.4,-9.5,neutral_down,-1.3073,-44.4,-2.11,neutral_down,121.82,825.88
2009-03-31,up,18,3,True,3.0,2,0.0585,27.52,17.7,16.27,neutral,-1.5214,-64.0,13.03,accumulation,123.16,735.09
2009-03-31,down,5,1,False,,3,-0.9786,-61.69,-88.0,10.38,accumulation,-2.2861,-64.7,-10.11,accumulation,123.16,735.09
2009-04-30,up,9,2,True,13.0,5,0.4043,22.74,31.5,-1.8,neutral_up,-0.168,-21.4,14.86,neutral,126.23,797.87
2009-05-31,up,7,1,False,,3,0.4629,55.94,76.4,10.95,distribution,0.1962,4.8,4.09,neutral,124.74,872.81
2009-07-31,up,23,4,True,5.0,3,0.34,31.69,67.3,-0.01,distribution,0.4746,15.3,13.42,neutral,116.62,919.32
2009-07-31,down,8,2,False,,2,-0.1288,-30.1,-39.7,-17.98,neutral_down,0.0438,11.7,-9.2,neutral,116.62,919.32
2009-08-31,up,24,4,False,,11,0.1329,35.31,52.6,21.05,neutral_up,0.8723,59.2,5.31,neutral_up,117.39,987.48
2009-09-30,up,16,3,False,,3,0.2722,30.83,67.3,3.56,distribution,0.7953,59.5,4.49,neutral_up,113.36,1020.62
2009-10-31,up,19,3,False,,3,0.2549,24.4,66.6,-8.5,distribution,0.8237,62.9,7.53,distribution,111.56,1057.08
2009-11-30,up,9,2,True,2.0,2,-0.0707,7.54,2.3,12.1,neutral,0.5187,42.5,0.95,neutral_up,109.4,1036.19
2010-01-31,down,29,5,False,,5,-0.2702,-31.74,-65.4,-7.47,accumulation,0.1269,36.9,-23.85,neutral_up,103.1,1115.1
2010-03-31,up,9,2,True,6.0,2,0.1971,28.27,66.5,6.89,distribution,0.4553,33.5,15.46,neutral_up,98.98,1104.49
2010-04-30,up,14,2,False,,3,0.1908,23.86,75.9,-0.12,distribution,0.6304,71.9,8.68,distribution,97.35,1169.43
2010-05-31,down,6,1,True,0.0,1,-0.0458,-23.72,-31.5,-17.82,neutral_down,0.4033,65.6,-15.02,distribution,94.0,1186.69
2010-06-30,up,21,3,False,,4,0.1138,16.29,21.8,2.68,neutral,-0.0157,-13.3,12.03,neutral,99.02,1089.41
2010-06-30,down,7,1,False,,1,-0.279,-44.32,-39.7,-14.99,neutral_down,-0.5385,-30.6,-11.07,neutral_down,99.02,1089.41
2010-07-31,up,8,2,True,3.0,1,-0.3901,-8.61,-41.5,28.7,neutral_down,-0.8252,-39.4,-18.88,neutral_down,99.3,1030.71
2010-08-31,down,24,4,True,3.0,8,-0.1424,-23.99,-41.7,-6.24,neutral_down,-0.2462,-12.6,-6.76,neutral,100.07,1101.6
2010-09-30,up,2,1,True,5.0,1,-0.1806,5.23,-19.7,29.24,neutral,-0.2859,-17.6,-4.93,neutral,99.32,1049.33
2010-10-31,up,13,2,False,,3,0.2211,26.78,61.3,1.98,neutral_up,0.446,35.2,7.86,neutral_up,99.92,1141.2
2010-11-30,up,4,1,False,,0,0.1395,22.31,48.6,6.48,neutral_up,0.4495,46.5,0.51,neutral_up,97.38,1183.26
2010-12-31,up,2,1,True,6.0,1,0.0006,13.52,6.7,21.92,neutral,0.3064,41.2,-8.21,neutral_up,94.28,1180.55
2011-01-31,up,18,3,False,,3,0.1684,28.57,85.6,10.97,distribution,0.6844,84.7,9.46,distribution,93.41,1257.64
2011-02-28,up,7,1,True,9.0,4,0.1484,22.75,62.0,4.37,distribution,0.6459,81.8,9.46,distribution,89.96,1286.12
2011-03-31,down,11,2,True,2.0,8,-0.0155,-19.34,-16.7,-24.12,neutral,0.4751,77.9,-9.71,distribution,87.67,1327.22
2011-04-30,up,28,4,False,,2,0.1449,29.41,59.9,14.13,neutral_up,0.37,47.4,2.99,neutral_up,87.35,1325.83
2011-05-31,down,5,1,False,,1,0.1741,9.34,44.2,-19.26,neutral_up,0.5047,58.7,11.32,neutral_up,86.1,1363.61
2011-06-30,down,2,1,True,2.0,1,-0.0438,-17.65,-16.5,-22.68,neutral,0.1766,30.1,-5.6,neutral_up,84.15,1345.2
2011-07-31,up,7,1,False,,3,0.2274,33.7,70.7,3.08,distribution,0.2842,5.2,29.94,neutral,84.36,1320.64
2011-07-31,down,29,5,False,,9,0.0222,-18.64,-20.1,-17.79,neutral,0.2609,23.4,8.52,neutral,84.36,1320.64
2011-08-31,down,2,1,True,1.0,0,-0.1205,-27.19,-42.6,-8.09,neutral_down,-0.1241,4.8,-18.66,neutral,83.6,1292.28
2011-09-30,down,2,1,True,1.0,0,0.0783,6.39,10.5,-3.83,neutral,-0.7403,-64.5,10.03,accumulation,92.33,1218.89
2011-10-31,up,7,1,True,1.0,1,-0.2582,5.4,-11.8,17.29,neutral,-0.8241,-48.4,-3.01,neutral_down,93.95,1131.42
2011-10-31,down,4,1,False,,1,-0.2667,-64.96,-49.1,-18.97,neutral_down,-0.8241,-48.4,-3.01,neutral_down,93.95,1131.42
2011-11-30,down,17,3,True,2.0,12,0.0882,-3.88,7.2,-12.11,neutral,0.2509,14.9,1.98,neutral,102.81,1253.3
2011-12-31,down,19,3,False,,4,-0.0732,-8.75,-14.0,1.27,neutral,-0.0666,0.5,-4.95,neutral,103.95,1246.96
2012-01-31,up,10,2,True,8.0,5,0.2175,24.58,47.2,0.09,neutral_up,0.3146,17.7,6.11,neutral,101.31,1257.6
2012-02-29,up,8,2,True,14.0,3,0.2273,33.73,76.3,2.5,distribution,0.6072,45.8,8.92,neutral_up,99.5,1312.41
2012-03-31,up,16,3,False,,3,0.1853,35.29,82.6,11.54,distribution,0.5087,57.2,-1.33,neutral_up,97.08,1365.68
2012-04-30,down,10,2,False,,1,0.0461,-13.22,-8.7,-24.27,neutral,0.465,61.6,-5.74,neutral_up,95.8,1408.47
2012-05-31,down,8,2,True,4.0,2,-0.0096,-17.16,-25.9,-12.76,neutral_down,0.1533,31.0,-13.28,neutral_up,93.6,1397.91
2012-06-30,up,18,3,False,,5,0.0255,20.26,20.4,15.86,neutral,0.055,-6.6,12.44,neutral,95.72,1310.33
2012-06-30,down,4,1,False,,1,-0.2047,-51.77,-68.7,-25.04,accumulation,-0.4506,-31.0,-15.58,neutral_down,95.72,1310.33
2012-07-31,down,12,2,False,,2,0.0688,-1.29,5.1,-7.53,neutral,0.113,10.0,2.25,neutral,95.79,1362.16
2012-08-31,up,16,3,False,,7,0.1734,20.98,51.8,-1.24,neutral_up,0.3557,34.3,7.21,neutral_up,93.69,1379.32
2012-09-30,up,13,2,True,0.0,5,0.169,22.5,61.3,3.15,neutral_up,0.4312,46.3,9.4,neutral_up,92.14,1406.58
2012-10-31,down,25,4,False,,2,-0.0943,-29.16,-53.3,-15.02,neutral_down,0.1856,31.6,-6.76,neutral_up,91.13,1440.67
2012-11-30,down,8,2,True,4.0,1,-0.0879,-30.89,-38.3,-23.87,neutral_down,0.0458,12.1,-5.95,neutral,89.45,1412.16
2013-01-31,up,2,1,True,11.0,0,-0.0153,6.06,-3.1,16.34,neutral,-0.0332,4.9,-9.22,neutral,86.72,1426.19
2013-03-31,up,8,2,True,14.0,3,0.1415,27.1,61.1,6.22,neutral_up,0.3584,60.9,-4.56,neutral_up,83.61,1514.68
2013-04-30,down,18,3,False,,9,0.0621,-10.5,0.5,-21.09,neutral,0.5102,76.6,7.83,distribution,82.55,1569.19
2013-05-31,up,8,2,True,4.0,3,0.1755,39.69,79.5,11.07,distribution,0.5403,72.6,11.71,distribution,81.05,1597.57
2013-06-30,down,6,1,True,11.0,1,-0.0255,-25.9,-24.9,-23.01,neutral_down,0.406,77.5,-15.98,distribution,82.83,1630.74
2013-07-31,up,8,2,True,3.0,4,0.0032,14.79,10.7,13.95,neutral,0.2852,33.2,5.33,neutral_up,83.62,1606.28
2013-08-31,down,16,3,True,7.0,1,-0.0068,-22.68,-23.3,-31.5,neutral,0.3842,66.2,-7.07,distribution,84.37,1685.73
2013-09-30,up,9,2,True,2.0,3,-0.0572,-0.91,-8.4,6.44,neutral,0.1256,18.9,0.15,neutral,84.22,1632.97
2013-10-31,up,16,3,True,2.0,3,0.0425,10.07,24.5,-4.37,neutral_up,0.265,39.8,1.23,neutral_up,85.12,1681.55
2013-10-31,down,9,2,False,,1,-0.0516,-28.93,-38.1,-25.2,neutral_down,0.2185,38.6,-3.49,neutral_up,85.12,1681.55
2013-11-30,up,14,2,True,10.0,1,0.1085,28.71,55.4,10.28,neutral_up,0.453,73.3,3.04,distribution,88.24,1756.54
2013-12-31,up,26,4,False,,2,0.1421,33.45,70.5,11.62,distribution,0.4377,69.9,5.88,distribution,86.75,1805.81
2013-12-31,down,12,2,False,,6,0.0436,-7.84,7.6,-27.64,neutral,0.4364,83.7,-3.96,distribution,86.75,1805.81
2014-01-31,down,24,4,True,0.0,15,0.0511,-3.67,11.4,-20.43,neutral,0.3717,74.5,-4.83,distribution,86.37,1848.36
2014-02-28,up,11,2,True,3.0,0,-0.1161,4.73,-9.4,17.79,neutral,0.1209,23.9,-3.75,neutral_up,85.94,1782.59
2014-02-28,down,3,1,False,,0,-0.184,-29.34,-57.3,0.44,neutral_down,0.0531,27.6,-18.37,neutral_up,85.94,1782.59
2014-04-30,down,8,2,True,3.0,1,0.0631,-18.4,-5.6,-27.73,neutral,0.2481,42.6,-1.32,neutral_up,86.26,1872.34
2014-05-31,up,29,5,False,,2,0.0976,23.31,49.9,3.85,neutral_up,0.2918,41.8,6.82,neutral_up,86.02,1883.95
2014-06-30,up,18,3,False,,8,0.0865,17.66,47.3,1.97,neutral_up,0.3527,64.7,-1.91,distribution,84.47,1923.57
2014-08-31,up,15,3,True,2.0,1,-0.0329,7.98,0.7,15.79,neutral,0.0793,26.5,-12.31,neutral_up,80.63,1930.67
2014-09-30,down,25,4,False,,11,0.033,5.27,5.1,6.81,neutral,0.3002,55.2,4.02,neutral_up,82.03,2003.37
2014-10-31,up,31,5,False,,2,0.1861,45.86,51.4,6.71,neutral_up,0.0941,-5.7,19.26,neutral,80.12,1972.29
2014-10-31,down,2,1,True,6.0,1,-0.0976,-37.38,-48.3,-22.95,neutral_down,0.1504,41.9,-13.28,neutral_up,80.12,1972.29
2014-11-30,up,18,3,True,5.0,5,0.198,34.64,68.6,-2.08,distribution,0.3564,45.6,9.47,neutral_up,88.5,2018.05
2014-12-31,down,10,2,True,2.0,1,0.0979,8.78,30.5,-11.65,neutral_up,0.3993,65.1,3.22,distribution,87.52,2067.56
2015-01-31,down,5,1,True,1.0,0,0.0947,0.57,13.3,-12.33,neutral,0.2197,41.9,-8.9,neutral_up,89.91,2058.9
2015-02-28,up,3,1,True,1.0,1,-0.0992,-8.91,-19.7,9.57,neutral,-0.1114,2.3,-16.8,neutral,89.51,1994.99
2015-03-31,down,6,1,True,2.0,0,0.0843,10.2,24.8,-5.16,neutral_up,0.2996,40.1,2.36,neutral_up,93.02,2104.5
2015-04-30,up,13,2,True,10.0,4,0.0426,21.86,25.0,12.49,neutral_up,0.2119,21.3,8.24,neutral,91.94,2067.89
2015-05-31,up,4,1,False,,1,0.0352,10.06,9.3,7.98,neutral,0.1869,26.9,-0.01,neutral_up,90.91,2085.51
2015-06-30,down,9,2,False,,2,-0.0583,-27.39,-39.6,-15.57,neutral_down,0.0367,14.9,-9.08,neutral,89.18,2107.39
2015-07-31,up,13,2,True,3.0,6,-0.1096,-6.75,-29.4,19.24,neutral_down,-0.0507,-3.4,-4.68,neutral,88.07,2063.11
2015-08-31,down,7,1,True,9.0,1,-0.0126,-13.56,-12.1,-11.95,neutral,0.0609,5.8,3.6,neutral,88.12,2103.84
2015-09-30,up,17,3,False,,1,-0.0635,14.98,0.9,13.74,neutral,-0.4463,-53.6,5.06,neutral_down,99.37,1972.18
2015-09-30,down,1,1,True,0.0,0,-0.401,-48.64,-50.8,5.09,neutral_down,-0.4126,-41.1,-6.45,neutral_down,99.37,1972.18
2015-10-31,up,5,1,True,0.0,1,-0.1904,5.31,-13.9,18.97,neutral,-0.3684,-44.7,6.68,neutral_down,102.91,1920.03
2015-11-30,down,13,2,False,,1,0.0637,-17.33,-0.3,-26.44,neutral,0.2875,25.6,8.8,neutral_up,109.89,2079.36
2015-12-31,down,9,2,True,2.0,4,-0.0135,-10.88,-5.4,-10.1,neutral,0.1965,22.2,1.13,neutral,108.98,2080.41
2016-01-31,down,4,1,True,3.0,0,0.0324,-10.69,-0.3,-14.4,neutral,-0.0044,-0.4,-0.06,neutral,109.12,2043.94
2016-02-29,down,3,1,True,3.0,1,-0.1,-25.85,-13.4,-9.48,neutral,-0.3244,-39.9,9.44,neutral_down,117.88,1940.24
2016-03-31,up,1,1,True,3.0,0,0.1255,14.78,23.4,-7.96,neutral,-0.1245,-25.4,13.81,neutral_down,120.37,1932.23
2016-04-30,up,20,3,False,,2,0.1811,42.81,65.9,6.93,distribution,0.3432,33.2,5.81,neutral_up,121.77,2059.73
2016-06-30,down,16,3,True,7.0,2,-0.0072,-15.18,-19.5,-10.11,neutral,0.2387,32.3,0.27,neutral_up,115.66,2096.96
2016-07-31,up,12,2,True,6.0,2,0.1286,46.58,51.4,11.79,neutral_up,0.3309,29.9,10.89,neutral_up,116.61,2098.86
2016-09-30,down,9,2,False,,0,0.0245,4.23,15.0,-4.27,neutral,0.2654,45.5,-1.36,neutral_up,110.68,2170.95
2016-10-31,down,13,2,False,,2,-0.0331,-16.28,-22.0,-5.97,neutral,0.0939,20.5,-4.72,neutral,107.69,2168.27
2016-11-30,up,9,2,True,8.0,0,-0.0991,11.15,-7.4,26.32,neutral,-0.2105,-16.8,-17.89,neutral,103.92,2126.15
2016-11-30,down,3,1,False,,2,-0.104,-37.34,-56.1,-15.51,neutral_down,-0.0332,1.1,-6.73,neutral,103.92,2126.15
2016-12-31,up,7,1,True,4.0,0,0.0857,27.19,49.6,9.51,neutral_up,0.1999,34.7,-0.68,neutral_up,105.8,2198.81
2017-01-31,up,6,1,False,,3,0.0534,20.43,40.9,4.65,neutral_up,0.2547,55.9,-10.22,neutral_up,104.68,2238.83
2017-02-28,up,10,2,True,3.0,1,0.0755,24.56,45.8,12.86,neutral_up,0.3343,65.4,0.76,distribution,101.64,2278.87
2017-03-31,down,27,4,False,,3,-0.0427,-14.35,-26.6,-3.73,neutral_down,0.2356,70.8,-20.85,distribution,101.52,2363.64
2017-06-30,up,19,3,False,,11,0.0658,11.63,33.3,-5.18,neutral_up,0.2837,67.0,-2.31,distribution,95.43,2411.8
2017-07-31,up,14,2,True,7.0,2,0.0253,17.88,25.8,12.03,neutral_up,0.1857,49.1,-6.35,neutral_up,92.05,2423.41
2017-08-31,down,17,3,False,,5,-0.0298,4.91,3.6,8.09,neutral,0.1208,47.7,-19.38,neutral_up,90.93,2470.3
2017-09-30,up,18,3,False,,4,0.1178,28.16,65.2,3.11,distribution,0.2736,48.7,13.02,neutral_up,89.69,2471.65
2017-10-31,up,10,2,True,8.0,4,0.1432,30.31,101.9,-11.15,extended_up,0.3699,76.5,13.91,distribution,88.49,2519.36
2017-11-30,up,28,4,True,1.0,14,0.0668,18.46,48.6,0.94,neutral_up,0.3285,84.8,4.07,distribution,86.71,2575.26
2017-12-31,up,18,3,False,,4,0.1388,42.87,76.4,11.29,distribution,0.463,112.4,9.09,extended_up,87.68,2647.58
2017-12-31,down,1,1,False,,0,0.1263,51.87,99.0,17.97,distribution,0.3285,84.8,4.07,distribution,87.68,2647.58
2018-01-31,up,3,1,True,1.0,1,0.0909,31.43,60.2,12.52,neutral_up,0.3732,110.5,-6.22,extended_up,87.81,2673.61
2018-02-28,down,2,1,True,0.0,0,0.1787,26.79,56.9,-14.58,neutral_up,0.7824,177.3,18.4,extended_up,95.77,2823.81
2018-03-31,up,9,2,True,0.0,1,0.0027,16.47,7.5,5.78,neutral,0.0728,26.7,-17.05,neutral_up,110.59,2713.83
2018-03-31,down,1,1,True,15.0,0,0.051,-12.75,4.1,-13.96,neutral,0.2824,43.8,-1.83,neutral_up,110.59,2713.83
2018-04-30,up,16,3,True,2.0,7,-0.0399,-0.61,-2.0,1.57,neutral,-0.0447,-11.4,6.48,neutral,118.12,2640.87
2018-04-30,down,2,1,True,0.0,0,-0.2958,-45.12,-46.9,14.13,neutral_down,-0.1325,-8.9,-6.19,neutral,118.12,2640.87
2018-05-31,up,9,2,True,1.0,2,-0.0161,11.54,6.4,4.12,neutral,-0.0173,-2.2,0.21,neutral,121.37,2648.05
2018-05-31,down,3,1,False,,0,-0.0301,-24.42,-14.3,-7.39,neutral,0.0053,-2.4,2.97,neutral,121.37,2648.05
2018-06-30,up,5,1,True,4.0,2,0.0481,35.19,30.5,11.89,neutral_up,0.178,19.1,3.39,neutral,123.25,2705.27
2018-07-31,up,9,2,True,1.0,1,-0.0225,21.97,7.8,20.1,neutral,0.1707,20.7,3.43,neutral,121.55,2718.37
2018-08-31,up,21,3,True,4.0,11,0.054,27.16,33.7,8.68,neutral_up,0.3073,48.7,2.23,neutral_up,123.52,2816.29
2018-10-31,down,8,2,True,2.0,2,0.0255,-18.59,-7.8,-21.26,neutral,0.1964,49.9,-13.63,neutral_up,119.96,2913.98
2018-11-30,up,7,1,True,0.0,3,-0.0725,3.68,-7.2,9.93,neutral,-0.2693,-36.3,3.44,neutral_down,135.41,2711.74
2018-11-30,down,20,3,False,,3,-0.1258,-52.58,-25.6,-11.48,neutral_down,-0.1951,-22.0,-0.73,neutral,135.41,2711.74
2018-12-31,down,4,1,True,1.0,0,0.0907,63.85,34.4,15.88,neutral_up,-0.0501,-23.1,17.56,neutral,138.89,2760.17
2019-01-31,up,8,2,True,5.0,1,-0.1454,7.85,-9.3,13.54,neutral,-0.5875,-59.0,11.02,neutral_down,161.37,2506.85
2019-01-31,down,3,1,False,,1,-0.2803,-41.35,-30.6,7.98,neutral_down,-0.8441,-70.1,2.79,accumulation,161.37,2506.85
2019-02-28,up,15,3,True,5.0,3,0.2025,56.81,60.6,-2.37,neutral_up,0.1097,4.9,5.53,neutral,168.77,2704.1
2019-03-31,up,19,3,False,,2,0.1496,52.59,62.4,8.94,distribution,0.3632,31.2,8.47,neutral_up,166.12,2784.49
2019-04-30,up,12,2,True,6.0,7,0.1664,39.32,60.4,-2.31,neutral_up,0.4893,46.9,11.97,neutral_up,164.11,2834.4
2019-05-31,down,7,1,True,2.0,3,0.0937,21.98,38.5,-7.97,neutral_up,0.4717,64.2,1.9,distribution,160.61,2945.83
2019-06-30,up,5,1,True,2.0,1,-0.2312,-24.19,-50.5,27.79,neutral_down,-0.2192,-4.3,-22.5,neutral,163.68,2752.06
2019-07-31,up,12,2,False,,6,0.1742,54.18,72.0,3.5,distribution,0.441,48.9,10.73,neutral_up,168.8,2941.76
2019-08-31,down,2,1,True,1.0,0,0.0411,-31.72,-10.9,-28.14,neutral,0.432,57.2,6.17,neutral_up,162.9,2980.38
2019-09-30,up,11,2,False,,4,0.161,47.06,42.7,0.45,neutral_up,0.248,16.7,13.42,neutral,164.94,2926.46
2019-10-31,up,28,4,False,,2,0.1144,41.95,43.3,6.44,neutral_up,0.2595,26.2,7.74,neutral_up,162.46,2976.74
2019-10-31,down,2,1,True,0.0,0,-0.0128,-29.35,-14.4,-16.08,neutral,0.1245,22.5,-6.48,neutral,162.46,2976.74
2019-11-30,up,12,2,True,10.0,6,0.1765,47.54,74.4,-5.56,distribution,0.405,48.1,10.14,neutral_up,164.72,3037.56
2019-12-31,up,19,3,True,5.0,4,0.1655,50.62,82.0,-0.19,distribution,0.4285,65.8,2.79,distribution,161.29,3140.98
2019-12-31,down,3,1,False,,0,0.1373,13.19,50.9,-29.13,neutral_up,0.4272,62.8,5.28,distribution,161.29,3140.98
2020-01-31,up,14,2,True,5.0,3,0.1485,62.28,86.1,10.5,distribution,0.5087,86.4,3.0,distribution,162.46,3230.78
2020-02-29,up,4,1,True,1.0,1,-0.0221,-16.56,-17.3,-0.32,neutral,0.252,67.8,-24.89,distribution,159.65,3225.52
2020-02-29,down,25,4,True,0.0,0,0.0345,-97.01,-27.8,-58.48,neutral_down,0.4273,78.9,-8.08,distribution,159.65,3225.52
2020-03-31,up,2,1,True,0.0,0,-0.6802,-277.91,-150.3,-10.14,extended_down,-0.7413,1.7,-77.16,neutral,186.65,2954.22
2020-03-31,down,9,2,True,0.0,1,-0.4906,-186.84,-70.3,-5.64,accumulation,-0.6143,-27.7,-29.39,neutral_down,186.65,2954.22
2020-04-30,up,6,1,True,1.0,0,-0.3762,-121.3,-28.1,-2.66,neutral_down,-1.8518,-92.5,5.91,accumulation,240.81,2584.59
2020-04-30,down,1,1,False,,0,-0.3409,-63.12,-16.6,1.6,neutral,-1.7868,-98.4,12.47,accumulation,240.81,2584.59
2020-05-31,up,26,4,False,,3,0.2803,72.27,36.4,-0.0,neutral_up,0.1405,-0.3,8.33,neutral,259.85,2912.43
2020-05-31,down,4,1,False,,1,0.3733,33.44,29.4,-16.64,neutral_up,-0.2901,-20.1,4.83,neutral,259.85,2912.43
2020-06-30,up,5,1,True,0.0,2,0.4135,130.7,76.7,-0.35,distribution,0.3893,11.6,11.9,neutral,262.86,3044.31
2020-07-31,up,13,2,True,6.0,6,0.2047,71.61,35.9,5.3,neutral_up,0.5604,28.5,7.37,neutral_up,263.19,3100.29
2020-08-31,up,11,2,True,9.0,3,0.2807,96.22,77.5,2.25,distribution,0.7786,50.4,9.57,neutral_up,257.23,3271.12
2020-09-30,down,4,1,True,1.0,1,0.31,29.28,78.6,-55.93,distribution,0.9496,72.5,12.32,distribution,256.26,3500.31
2020-10-31,up,9,2,True,1.0,3,0.112,77.6,32.8,11.78,neutral_up,0.3276,27.1,0.45,neutral_up,265.0,3363.0
2020-10-31,down,29,5,False,,1,-0.0908,-141.07,-47.0,-35.49,neutral_down,0.4844,45.0,-1.23,neutral_up,265.0,3363.0
2020-11-30,up,3,1,True,1.0,0,-0.2799,-73.19,-49.5,8.9,neutral_down,-0.0766,19.4,-25.56,neutral,268.64,3269.96
2020-12-31,up,28,4,False,,15,0.1023,37.43,29.9,2.61,neutral_up,0.5952,61.5,-1.61,neutral_up,276.31,3621.63
2021-01-31,up,20,3,False,,7,0.1359,47.31,35.1,2.67,neutral_up,0.5594,66.0,-6.49,distribution,266.47,3756.07
2021-02-28,up,2,1,True,3.0,1,-0.0224,-4.85,-10.1,7.07,neutral,0.3206,51.5,-18.56,neutral_up,262.31,3714.24
2021-03-31,up,1,1,True,11.0,0,-0.0179,-55.57,-18.6,-16.93,neutral,0.3284,52.1,-16.58,neutral_up,260.44,3811.15
2021-04-30,up,5,1,True,6.0,0,0.147,87.01,42.4,13.83,neutral_up,0.5855,60.0,5.92,neutral_up,261.2,3972.89
2021-05-31,down,12,2,False,,1,0.0894,-4.95,17.6,-21.53,neutral,0.6995,88.8,2.73,distribution,260.11,4181.17
2021-06-30,up,30,5,False,,4,0.1139,55.23,55.0,3.23,neutral_up,0.489,59.9,7.79,neutral_up,254.47,4204.11
2021-07-31,up,13,2,False,,5,0.1705,88.68,78.9,7.63,distribution,0.5672,77.3,5.31,distribution,246.15,4297.5
2021-08-31,up,23,4,False,,7,0.0438,24.57,14.0,9.26,neutral,0.4285,72.6,-6.31,distribution,242.63,4395.26
2021-09-30,down,17,3,True,1.0,5,-0.032,-3.78,-6.0,2.48,neutral,0.3264,68.7,-14.19,distribution,237.41,4522.68
2021-10-31,up,7,1,True,6.0,4,-0.1657,-32.48,-32.2,12.81,neutral_down,0.0441,27.8,-21.29,neutral_up,237.59,4307.54
2021-11-30,up,5,1,False,,2,0.2492,133.75,103.9,9.0,extended_up,0.4612,55.5,13.32,neutral_up,244.13,4605.38
2021-12-31,up,7,1,True,7.0,4,-0.1453,-21.95,-25.1,13.56,neutral_down,0.1189,36.7,-20.09,neutral_up,239.83,4567.0
2022-01-31,down,6,1,True,2.0,1,0.1252,-15.7,19.7,-28.95,neutral,0.4414,52.6,6.53,neutral_up,245.11,4766.18
2022-02-28,down,11,2,True,5.0,5,-0.0223,-25.56,-1.5,-8.38,neutral,-0.0955,-12.7,2.81,neutral,270.17,4515.55
2022-03-31,up,22,4,True,4.0,2,0.1428,112.73,34.9,6.67,neutral_up,0.0024,-21.2,21.37,neutral,285.21,4373.94
2022-03-31,down,7,1,True,1.0,4,-0.1266,-67.17,-20.7,-3.94,neutral,-0.3669,-30.4,-3.61,neutral_down,285.21,4373.94
2022-04-30,down,11,2,True,8.0,3,0.0775,5.19,7.5,-5.0,neutral,0.0241,3.9,-1.68,neutral,299.08,4530.41
2022-05-31,up,4,1,False,,0,-0.3899,-141.9,-60.0,6.24,neutral_down,-0.7036,-40.2,-18.7,neutral_down,311.23,4131.93
2022-05-31,down,9,2,True,2.0,0,-0.3145,-161.01,-47.9,-6.0,neutral_down,-0.6599,-46.8,-6.53,neutral_down,311.23,4131.93
2022-06-30,down,10,2,True,0.0,1,0.0316,-72.8,-7.1,-19.39,neutral,-0.435,-38.8,6.66,neutral_down,324.52,4132.15
2022-07-31,up,8,2,True,9.0,2,-0.0832,33.19,-0.1,12.92,neutral,-0.8274,-54.7,1.95,neutral_down,339.92,3785.38
2022-08-31,up,12,2,False,,1,0.2997,141.71,68.7,2.77,distribution,0.1246,-1.7,10.69,neutral,345.54,4130.29
2022-08-31,down,30,5,False,,1,-0.0929,-105.87,-35.6,-19.04,neutral_down,-0.1425,3.1,-13.67,neutral,345.54,4130.29
2022-09-30,up,12,2,False,,1,-0.2054,14.37,-15.8,22.78,neutral,-0.0687,-9.8,4.67,neutral,347.34,3955.0
2022-09-30,down,21,3,True,2.0,3,-0.3046,-132.15,-55.3,-5.4,neutral_down,-0.5209,-22.7,-12.92,neutral,347.34,3955.0
2022-10-31,up,4,1,True,14.0,1,-0.5147,-129.52,-70.8,18.98,accumulation,-1.153,-56.7,-15.5,neutral_down,360.75,3585.62
2022-11-30,up,15,3,False,,3,0.2508,132.44,51.0,1.08,neutral_up,0.2094,-4.2,18.32,neutral,364.55,3871.98
2022-11-30,down,3,1,False,,1,0.1911,-17.71,14.9,-21.86,neutral,-0.0331,-22.6,20.38,neutral,364.55,3871.98
2022-12-31,down,6,1,True,8.0,1,0.2298,36.09,37.0,-19.34,neutral_up,0.3285,17.2,6.97,neutral,365.79,4080.11
2023-01-31,up,12,2,True,10.0,3,0.0543,83.88,27.3,15.96,neutral_up,-0.0456,-7.4,3.91,neutral,363.69,3839.5
2023-03-31,up,31,5,False,,19,0.0749,71.92,27.8,11.73,neutral_up,0.0071,-3.8,4.37,neutral,351.51,3970.15
2023-03-31,down,13,2,False,,1,-0.1456,-137.34,-55.2,-20.71,neutral_down,-0.2885,-5.6,-17.67,neutral,351.51,3970.15
2023-06-30,up,9,2,True,3.0,5,0.215,88.87,64.6,3.84,distribution,0.4416,40.0,9.02,neutral_up,321.1,4179.83
2023-07-31,up,19,3,False,,3,0.2322,125.12,96.1,10.43,distribution,0.608,67.7,8.39,distribution,318.65,4450.38
2023-08-31,down,8,2,True,7.0,4,0.015,9.0,0.4,6.88,neutral,0.3846,64.9,-14.74,distribution,311.75,4588.96
2023-09-30,down,21,3,True,1.0,10,-0.0315,-56.16,-27.8,-17.27,neutral_down,0.1873,29.3,-4.08,neutral_up,307.6,4507.66
2023-10-31,down,26,4,False,,3,-0.213,-114.0,-56.6,-11.49,neutral_down,-0.2696,-20.4,-12.49,neutral,307.24,4288.05
2023-11-30,up,2,1,True,3.0,0,-0.2232,-15.61,-31.2,21.76,neutral_down,-0.4873,-38.5,-18.08,neutral_down,306.0,4193.8
2023-12-31,up,13,2,True,4.0,1,0.1749,104.88,82.2,8.82,distribution,0.4293,54.2,4.71,neutral_up,312.27,4567.8
2024-01-31,up,24,4,False,,2,0.1459,101.73,75.1,9.13,distribution,0.5717,80.4,5.83,distribution,307.59,4769.83
2024-02-29,up,2,1,True,6.0,0,0.1771,79.21,61.5,2.09,neutral_up,0.6094,88.0,7.52,distribution,303.41,4845.65
2024-03-31,up,20,3,False,,8,0.119,76.2,45.7,7.92,neutral_up,0.5648,95.1,-7.44,distribution,300.69,5096.27
2024-04-30,down,10,2,True,3.0,6,0.0292,26.22,16.1,2.3,neutral,0.531,94.8,-10.61,distribution,294.07,5254.35
2024-05-31,up,6,1,True,4.0,1,-0.0341,39.73,1.2,19.85,neutral,0.2947,40.6,1.33,neutral_up,295.24,5035.69
2024-06-30,up,12,2,True,3.0,5,0.1529,83.62,55.5,3.25,neutral_up,0.4667,66.6,3.32,distribution,297.78,5277.51
2024-07-31,up,8,2,True,4.0,2,0.1513,121.18,82.0,13.19,distribution,0.6226,91.0,9.93,distribution,297.18,5460.48
2024-08-31,up,22,4,False,,3,0.2485,146.79,59.6,4.54,neutral_up,0.4095,37.4,14.02,neutral_up,295.86,5522.3
2024-08-31,down,2,1,True,0.0,1,-0.0689,-50.28,-16.9,-6.14,neutral,0.2998,62.9,-18.45,distribution,295.86,5522.3
2024-09-30,down,3,1,True,3.0,0,0.1598,106.62,42.6,7.7,neutral_up,0.4725,57.5,6.24,neutral_up,312.75,5648.4
2024-11-30,up,6,1,True,0.0,1,-0.0579,7.43,-13.0,17.36,neutral,0.2487,50.0,-14.86,neutral_up,308.47,5705.45
2024-12-31,down,18,3,True,2.0,0,0.0831,30.34,31.6,-8.2,neutral_up,0.4634,74.1,-2.98,distribution,311.27,6032.38
2025-01-31,up,6,1,True,10.0,0,-0.1065,-21.91,-25.1,14.82,neutral_down,0.2147,38.7,-8.47,neutral_up,308.15,5881.63
2025-02-28,down,25,4,True,3.0,15,0.0297,-71.55,-16.7,-21.26,neutral,0.1589,30.6,-9.41,neutral_up,311.49,6040.53
2025-03-31,down,3,1,True,1.0,0,-0.1561,-61.0,-41.9,14.42,neutral_down,0.0563,18.9,-11.66,neutral,311.37,5954.5
2025-04-30,down,3,1,True,0.0,0,-0.147,-35.73,-21.9,9.55,neutral,-0.4599,-40.8,-8.76,neutral_down,324.65,5611.85
2025-05-31,up,8,2,True,2.0,5,0.2503,111.45,30.4,-1.01,neutral_up,0.0177,-19.6,20.9,neutral,362.91,5569.06
2025-06-30,up,11,2,True,10.0,4,0.2089,147.17,58.4,6.36,neutral_up,0.412,27.4,8.31,neutral_up,365.53,5911.69
2025-07-31,up,23,4,False,,6,0.1594,95.53,63.8,-0.79,distribution,0.5688,59.3,2.57,neutral_up,364.68,6204.95
2025-08-31,up,13,2,False,,1,0.111,121.07,51.3,16.77,neutral_up,0.5498,58.2,4.46,neutral_up,356.42,6339.39
2025-09-30,up,12,2,True,6.0,2,0.1157,123.33,61.3,16.46,neutral_up,0.4749,61.5,-1.73,neutral_up,352.07,6460.26
2025-10-31,up,27,4,True,1.0,1,0.1026,106.41,37.4,12.55,neutral_up,0.5564,68.6,9.08,distribution,351.13,6688.46
2025-10-31,down,10,2,False,,0,0.1345,76.44,59.1,-6.28,neutral_up,0.5793,78.2,3.74,distribution,351.13,6688.46
2025-11-30,down,7,1,True,7.0,1,0.0533,-40.72,0.6,-19.63,neutral,0.5667,74.8,6.14,distribution,352.45,6840.2
2026-01-31,up,9,2,False,,3,0.07,48.97,30.0,-1.26,neutral_up,0.2834,46.4,-5.74,neutral_up,343.9,6845.5
2026-02-28,down,5,1,False,,1,0.019,-39.82,-4.8,-13.51,neutral,0.2706,43.4,-2.0,neutral_up,334.56,6939.03
2026-03-31,down,3,1,True,4.0,1,0.0085,-13.0,-3.0,-2.31,neutral,0.1224,22.1,-4.08,neutral,326.24,6878.88
2026-04-30,up,8,2,True,0.0,2,-0.0415,7.33,-3.8,6.21,neutral,-0.1844,-34.2,12.74,neutral_down,344.66,6528.52
