ticker,ep_id,start_ts_et,end_ts_et,n_comp_bars,spot_start,spot_end,datr14_prior,ema9_h,ema21_h,po,po_slope1,po_slope3,phase_zone,ema21_d,ema21_d_slope1,ema21_d_slope3
AMZN,AMZN-001,2025-07-07T14:30:00-04:00,2025-07-07T15:30:00-04:00,1,223.21,223.48,4.8391,222.7777,221.8295,30.798,1.752,-16.298,neutral_up,214.5468,0.8863,2.2494
AMZN,AMZN-002,2025-07-08T09:30:00-04:00,2025-07-08T13:30:00-04:00,4,221.13,220.47,4.6306,222.5605,221.9023,8.266,-25.389,-20.78,neutral,215.3589,0.8121,2.3204
AMZN,AMZN-003,2025-07-09T09:30:00-04:00,2025-07-09T14:30:00-04:00,5,222.89,222.5807,4.6977,221.1144,221.2701,-1.137,33.278,18.318,neutral,215.7208,0.3619,2.0604
AMZN,AMZN-004,2025-07-10T09:30:00-04:00,2025-07-11T10:30:00-04:00,8,220.26,224.53,4.7157,221.7521,221.6567,-6.736,-23.224,-23.854,neutral,216.3335,0.6127,1.7867
AMZN,AMZN-005,2025-07-15T14:30:00-04:00,2025-07-16T14:30:00-04:00,7,226.3,223.19,4.4307,226.2059,225.4082,31.585,-6.034,-11.639,neutral_up,218.3408,0.7289,2.0073
AMZN,AMZN-006,2025-07-23T11:30:00-04:00,2025-07-24T10:30:00-04:00,6,227.69,232.035,4.0017,227.5929,227.1723,15.038,0.277,-2.227,neutral,221.8019,0.5718,1.9496
AMZN,AMZN-007,2025-07-28T14:30:00-04:00,2025-07-30T12:30:00-04:00,12,232.58,230.355,3.9142,232.5461,231.6692,34.356,-6.457,-11.399,neutral_up,224.0292,0.7431,2.2274
AMZN,AMZN-008,2025-07-31T09:30:00-04:00,2025-07-31T11:30:00-04:00,2,232.54,236.31,3.78,230.8888,231.0371,5.026,30.18,23.743,neutral,225.8323,0.4428,1.8031
AMZN,AMZN-009,2025-08-05T15:30:00-04:00,2025-08-06T12:30:00-04:00,4,213.81,220.81,5.2561,214.236,216.5204,-45.533,0.163,-4.878,neutral_down,224.2641,-1.2544,-1.5682
AMZN,AMZN-010,2025-08-11T09:30:00-04:00,2025-08-13T15:30:00-04:00,20,221.52,224.555,5.2134,222.1793,221.3985,15.232,-12.598,-10.386,neutral,223.1716,-0.0482,-0.1421
AMZN,AMZN-011,2025-08-18T15:30:00-04:00,2025-08-19T14:30:00-04:00,6,231.42,227.51,5.0825,230.8141,229.7303,39.918,2.941,7.197,neutral_up,224.3991,0.6661,1.5356
AMZN,AMZN-012,2025-08-26T15:30:00-04:00,2025-08-28T12:30:00-04:00,11,228.72,231.675,4.9886,228.1847,227.6442,24.787,7.036,8.247,neutral_up,225.4804,0.241,0.3081
AMZN,AMZN-013,2025-09-15T09:30:00-04:00,2025-09-15T14:30:00-04:00,5,231.065,231.2624,4.9277,229.232,230.3227,-20.624,36.113,41.96,neutral,229.4546,-0.1366,-0.0207
AMZN,AMZN-014,2025-09-19T10:30:00-04:00,2025-09-22T12:30:00-04:00,9,233.23,228.605,4.9661,232.4184,232.2483,14.498,6.558,17.934,neutral,230.2741,0.0936,0.6381
AMZN,AMZN-015,2025-09-26T09:30:00-04:00,2025-09-29T13:30:00-04:00,11,218.915,221.515,5.0178,218.8892,220.8302,-57.221,17.319,26.72,neutral_down,227.5231,-0.9393,-2.6193
AMZN,AMZN-016,2025-09-30T09:30:00-04:00,2025-09-30T10:30:00-04:00,1,218.91,218.745,4.7633,220.7941,220.8283,-9.119,-34.273,-26.727,neutral,226.3982,-0.4228,-2.0642
AMZN,AMZN-017,2025-09-30T13:30:00-04:00,2025-10-02T13:30:00-04:00,14,219.2495,221.97,4.7633,219.8425,220.3003,-27.062,0.488,-0.709,neutral_down,226.3982,-0.4228,-2.0642
AMZN,AMZN-018,2025-10-03T12:30:00-04:00,2025-10-03T14:30:00-04:00,2,220.39,219.65,4.7252,221.8051,221.4285,0.003,-25.676,-41.205,neutral,225.0427,-0.2633,-1.3555
AMZN,AMZN-019,2025-10-06T09:30:00-04:00,2025-10-06T11:30:00-04:00,2,218.33,219.605,4.7348,220.3008,220.77,-44.12,-10.112,-30.106,neutral_down,224.5379,-0.5048,-1.2386
AMZN,AMZN-020,2025-10-07T09:30:00-04:00,2025-10-07T11:30:00-04:00,2,221.467,221.09,4.8038,220.6546,220.6812,11.288,7.352,13.075,neutral,224.2062,-0.3316,-1.0997
AMZN,AMZN-021,2025-10-07T12:30:00-04:00,2025-10-07T13:30:00-04:00,1,221.18,221.14,4.8038,220.9056,220.8031,9.495,-0.276,-1.794,neutral,224.2062,-0.3316,-1.0997
AMZN,AMZN-022,2025-10-07T15:30:00-04:00,2025-10-08T10:30:00-04:00,2,221.8,223.98,4.8038,221.1616,220.9518,15.809,7.116,6.314,neutral,224.2062,-0.3316,-1.0997
AMZN,AMZN-023,2025-10-15T09:30:00-04:00,2025-10-15T11:30:00-04:00,2,216.2,215.45,5.4594,217.5888,218.9534,-43.968,-3.41,-12.082,neutral_down,222.7161,-0.6276,-1.7128
AMZN,AMZN-024,2025-10-16T12:30:00-04:00,2025-10-20T13:30:00-04:00,15,215.53,215.72,5.4302,215.9751,216.9326,-22.571,-2.28,-5.648,neutral,222.0719,-0.6442,-1.6062
AMZN,AMZN-025,2025-10-29T14:30:00-04:00,2025-10-30T13:30:00-04:00,6,228.86,225.09,5.0813,229.5862,228.1595,27.218,-14.321,-34.153,neutral_up,221.9383,0.7302,1.6678
AMZN,AMZN-026,2025-11-12T14:30:00-05:00,2025-11-12T15:30:00-05:00,1,245.16,244.24,6.865,246.1187,246.489,-25.48,-0.032,-4.228,neutral_down,236.0849,1.2995,3.7605
AMZN,AMZN-027,2025-11-20T15:30:00-05:00,2025-11-21T09:30:00-05:00,1,217.15,216.265,6.8797,220.3066,223.2369,-65.785,-9.488,-14.323,accumulation,233.9714,-1.1281,-2.7292
AMZN,AMZN-028,2025-11-21T10:30:00-05:00,2025-11-21T12:30:00-05:00,2,218.575,218.722,7.1504,219.3136,222.2369,-58.304,13.836,-2.007,neutral_down,232.4422,-1.5292,-3.9093
AMZN,AMZN-029,2025-11-21T13:30:00-05:00,2025-11-24T10:30:00-05:00,4,222.05,224.949,7.1504,219.8144,221.7381,-17.813,21.485,40.491,neutral,232.4422,-1.5292,-3.9093
AMZN,AMZN-030,2025-12-03T10:30:00-05:00,2025-12-04T09:30:00-05:00,6,232.1807,228.775,6.3146,233.6798,233.0717,-7.715,-7.863,-50.032,neutral,231.4318,0.2958,0.8138
AMZN,AMZN-031,2025-12-08T15:30:00-05:00,2025-12-09T15:30:00-05:00,7,226.99,227.9,5.9253,227.7509,228.8206,-49.508,1.538,-0.69,neutral_down,231.1385,-0.1589,-0.2933
AMZN,AMZN-032,2025-12-10T09:30:00-05:00,2025-12-10T10:30:00-05:00,1,231.735,231.658,5.6587,228.6784,228.701,28.456,42.328,41.89,neutral_up,230.5013,-0.2601,-0.7961
AMZN,AMZN-033,2025-12-12T09:30:00-05:00,2025-12-12T10:30:00-05:00,1,226.38,226.015,5.4233,229.2937,229.5027,-29.855,-34.92,-30.637,neutral_down,230.5785,-0.0308,-0.1829
AMZN,AMZN-034,2025-12-17T13:30:00-05:00,2025-12-18T10:30:00-05:00,4,222.915,228.31,5.2665,223.331,223.9226,-14.321,-8.171,-8.666,neutral,228.8528,-0.6323,-1.7257
AMZN,AMZN-035,2025-12-18T11:30:00-05:00,2025-12-18T12:30:00-05:00,1,225.8035,227.03,5.1903,224.842,224.4282,33.746,-9.995,73.289,neutral_up,228.1608,-0.692,-2.0188
AMZN,AMZN-036,2025-12-22T15:30:00-05:00,2025-12-23T12:30:00-05:00,4,228.43,231.53,5.2581,228.1676,227.3903,29.842,-3.345,6.395,neutral_up,227.9732,-0.0603,-0.8797
AMZN,AMZN-037,2025-12-29T11:30:00-05:00,2026-01-02T10:30:00-05:00,20,231.13,225.89,4.5517,232.0178,231.4978,2.047,-14.872,-42.17,neutral,229.0917,0.3408,1.077
AMZN,AMZN-038,2026-01-09T10:30:00-05:00,2026-01-09T11:30:00-05:00,1,246.3325,245.925,5.2654,245.3338,242.9739,60.971,-2.578,-12.355,neutral_up,233.0935,1.3186,3.3072
AMZN,AMZN-039,2026-01-09T15:30:00-05:00,2026-01-12T10:30:00-05:00,2,247.31,247.6476,5.2654,246.251,244.3476,58.871,2.947,10.126,neutral_up,233.0935,1.3186,3.3072
AMZN,AMZN-040,2026-01-12T15:30:00-05:00,2026-01-13T13:30:00-05:00,5,246.42,241.3,5.2908,247.1429,245.8795,26.978,-14.832,-32.342,neutral_up,234.3859,1.2924,3.5911
AMZN,AMZN-041,2026-01-16T12:30:00-05:00,2026-01-20T12:30:00-05:00,7,238.805,231.775,5.2713,238.2088,239.1984,-18.53,11.11,12.873,neutral,236.3589,0.1811,0.879
AMZN,AMZN-042,2026-01-30T09:30:00-05:00,2026-02-02T13:30:00-05:00,11,242.31,243.54,5.533,240.9721,240.9244,10.283,11.499,33.292,neutral,237.8297,0.385,1.7218
AMZN,AMZN-043,2026-02-03T09:30:00-05:00,2026-02-03T12:30:00-05:00,3,239.215,236.9299,5.6801,242.1263,241.8048,-7.503,-24.807,-35.405,neutral,238.4134,0.4537,0.9687
AMZN,AMZN-044,2026-02-10T15:30:00-05:00,2026-02-11T14:30:00-05:00,6,206.99,203.9,7.8189,208.6175,211.5844,-50.771,-3.784,-6.146,neutral_down,231.825,-2.3165,-6.1141
AMZN,AMZN-045,2026-02-17T11:30:00-05:00,2026-02-18T10:30:00-05:00,6,200.47,205.9,7.2497,199.8965,201.2943,-18.132,5.92,31.468,neutral,222.3658,-2.3596,-7.2015
AMZN,AMZN-046,2026-02-23T09:30:00-05:00,2026-02-23T10:30:00-05:00,1,204.6291,204.46,6.7821,207.554,206.2298,19.163,-42.913,-42.044,neutral,217.0417,-0.6872,-3.4031
AMZN,AMZN-047,2026-02-26T13:30:00-05:00,2026-03-04T09:30:00-05:00,24,207.5372,217.01,6.5529,207.8931,207.9694,-18.235,10.28,-22.475,neutral,214.8754,-0.4215,-2.1663
AMZN,AMZN-048,2026-03-06T15:30:00-05:00,2026-03-09T09:30:00-04:00,1,213.105,209.05,6.472,214.8329,214.5674,-16.853,-7.895,-23.419,neutral,213.7813,0.5079,0.439
AMZN,AMZN-049,2026-03-12T09:30:00-04:00,2026-03-12T10:30:00-04:00,1,210.27,208.64,6.2041,212.3762,212.8858,-29.299,-18.241,-14.883,neutral_down,213.6495,-0.1019,-0.0703
AMZN,AMZN-050,2026-03-16T12:30:00-04:00,2026-03-17T09:30:00-04:00,4,209.89,213.685,5.9566,209.0266,209.6634,-5.286,9.8,16.755,neutral,212.7682,-0.5058,-0.9832
AMZN,AMZN-051,2026-03-26T09:30:00-04:00,2026-03-26T10:30:00-04:00,1,212.0,211.93,5.573,211.1679,210.2516,31.832,-1.334,-7.514,neutral_up,211.1801,0.0525,-0.4725
AMZN,AMZN-052,2026-03-26T11:30:00-04:00,2026-03-26T12:30:00-04:00,1,210.43,209.25,5.573,211.1422,210.4066,14.933,-14.522,-18.233,neutral,211.1801,0.0525,-0.4725
AMZN,AMZN-053,2026-04-02T15:30:00-04:00,2026-04-08T09:30:00-04:00,15,209.78,221.29,5.9164,209.6525,208.9404,10.447,3.967,-4.104,neutral,209.0767,0.1493,-0.7235
AMZN,AMZN-054,2026-04-16T15:30:00-04:00,2026-04-17T11:30:00-04:00,3,249.71,253.21,6.6644,248.5463,246.6221,48.413,6.039,0.329,neutral_up,222.926,2.5499,7.6502
AMZN,AMZN-055,2026-04-28T15:30:00-04:00,2026-05-01T10:30:00-04:00,16,259.77,269.4608,6.4291,259.9597,259.7293,-2.127,2.876,10.561,neutral,240.1823,2.0898,6.6269
AMZN,AMZN-056,2026-05-05T15:30:00-04:00,2026-05-06T12:30:00-04:00,4,273.5,276.42,7.4913,273.4053,271.2697,34.543,-4.561,-10.323,neutral_up,250.0665,2.1984,6.1665
AMZN,AMZN-057,2026-05-06T14:30:00-04:00,2026-05-12T09:30:00-04:00,23,276.235,264.83,7.4212,275.1112,273.1279,45.934,-1.014,7.78,neutral_up,252.1968,2.1303,6.3759
AMZN,AMZN-058,2026-05-18T15:30:00-04:00,2026-05-19T09:30:00-04:00,1,264.92,257.0951,6.6505,264.7449,265.4874,-15.54,6.571,-3.203,neutral,261.0438,0.3156,1.9712
AMZN,AMZN-059,2026-05-29T14:30:00-04:00,2026-06-01T10:30:00-04:00,3,270.9,264.0499,6.7525,271.4042,270.5306,9.143,-2.832,-21.51,neutral,264.5702,0.939,2.0123
AMZN,AMZN-060,2026-06-12T10:30:00-04:00,2026-06-12T11:30:00-04:00,1,237.85,236.48,7.2676,238.6432,240.3144,-29.508,-0.134,-6.399,neutral_down,254.606,-1.3336,-4.5025
AMZN,AMZN-061,2026-06-12T12:30:00-04:00,2026-06-15T10:30:00-04:00,5,237.02,246.09,7.2676,237.9725,239.698,-34.734,1.247,-5.359,neutral_down,254.606,-1.3336,-4.5025
AMZN,AMZN-062,2026-07-01T15:30:00-04:00,2026-07-02T13:30:00-04:00,5,241.69,243.86,8.4348,241.798,240.0223,28.497,-8.309,-17.635,neutral_up,242.3499,-0.411,-1.9329
AMZN,AMZN-063,2026-07-06T09:30:00-04:00,,-1,243.09,,8.339,243.4147,242.1295,14.458,-2.482,-21.23,neutral,242.289,-0.0009,-0.4719
NVDA,NVDA-001,2025-07-08T13:30:00-04:00,2025-07-08T14:30:00-04:00,1,159.54,159.895,3.8802,159.0583,158.3261,37.705,-1.641,8.41,neutral_up,149.2019,0.9048,3.0081
NVDA,NVDA-002,2025-07-21T09:30:00-04:00,2025-07-22T09:30:00-04:00,7,173.0801,166.0848,3.8782,172.5284,171.8233,27.833,7.802,1.046,neutral_up,160.0731,1.2307,4.05
NVDA,NVDA-003,2025-07-29T10:30:00-04:00,2025-07-29T12:30:00-04:00,2,175.8599,176.1953,3.7648,175.8741,174.5988,61.244,-28.773,-4.161,neutral_up,165.5352,1.1215,3.0554
NVDA,NVDA-004,2025-07-29T15:30:00-04:00,2025-07-30T09:30:00-04:00,1,175.51,178.46,3.7648,175.9068,175.1208,19.776,-8.956,-22.546,neutral,165.5352,1.1215,3.0554
NVDA,NVDA-005,2025-08-01T09:30:00-04:00,2025-08-01T10:30:00-04:00,1,174.975,174.78,4.0998,177.8403,177.6597,-21.221,-21.998,-37.226,neutral,168.5409,0.9309,3.0057
NVDA,NVDA-006,2025-08-06T13:30:00-04:00,2025-08-08T10:30:00-04:00,11,179.23,183.015,4.4617,178.4414,178.0632,15.81,7.817,9.218,neutral,170.7476,0.7512,2.2067
NVDA,NVDA-007,2025-08-11T14:30:00-04:00,2025-08-19T11:30:00-04:00,39,182.1601,177.538,4.3415,182.7172,181.8619,19.529,-12.454,-24.826,neutral,173.3269,0.9423,2.5793
NVDA,NVDA-008,2025-08-22T09:30:00-04:00,2025-08-22T12:30:00-04:00,3,176.32,178.29,4.4536,175.0986,175.7314,-3.86,13.254,19.86,neutral,176.5934,-0.1622,-0.423
NVDA,NVDA-009,2025-08-27T11:30:00-04:00,2025-08-29T10:30:00-04:00,13,181.4042,174.775,4.6308,181.339,180.403,25.467,-3.478,-15.978,neutral_up,177.4331,0.4267,0.8397
NVDA,NVDA-010,2025-09-04T14:30:00-04:00,2025-09-05T11:30:00-04:00,4,170.9,166.3655,4.9932,170.5938,171.4393,-18.787,6.134,7.19,neutral,176.4722,-0.5852,-1.5568
NVDA,NVDA-011,2025-09-12T15:30:00-04:00,2025-09-16T15:30:00-04:00,14,177.79,174.86,5.0463,177.549,176.4315,36.161,-0.02,-5.346,neutral_up,174.7557,0.2334,0.1626
NVDA,NVDA-012,2025-09-25T14:30:00-04:00,2025-09-29T11:30:00-04:00,11,177.075,182.03,5.2752,177.636,177.8436,-8.923,-4.762,-16.891,neutral,176.152,0.0728,1.0856
NVDA,NVDA-013,2025-10-03T09:30:00-04:00,2025-10-03T10:30:00-04:00,1,188.9437,189.4739,5.2427,188.714,187.1845,44.387,-5.077,-11.962,neutral_up,179.6074,0.9313,2.656
NVDA,NVDA-014,2025-10-03T12:30:00-04:00,2025-10-06T14:30:00-04:00,9,187.1775,185.81,5.2427,188.5025,187.4815,14.763,-21.597,-29.624,neutral,179.6074,0.9313,2.656
NVDA,NVDA-015,2025-10-07T09:30:00-04:00,2025-10-08T15:30:00-04:00,13,188.0151,189.06,5.1573,186.6493,186.8303,0.024,24.859,21.94,neutral,180.8081,0.4722,2.132
NVDA,NVDA-016,2025-10-16T14:30:00-04:00,2025-10-22T11:30:00-04:00,25,180.785,179.22,6.182,181.1512,182.2534,-21.342,-0.243,-0.589,neutral,182.7914,-0.2916,-0.0994
NVDA,NVDA-017,2025-10-31T13:30:00-04:00,2025-10-31T14:30:00-04:00,1,204.265,204.41,6.2169,203.9171,202.381,22.475,2.423,-17.085,neutral,188.5252,1.4255,5.013
NVDA,NVDA-018,2025-10-31T15:30:00-04:00,2025-11-03T12:30:00-05:00,4,202.41,210.9599,6.2169,203.6945,202.5513,10.94,-12.876,-9.113,neutral,188.5252,1.4255,5.013
NVDA,NVDA-019,2025-11-03T13:30:00-05:00,2025-11-03T15:30:00-05:00,2,207.705,207.02,6.1942,207.16,204.9228,51.919,-17.024,7.098,neutral_up,189.7874,1.2623,4.6828
NVDA,NVDA-020,2025-11-04T09:30:00-05:00,2025-11-04T10:30:00-05:00,1,201.6595,201.85,6.3893,206.0273,204.9615,-4.365,-34.692,-56.283,neutral,191.354,1.5666,4.2543
NVDA,NVDA-021,2025-11-13T09:30:00-05:00,2025-11-13T10:30:00-05:00,1,188.0961,186.29,7.3344,192.0188,192.6512,-29.225,-29.651,-18.072,neutral_down,192.4962,0.1354,0.899
NVDA,NVDA-022,2025-11-17T12:30:00-05:00,2025-11-18T11:30:00-05:00,6,186.73,181.58,7.7323,188.0849,188.9452,-25.289,-5.103,-14.921,neutral_down,191.8375,-0.1558,-0.5233
NVDA,NVDA-023,2025-11-19T13:30:00-05:00,2025-11-21T09:30:00-05:00,10,184.63,175.79,7.5582,184.4675,185.2969,-9.916,1.651,-3.408,neutral,190.4523,-0.9082,-1.541
NVDA,NVDA-024,2025-11-25T09:30:00-05:00,2025-11-25T12:30:00-05:00,3,171.075,176.205,8.2576,179.5528,181.1615,-42.817,-42.756,-39.401,neutral_down,187.8144,-0.5264,-2.3036
NVDA,NVDA-025,2025-11-25T14:30:00-05:00,2025-11-25T15:30:00-05:00,1,176.8417,177.79,8.2576,177.0106,179.0846,-30.872,9.605,12.49,neutral_down,187.8144,-0.5264,-2.3036
NVDA,NVDA-026,2025-11-26T09:30:00-05:00,2025-11-26T10:30:00-05:00,1,179.585,180.91,8.5963,177.6502,179.0231,-7.949,13.311,32.528,neutral,186.903,-0.9113,-2.3778
NVDA,NVDA-027,2025-12-01T12:30:00-05:00,2025-12-11T10:30:00-05:00,54,179.405,177.06,8.0142,178.8655,179.0123,4.326,1.281,16.784,neutral,185.4449,-0.8465,-2.3694
NVDA,NVDA-028,2025-12-15T15:30:00-05:00,2025-12-16T10:30:00-05:00,2,176.28,176.03,6.5459,176.8701,178.0293,-30.32,-2.091,-5.852,neutral_down,183.0312,-0.8041,-1.1326
NVDA,NVDA-029,2025-12-16T13:30:00-05:00,2025-12-17T11:30:00-05:00,5,176.745,171.4499,6.323,176.5468,177.3938,-18.414,5.998,11.838,neutral,182.4175,-0.6137,-1.7079
NVDA,NVDA-030,2025-12-31T13:30:00-05:00,2026-01-08T11:30:00-05:00,33,188.045,184.2558,5.3833,188.4202,188.1945,7.746,-11.954,-7.617,neutral,183.744,0.3806,1.6326
NVDA,NVDA-031,2026-01-12T12:30:00-05:00,2026-01-14T12:30:00-05:00,14,186.7801,182.22,5.2861,185.7042,186.0338,4.462,11.446,31.206,neutral,185.3075,-0.0457,0.314
NVDA,NVDA-032,2026-01-26T15:30:00-05:00,2026-01-27T10:30:00-05:00,2,186.38,189.7058,5.3172,186.634,186.1051,9.333,-2.33,-6.841,neutral,184.9101,0.276,0.1703
NVDA,NVDA-033,2026-01-27T15:30:00-05:00,2026-01-28T09:30:00-05:00,1,188.533,191.405,5.1609,188.642,187.6277,36.811,-12.997,-20.42,neutral_up,185.0437,0.1336,0.4312
NVDA,NVDA-034,2026-01-29T13:30:00-05:00,2026-02-02T15:30:00-05:00,16,190.36,185.69,5.0078,190.0182,189.4957,11.577,5.407,15.37,neutral,185.9217,0.5608,1.0117
NVDA,NVDA-035,2026-02-11T12:30:00-05:00,2026-02-13T10:30:00-05:00,12,191.431,183.595,6.5291,190.2635,188.4403,47.737,-1.022,21.272,neutral_up,184.9598,0.365,1.018
NVDA,NVDA-036,2026-02-20T09:30:00-05:00,2026-02-23T14:30:00-05:00,12,187.815,190.89,6.1728,187.2855,187.0607,10.204,3.498,16.666,neutral,185.7285,0.2162,0.424
NVDA,NVDA-037,2026-02-24T09:30:00-05:00,2026-02-24T10:30:00-05:00,1,192.01,192.16,5.9262,190.8817,189.6961,39.429,1.234,4.352,neutral_up,186.6032,0.5037,1.0909
NVDA,NVDA-038,2026-03-03T13:30:00-05:00,2026-03-04T12:30:00-05:00,6,179.55,183.0499,6.6109,180.3194,181.9271,-35.88,-0.768,11.477,neutral_down,186.3238,-0.3974,-1.6353
NVDA,NVDA-039,2026-03-04T14:30:00-05:00,2026-03-09T10:30:00-04:00,17,183.07,179.185,6.5265,182.437,182.2901,18.818,-5.33,11.913,neutral,185.7534,-0.5703,-1.9248
NVDA,NVDA-040,2026-03-09T13:30:00-04:00,2026-03-10T10:30:00-04:00,4,179.905,185.97,6.3868,179.7023,180.3975,-12.409,4.27,19.452,neutral,184.6057,-0.6916,-1.1477
NVDA,NVDA-041,2026-03-12T12:30:00-04:00,2026-03-13T12:30:00-04:00,7,183.76,181.54,6.0865,184.187,183.9216,-2.688,-0.425,-1.143,neutral,184.5984,0.1412,-0.0073
NVDA,NVDA-042,2026-03-16T11:30:00-04:00,2026-03-16T13:30:00-04:00,2,183.9,184.935,5.9699,182.8772,182.9605,15.345,2.675,60.712,neutral,184.0728,-0.3813,-0.3845
NVDA,NVDA-043,2026-03-16T14:30:00-04:00,2026-03-19T10:30:00-04:00,17,181.8338,178.235,5.9699,183.2388,183.1564,3.455,-24.772,-11.89,neutral,184.0728,-0.3813,-0.3845
NVDA,NVDA-044,2026-03-24T14:30:00-04:00,2026-03-25T10:30:00-04:00,3,175.515,180.0,5.7388,175.3809,176.1105,-17.154,4.337,6.471,neutral,181.5222,-0.6012,-1.9667
NVDA,NVDA-045,2026-04-06T11:30:00-04:00,2026-04-08T10:30:00-04:00,13,177.155,181.3,5.6579,176.5847,175.3669,36.404,2.025,-11.434,neutral_up,177.1175,0.0283,-0.3915
NVDA,NVDA-046,2026-04-17T13:30:00-04:00,2026-04-17T14:30:00-04:00,1,200.64,201.26,5.274,199.6362,197.836,60.541,0.829,-7.57,neutral_up,184.5372,1.3703,4.4297
NVDA,NVDA-047,2026-04-20T09:30:00-04:00,2026-04-20T15:30:00-04:00,6,199.13,202.12,5.1445,200.0682,198.5277,41.658,-28.683,-18.884,neutral_up,186.0947,1.5575,4.4979
NVDA,NVDA-048,2026-04-21T09:30:00-04:00,2026-04-21T10:30:00-04:00,1,201.89,201.05,5.0863,200.8069,199.6044,53.249,0.621,24.03,neutral_up,187.5516,1.4568,4.3847
NVDA,NVDA-049,2026-04-21T11:30:00-04:00,2026-04-24T10:30:00-04:00,20,199.895,208.9159,5.0863,200.6634,199.7503,22.718,-19.335,-29.91,neutral,187.5516,1.4568,4.3847
NVDA,NVDA-050,2026-05-04T15:30:00-04:00,2026-05-06T10:30:00-04:00,9,198.56,206.35,6.2807,198.2205,200.0156,-26.684,5.091,27.668,neutral_down,197.7244,0.0666,1.4406
NVDA,NVDA-051,2026-05-12T15:30:00-04:00,2026-05-13T10:30:00-04:00,2,220.91,226.22,6.7588,219.1706,217.2254,41.481,5.384,23.081,neutral_up,202.8321,1.6658,4.2438
NVDA,NVDA-052,2026-05-20T11:30:00-04:00,2026-05-22T11:30:00-04:00,14,224.2601,217.1,7.6982,223.1691,223.4765,8.242,0.435,28.991,neutral,212.4488,0.8181,3.3653
NVDA,NVDA-053,2026-05-28T12:30:00-04:00,2026-05-29T14:30:00-04:00,9,213.225,216.99,7.3806,212.773,213.876,-14.746,4.504,12.766,neutral,214.0325,-0.1453,0.0348
NVDA,NVDA-054,2026-05-29T15:30:00-04:00,2026-06-01T11:30:00-04:00,3,211.15,221.95,7.1605,214.7695,214.6506,-9.219,-38.122,-31.208,neutral,214.0532,0.0207,-0.0584
NVDA,NVDA-055,2026-06-09T15:30:00-04:00,2026-06-10T14:30:00-04:00,6,208.2,200.2067,8.2944,206.3343,208.161,-15.933,16.356,44.401,neutral,214.2106,-0.5571,-1.2247
NVDA,NVDA-056,2026-06-11T13:30:00-04:00,2026-06-15T10:30:00-04:00,11,202.76,211.165,8.5431,202.3249,204.0219,-20.976,6.274,22.228,neutral,212.4529,-1.2113,-2.3148
NVDA,NVDA-057,2026-06-18T12:30:00-04:00,2026-06-22T13:30:00-04:00,8,210.065,208.75,7.6769,208.3679,208.0477,24.862,6.122,32.521,neutral_up,210.3456,-0.5669,-0.7984
NVDA,NVDA-058,2026-06-23T09:30:00-04:00,2026-06-23T10:30:00-04:00,1,203.06,200.75,7.5125,207.8052,208.3077,-40.403,-34.944,-43.332,neutral_down,210.1712,-0.1611,-0.7413
NVDA,NVDA-059,2026-06-29T09:30:00-04:00,2026-06-30T13:30:00-04:00,11,192.725,198.93,7.287,193.8194,196.0098,-49.396,6.639,-4.801,neutral_down,205.7658,-1.4046,-3.4819
NVDA,NVDA-060,2026-07-01T10:30:00-04:00,2026-07-01T11:30:00-04:00,1,196.93,197.062,7.1163,197.4327,196.8712,8.638,-7.817,-30.423,neutral,204.321,-0.4561,-2.8494
NVDA,NVDA-061,2026-07-02T09:30:00-04:00,2026-07-02T14:30:00-04:00,5,197.85,193.105,7.0651,197.8855,197.3784,10.031,-3.026,-3.493,neutral,203.7082,-0.6128,-2.0576
NVDA,NVDA-062,2026-07-06T09:30:00-04:00,2026-07-06T10:30:00-04:00,1,196.574,196.51,7.1108,195.221,195.895,-10.269,20.336,27.693,neutral,202.872,-0.8362,-1.9051
NVDA,NVDA-063,2026-07-06T14:30:00-04:00,,-1,196.85,,7.1108,196.0983,196.1321,7.749,4.541,0.758,neutral,202.872,-0.8362,-1.9051
MSFT,MSFT-001,2025-07-09T10:30:00-04:00,2025-07-09T12:30:00-04:00,2,501.53,501.47,6.4636,498.6043,497.1137,56.104,-0.289,52.556,neutral_up,484.7636,1.1896,4.2851
MSFT,MSFT-002,2025-07-11T14:30:00-04:00,2025-07-15T11:30:00-04:00,11,503.4029,507.31,6.7223,503.0221,501.5326,37.438,-8.668,-5.137,neutral_up,487.8337,1.3686,4.2598
MSFT,MSFT-003,2025-07-16T09:30:00-04:00,2025-07-16T13:30:00-04:00,4,503.73,505.77,6.4164,505.4476,504.34,14.008,-24.561,-51.504,neutral,491.8572,1.3828,4.0235
MSFT,MSFT-004,2025-07-17T09:30:00-04:00,2025-07-17T10:30:00-04:00,1,510.075,511.89,6.3031,506.311,505.2162,45.659,29.99,31.297,neutral_up,493.1002,1.243,3.8723
MSFT,MSFT-005,2025-07-21T12:30:00-04:00,2025-07-22T15:30:00-04:00,10,510.9101,505.46,6.4698,510.5911,509.7374,15.69,1.769,-5.615,neutral,496.185,1.3775,4.3277
MSFT,MSFT-006,2025-07-29T09:30:00-04:00,2025-07-31T09:30:00-04:00,14,514.31,537.7001,6.482,512.6451,512.0664,16.403,17.624,27.312,neutral,502.2612,1.0249,3.3672
MSFT,MSFT-007,2025-08-08T15:30:00-04:00,2025-08-12T12:30:00-04:00,11,522.12,528.17,9.6703,522.0596,523.434,-19.413,1.867,9.495,neutral,514.2407,0.6859,3.3438
MSFT,MSFT-008,2025-08-15T14:30:00-04:00,2025-08-18T11:30:00-04:00,4,523.14,517.19,9.2571,523.5178,523.8723,-4.133,-5.738,2.761,neutral,517.6836,0.4876,2.0863
MSFT,MSFT-009,2025-08-21T15:30:00-04:00,2025-08-26T12:30:00-04:00,18,504.15,500.38,8.8641,505.7374,508.2337,-49.343,-6.388,6.498,neutral_down,516.0359,-1.0576,-1.8618
MSFT,MSFT-010,2025-08-29T15:30:00-04:00,2025-09-02T12:30:00-04:00,4,506.92,501.86,7.8868,507.8877,507.2357,8.557,-13.386,-7.042,neutral,511.6084,-0.1948,-1.7437
MSFT,MSFT-011,2025-09-04T09:30:00-04:00,2025-09-04T12:30:00-04:00,3,505.4802,506.75,7.6942,504.4824,504.783,2.663,6.563,17.023,neutral,510.1514,-0.476,-1.457
MSFT,MSFT-012,2025-09-04T13:30:00-04:00,2025-09-04T15:30:00-04:00,2,507.07,507.98,7.6942,505.8839,505.4425,20.783,2.91,2.09,neutral,510.1514,-0.476,-1.457
MSFT,MSFT-013,2025-09-05T09:30:00-04:00,2025-09-05T11:30:00-04:00,2,499.21,496.845,7.5018,504.9781,505.1737,-19.873,-45.784,-40.656,neutral,509.954,-0.1974,-1.2282
MSFT,MSFT-014,2025-09-09T15:30:00-04:00,2025-09-12T10:30:00-04:00,16,498.45,510.6709,8.2098,498.6917,499.3942,-14.783,0.55,-5.85,neutral,507.6554,-0.9405,-2.496
MSFT,MSFT-015,2025-09-16T15:30:00-04:00,2025-09-22T12:30:00-04:00,25,509.149,515.14,7.9638,511.5603,510.3932,-2.085,-14.81,-44.536,neutral,506.9802,0.847,0.7625
MSFT,MSFT-016,2025-09-24T09:30:00-04:00,2025-09-24T10:30:00-04:00,1,510.05,509.585,7.6859,510.6265,511.3687,-23.522,6.384,2.694,neutral,509.0513,0.0569,1.5487
MSFT,MSFT-017,2025-09-25T12:30:00-04:00,2025-09-29T11:30:00-04:00,13,507.97,515.26,7.5341,508.5989,509.5767,-23.346,0.001,-3.017,neutral,509.1357,0.0844,0.6789
MSFT,MSFT-018,2025-10-01T10:30:00-04:00,2025-10-06T10:30:00-04:00,21,514.55,523.7421,7.4718,515.0522,513.9011,12.255,-4.388,-30.709,neutral,510.4251,0.7515,1.4808
MSFT,MSFT-019,2025-10-08T15:30:00-04:00,2025-10-09T11:30:00-04:00,3,524.83,519.515,8.0936,524.4126,523.5679,15.598,2.722,-0.146,neutral,514.596,0.9374,2.9413
MSFT,MSFT-020,2025-10-09T14:30:00-04:00,2025-10-10T11:30:00-04:00,4,521.52,515.69,7.7912,521.3399,522.1213,-22.799,14.985,9.83,neutral,515.5264,0.9304,3.3539
MSFT,MSFT-021,2025-10-14T15:30:00-04:00,2025-10-20T13:30:00-04:00,26,513.71,517.64,7.9802,513.4907,514.7095,-13.311,1.417,10.204,neutral,515.5466,-0.1577,0.0202
MSFT,MSFT-022,2025-10-21T13:30:00-04:00,2025-10-22T09:30:00-04:00,3,516.015,523.465,7.8687,515.6378,515.1133,5.759,5.85,-6.773,neutral,514.9573,0.1873,-0.2733
MSFT,MSFT-023,2025-10-22T10:30:00-04:00,2025-10-22T11:30:00-04:00,1,522.75,523.005,7.7102,518.745,516.8395,62.629,7.123,47.279,distribution,515.213,0.2557,0.317
MSFT,MSFT-024,2025-10-22T13:30:00-04:00,2025-10-22T14:30:00-04:00,1,519.33,520.01,7.7102,519.6968,517.8362,33.582,-15.905,-29.047,neutral_up,515.213,0.2557,0.317
MSFT,MSFT-025,2025-10-23T09:30:00-04:00,2025-10-23T10:30:00-04:00,1,521.4051,523.1582,7.6966,520.2039,518.5425,31.699,3.001,-1.883,neutral_up,515.6918,0.4788,0.9218
MSFT,MSFT-026,2025-10-24T12:30:00-04:00,2025-10-27T09:30:00-04:00,4,523.785,533.27,7.5283,522.7735,521.227,35.23,-0.038,7.241,neutral_up,516.1371,0.4453,1.1798
MSFT,MSFT-027,2025-11-04T09:30:00-05:00,2025-11-04T10:30:00-05:00,1,514.63,513.32,9.9186,517.1022,520.6112,-45.562,-2.413,-0.182,neutral_down,521.7339,-0.4694,-0.5939
MSFT,MSFT-028,2025-11-04T11:30:00-05:00,2025-11-05T12:30:00-05:00,8,512.47,508.845,9.9186,515.5706,519.2685,-54.216,-3.986,-11.067,neutral_down,521.7339,-0.4694,-0.5939
MSFT,MSFT-029,2025-11-12T15:30:00-05:00,2025-11-13T15:30:00-05:00,7,511.409,503.276,9.4437,508.0104,506.1802,47.853,7.969,37.403,neutral_up,514.4355,-0.5615,-3.3424
MSFT,MSFT-030,2025-11-14T09:30:00-05:00,2025-11-14T15:30:00-05:00,6,505.4173,510.4,9.8473,505.9962,506.2035,-15.981,9.018,-11.883,neutral,513.1709,-0.9895,-1.8262
MSFT,MSFT-031,2025-11-17T09:30:00-05:00,2025-11-18T10:30:00-05:00,8,507.48,492.24,10.1553,508.5592,507.7201,11.025,-13.244,-9.894,neutral,512.919,-0.2519,-1.5165
MSFT,MSFT-032,2025-11-25T09:30:00-05:00,2025-11-26T11:30:00-05:00,9,468.38,486.8,11.1257,473.3566,476.978,-49.888,-16.082,-16.134,neutral_down,500.13,-2.634,-8.442
MSFT,MSFT-033,2025-12-02T11:30:00-05:00,2025-12-03T11:30:00-05:00,7,493.21,482.405,10.7804,489.5679,487.3783,44.807,15.413,29.257,neutral_up,495.5585,-0.8729,-2.4632
MSFT,MSFT-034,2025-12-05T15:30:00-05:00,2025-12-08T10:30:00-05:00,2,483.03,491.48,10.4044,481.3897,481.7141,8.812,7.695,16.519,neutral,492.333,-1.1513,-3.2256
MSFT,MSFT-035,2025-12-12T15:30:00-05:00,2025-12-15T11:30:00-05:00,3,478.35,474.4,10.0285,479.2641,480.8133,-28.642,0.813,2.838,neutral_down,489.7248,-0.6035,-1.7291
MSFT,MSFT-036,2025-12-16T14:30:00-05:00,2025-12-18T10:30:00-05:00,10,476.5365,487.65,9.7203,474.9513,476.3184,-10.475,12.974,21.646,neutral,487.4288,-1.2619,-2.8994
MSFT,MSFT-037,2025-12-22T13:30:00-05:00,2025-12-31T15:30:00-05:00,41,485.875,483.65,9.2165,485.2929,483.932,24.22,0.043,1.283,neutral_up,485.3773,0.0513,-1.0344
MSFT,MSFT-038,2026-01-06T15:30:00-05:00,2026-01-07T09:30:00-05:00,1,478.51,483.4,7.5948,475.4903,476.117,18.495,15.301,55.784,neutral,483.6433,-1.0723,-2.4753
MSFT,MSFT-039,2026-01-12T13:30:00-05:00,2026-01-13T10:30:00-05:00,4,479.14,468.74,7.9351,478.6306,478.6806,2.808,3.621,1.109,neutral,482.4277,-0.3178,-0.7489
MSFT,MSFT-040,2026-01-16T15:30:00-05:00,2026-01-20T13:30:00-05:00,5,459.87,453.1,8.3906,460.4584,461.9171,-18.045,-8.135,-4.509,neutral,476.9658,-2.0056,-4.9858
MSFT,MSFT-041,2026-02-02T15:30:00-05:00,2026-02-03T09:30:00-05:00,1,423.31,412.31,13.4372,426.0511,433.4008,-83.306,0.909,3.705,accumulation,464.2403,-3.388,-5.7363
MSFT,MSFT-042,2026-02-13T13:30:00-05:00,2026-02-23T10:30:00-05:00,32,403.03,386.561,12.9832,403.32,404.6928,-13.184,-1.571,19.925,neutral,431.6339,-2.9754,-8.4473
MSFT,MSFT-043,2026-03-02T09:30:00-05:00,2026-03-02T12:30:00-05:00,3,398.57,400.29,10.9767,395.7189,396.0224,-2.531,25.882,24.458,neutral,409.6563,-1.6926,-3.8278
MSFT,MSFT-044,2026-03-02T14:30:00-05:00,2026-03-02T15:30:00-05:00,1,397.24,398.37,10.9767,397.8401,397.1215,13.583,-12.418,-4.726,neutral,409.6563,-1.6926,-3.8278
MSFT,MSFT-045,2026-03-03T09:30:00-05:00,2026-03-03T12:30:00-05:00,3,393.77,404.59,10.9469,397.1108,396.92,-8.579,-21.083,-34.58,neutral,408.6303,-1.026,-3.6725
MSFT,MSFT-046,2026-03-06T09:30:00-05:00,2026-03-13T12:30:00-04:00,38,411.35,396.58,10.855,409.171,406.6123,41.739,2.437,7.269,neutral_up,408.1449,0.2455,-0.4854
MSFT,MSFT-047,2026-03-17T12:30:00-04:00,2026-03-18T12:30:00-04:00,7,399.81,392.74,9.1992,399.1491,399.6402,-3.105,5.39,-5.536,neutral,405.6227,-0.5663,-2.1597
MSFT,MSFT-048,2026-04-02T15:30:00-04:00,2026-04-08T15:30:00-04:00,21,373.5,374.3,8.8813,371.1771,369.4853,41.328,7.478,15.394,neutral_up,383.029,-1.3579,-5.4856
MSFT,MSFT-049,2026-04-09T09:30:00-04:00,2026-04-09T10:30:00-04:00,1,367.56,368.87,8.7947,372.8471,372.5342,-19.265,-30.131,-50.714,neutral,379.9315,-0.5632,-2.2312
MSFT,MSFT-050,2026-04-09T11:30:00-04:00,2026-04-09T12:30:00-04:00,1,371.31,371.875,8.7947,371.9033,372.1201,-17.229,9.14,-28.095,neutral,379.9315,-0.5632,-2.2312
MSFT,MSFT-051,2026-04-10T09:30:00-04:00,2026-04-10T11:30:00-04:00,2,372.95,372.19,8.6844,372.0964,372.0917,5.484,3.347,21.974,neutral,379.3023,-0.6292,-2.0148
MSFT,MSFT-052,2026-04-13T09:30:00-04:00,2026-04-13T10:30:00-04:00,1,377.48,380.39,8.4648,372.6343,372.2536,24.625,33.79,35.761,neutral_up,378.5357,-0.7666,-1.9589
MSFT,MSFT-053,2026-04-29T09:30:00-04:00,2026-04-30T09:30:00-04:00,7,425.21,401.65,10.2773,426.9044,425.4271,18.404,-20.543,-11.091,neutral,406.7577,2.2602,6.5354
MSFT,MSFT-054,2026-05-05T12:30:00-04:00,2026-05-07T10:30:00-04:00,12,410.145,424.55,11.1293,412.0509,413.508,-30.016,-0.689,-8.808,neutral_down,409.3299,0.437,0.9466
MSFT,MSFT-055,2026-05-14T09:30:00-04:00,2026-05-15T09:30:00-04:00,7,408.875,418.47,10.4714,406.3066,408.1787,-16.308,23.499,29.076,neutral,410.5455,-0.5466,-0.7434
MSFT,MSFT-056,2026-05-19T15:30:00-04:00,2026-05-27T15:30:00-04:00,35,417.6,412.69,10.9739,419.527,419.0543,-8.697,-4.509,-10.106,neutral,412.6081,1.1062,2.0626
MSFT,MSFT-057,2026-05-28T09:30:00-04:00,2026-05-28T10:30:00-04:00,1,425.2563,424.75,10.4275,415.9127,416.053,25.863,55.506,62.768,neutral_up,414.6022,-0.1912,0.3304
MSFT,MSFT-058,2026-06-24T12:30:00-04:00,2026-06-25T09:30:00-04:00,4,370.96,359.855,11.9964,373.1358,374.6698,-24.865,-11.976,-13.897,neutral_down,399.4792,-2.5574,-8.6815
MSFT,MSFT-059,2026-06-30T15:30:00-04:00,2026-07-01T10:30:00-04:00,2,372.83,386.72,13.7839,370.9717,369.7856,19.376,5.761,4.504,neutral,388.4838,-2.0004,-7.9018
MSFT,MSFT-060,2026-07-06T15:30:00-04:00,,-1,386.88,,13.1171,386.6119,384.7795,17.993,2.299,4.284,neutral,387.0586,0.2561,-1.4252
