ticker,ep_id,start_ts_et,end_ts_et,spot_start,datr14_prior,ema9_h,ema21_h,po,po_slope1,po_slope3,ema21_d_slope1,ema21_d_slope3
AMZN,RND-AMZN-000,2025-07-21T10:30:00-04:00,,227.75,4.027876898434564,226.1608898160621,225.29103524024606,69.32558323701357,5.701518958994626,30.8515054898252,0.5697932669161503,1.3577157134924676
AMZN,RND-AMZN-001,2025-07-25T14:30:00-04:00,,231.7425,4.115334550608849,231.66674030699474,230.62528451482382,35.70534442496162,-3.4686249032886423,-15.51077691093171,0.8962831547818837,2.0561072423280677
AMZN,RND-AMZN-002,2025-07-28T14:30:00-04:00,,232.58,3.9142392255653586,232.54611114482952,231.6692163130419,34.355727145588396,-6.457239245040618,-11.398934261923237,0.7430755952562436,2.227370220298212
AMZN,RND-AMZN-003,2025-08-01T12:30:00-04:00,,214.34,3.9578955779199365,223.00777687277235,227.24556048214916,-139.11062247582373,-13.048860886334325,-86.41381213577733,0.7525173111510526,1.7573322999100185
AMZN,RND-AMZN-004,2025-08-04T10:30:00-04:00,,211.751,5.197331608068513,216.6237227896701,222.10905762283323,-127.6457735749232,-3.3650426046641684,6.852211772708927,-1.0663478989535804,0.1289384544636505
AMZN,RND-AMZN-005,2025-08-05T10:30:00-04:00,,214.99,5.25609363606362,214.16489830638028,217.83115227542942,-58.69211559654587,17.491765204212946,44.06424752494605,-1.254407180866906,-1.5682377686694338
AMZN,RND-AMZN-006,2025-08-05T12:30:00-04:00,,215.075,5.25609363606362,214.54133491608337,217.37801840944581,-40.65552154066216,5.3114200582388875,35.52835926009666,-1.254407180866906,-1.5682377686694338
AMZN,RND-AMZN-007,2025-08-15T11:30:00-04:00,,229.9864,5.1447312185393335,230.26654807441463,227.8441616847522,62.86797520453576,-21.340368946059208,-33.544950768355214,0.7157027123514013,0.7251259778830956
AMZN,RND-AMZN-008,2025-08-26T10:30:00-04:00,,228.03,4.988600021340208,228.06051142201127,227.30511866960651,21.643294335632888,-2.9783522738169204,-21.338386987656257,0.24096479029788043,0.3080934558859951
AMZN,RND-AMZN-009,2025-08-28T11:30:00-04:00,,232.43,4.646190834727015,230.10838516659862,229.04201646723865,71.38685085296875,16.01724102171044,48.44224705921065,0.2977394961139339,0.8332177321371432
AMZN,RND-AMZN-010,2025-09-03T15:30:00-04:00,,226.0,4.766824440195064,225.55621882946537,226.3596395005444,-23.40451246244361,14.157832408413167,4.818615926066695,-0.13334372944103734,0.59083225555014
AMZN,RND-AMZN-011,2025-09-09T12:30:00-04:00,,237.765,4.953486129123576,236.3631436811233,234.82730976661097,59.1910125613005,7.432703798105095,12.169982030965599,0.7260161673102346,1.9967135137969194
AMZN,RND-AMZN-012,2025-09-09T14:30:00-04:00,,238.235,4.953486129123576,236.96741195591892,235.38277666662063,63.64380543348743,3.042670840287272,11.885496670292028,0.7260161673102346,1.9967135137969194
AMZN,RND-AMZN-013,2025-09-18T11:30:00-04:00,,232.88,4.987304718801252,232.17397294922768,232.12381044497602,9.431833897135018,5.682705861791277,21.41704930533685,0.14595009881642795,0.7258948270823566
AMZN,RND-AMZN-014,2025-10-06T09:30:00-04:00,,218.33,4.734819975183801,220.30080649852152,220.76996602948734,-44.120312209592555,-10.111931118512686,-30.106321423229048,-0.5047868753948705,-1.238644557556995
AMZN,RND-AMZN-015,2025-10-30T11:30:00-04:00,,226.12,5.079802790122689,228.33795426700237,227.99536032561304,-14.357274215771021,-14.659355751746409,-45.846435225100585,0.7637889693628495,2.071641488591041
AMZN,RND-AMZN-016,2025-11-04T09:30:00-05:00,,253.39,7.398945601275349,252.54839365572684,246.24224385609097,79.9908905001497,-13.985896909255374,-34.00003074062758,2.67305707690673,4.637318924561242
AMZN,RND-AMZN-017,2025-11-05T10:30:00-05:00,,249.1,7.354735201184252,250.01485011205563,248.10690978886518,12.934640979674636,-0.9843406148029814,-11.578521685311696,2.008233706278844,6.631653567782962
AMZN,RND-AMZN-018,2025-11-13T12:30:00-05:00,,238.0734,6.847498458987774,242.17288358469804,244.26088381260385,-92.87086500106483,-13.647737445510103,-46.00077750131708,0.7413720251681184,3.4023414033064796
AMZN,RND-AMZN-019,2025-11-21T10:30:00-05:00,,218.575,7.150390638855879,219.31361132383242,222.23693904639262,-58.30371560514128,13.835824824634997,-2.006921144942126,-1.5292182514922672,-3.909312412439391
AMZN,RND-AMZN-020,2025-11-24T12:30:00-05:00,,224.96,7.141791307509031,222.9841189923199,222.63863762924012,27.54843637532858,2.1135184186145075,12.019199863583546,-1.0701984104475173,-3.727556738581285
AMZN,RND-AMZN-021,2025-11-28T10:30:00-05:00,,231.94,6.786685824561714,230.33169650013028,228.70619658779657,49.6745298718937,8.701034503419336,14.57964726212527,-0.15280872310108862,-0.7538968734645266
AMZN,RND-AMZN-022,2025-12-01T12:30:00-05:00,,234.9601,6.601565408521592,232.9821471593302,230.89505374237552,73.02638287526491,4.889761792376504,13.278960583392703,0.23653752445358123,-0.03536079405867554
AMZN,RND-AMZN-023,2025-12-02T10:30:00-05:00,,234.3901,6.383382165055763,233.91700326116933,232.20712214352938,46.793221585062426,-7.882436710593943,-15.84474045407923,0.28139774950327023,0.36512655085576284
AMZN,RND-AMZN-024,2025-12-02T11:30:00-05:00,,236.19,6.383382165055763,234.37160260893546,232.56920194866305,54.50206688043761,7.708845295375184,0.40072988086834016,0.28139774950327023,0.36512655085576284
AMZN,RND-AMZN-025,2025-12-09T13:30:00-05:00,,227.98,5.827823656456477,227.91846098740493,228.50055437023906,-13.433763396735078,0.062148874562936385,14.548695130873394,-0.3771394468192,-0.7557315689714983
AMZN,RND-AMZN-026,2025-12-17T09:30:00-05:00,,224.7787,5.266508978056155,223.06059951162217,224.08408605265083,-11.909153753202391,26.96063410124367,41.59188178950765,-0.6322829226987778,-1.7256564741329612
AMZN,RND-AMZN-027,2025-12-18T15:30:00-05:00,,226.76,5.190329765337857,225.9810854290424,225.17342475976346,32.14969562987346,-1.3189896172044442,-5.376243173585031,-0.6919844751807034,-2.0187786128481378
AMZN,RND-AMZN-028,2025-12-19T14:30:00-05:00,,228.65,5.389877639242294,227.7635116747109,226.53138941801234,49.25162538218123,-1.8092813999095654,4.614699515033585,-0.12734952289153512,-1.4516169207710163
AMZN,RND-AMZN-029,2025-12-24T11:30:00-05:00,,232.81,5.004280675442899,231.72636447593047,230.1788776609552,74.78427847228002,2.479703456620854,-0.01632587937979224,0.3732084726584901,0.35442004449959086
AMZN,RND-AMZN-030,2026-01-05T12:30:00-05:00,,232.63,4.6057247664071035,230.61084536093944,230.22634937747677,41.516700314073844,1.277972005070282,38.54508596747711,-0.2959971665336525,0.09663937877363082
AMZN,RND-AMZN-031,2026-01-07T15:30:00-05:00,,241.575,5.262283089402045,242.12103024692397,239.27432968504064,55.40187630566938,-17.25971888829806,-49.92734498850991,1.0085147384019422,1.0388837841104248
AMZN,RND-AMZN-032,2026-02-04T11:30:00-05:00,,233.4202,6.052925867324033,237.19884713658783,238.8678458036811,-50.57777734745193,-19.496259397969716,-20.557977497065494,0.02059784492109884,0.6042788666888441
AMZN,RND-AMZN-033,2026-02-05T14:30:00-05:00,,223.17,6.123431162515176,226.40753468058574,231.13290805882468,-98.22556006970157,3.9051502337786843,5.107291875489295,-0.4949110500717211,-0.020655575737407617
AMZN,RND-AMZN-034,2026-02-06T10:30:00-05:00,,204.9,6.586757508049807,218.14449775645994,225.91999102841822,-157.92294681516302,-15.72737975871695,-59.69738674546144,-1.4144645909742906,-1.8887777961249128
AMZN,RND-AMZN-035,2026-02-20T15:30:00-05:00,,210.17,6.7329909619135595,208.28524192823636,206.38982831302485,62.07618484565187,2.9203608452282808,5.180508599267185,-1.2818835340246437,-4.6369344976215245
AMZN,RND-AMZN-036,2026-02-23T11:30:00-05:00,,203.44,6.78206303606259,206.236168667257,205.82988603533047,-19.93661525276064,-17.34801112805629,-82.01280009841251,-0.6871668491133107,-3.4031222705650634
AMZN,RND-AMZN-037,2026-02-25T10:30:00-05:00,,209.94,6.823921699462131,208.82101285433515,207.6343089606234,42.203509621666186,-0.02482917255315442,9.84065003027623,-0.6736916108374373,-2.4319192318719445
AMZN,RND-AMZN-038,2026-02-27T13:30:00-05:00,,208.85,6.492361057189288,208.21312168591166,208.09476269135507,8.742300573530006,5.943380646499021,7.738972122806576,-0.6332162073036613,-1.7284456461751176
AMZN,RND-AMZN-039,2026-03-02T13:30:00-05:00,,208.665,6.39504955310434,208.36013172098535,208.2571203839978,4.248693432434786,2.4141274893397493,13.703615942163983,-0.3856510975487879,-1.4404051328864682
AMZN,RND-AMZN-040,2026-03-06T13:30:00-05:00,,214.62,6.471965282335826,215.696047052353,214.83105402330838,1.5584969452675028,-5.006745384339364,-18.389752270554887,0.5079023512404888,0.43899378260601907
AMZN,RND-AMZN-041,2026-03-16T12:30:00-04:00,,209.89,5.956614023807855,209.0265548945844,209.66337057946444,-5.286467391591402,9.800151912961393,16.754694806337284,-0.5058228639936715,-0.983173679819032
AMZN,RND-AMZN-042,2026-03-17T10:30:00-04:00,,213.8899,5.908213022107294,211.59992310785748,210.80634354239615,52.76404298322774,7.496217008166184,24.522618576595473,-0.0916571490851652,-0.972885163471858
AMZN,RND-AMZN-043,2026-03-17T15:30:00-04:00,,215.2,5.908213022107294,213.53012520398278,212.14980257334392,61.80872016679616,3.593252423830471,11.288318552669523,-0.0916571490851652,-0.972885163471858
AMZN,RND-AMZN-044,2026-03-18T09:30:00-04:00,,211.88,5.767626377671058,213.20010016318625,212.12527506667627,28.489522606839706,-33.31919755995645,-18.499282070610363,0.22940259174075095,-0.36807742133808574
AMZN,RND-AMZN-045,2026-03-18T14:30:00-04:00,,209.76,5.767626377671058,211.5718907414729,211.65697242902945,-27.836942004579832,-13.349367873883933,-26.762674807697472,0.22940259174075095,-0.36807742133808574
AMZN,RND-AMZN-046,2026-03-20T10:30:00-04:00,,206.29,5.668080907277598,207.77547225048383,209.0742007012604,-47.770895857538804,-6.8219543374410065,-0.7859261790523249,-0.34718794071011416,-0.3946920837504706
AMZN,RND-AMZN-047,2026-03-24T11:30:00-04:00,,208.405,5.716773843519969,208.95988072888758,209.0123491214815,-11.633059585818664,0.39503279141228376,-32.870139440673746,-0.14023796752903195,-1.116687672521067
AMZN,RND-AMZN-048,2026-03-26T12:30:00-04:00,,209.25,5.572983569157526,210.76378347080092,210.30142159827483,-1.9279017609538567,-16.860929626885202,-33.75987387830957,0.052489283033878564,-0.47251047315791084
AMZN,RND-AMZN-049,2026-04-08T10:30:00-04:00,,220.89,5.759874145478842,215.41568696641082,213.01718993779582,94.56161104721869,15.087121595342396,68.2527331966147,0.3915982594319871,0.7872902387198621
AMZN,RND-AMZN-050,2026-04-10T12:30:00-04:00,,238.65,6.679993523397575,234.72675562592053,228.28522482561897,145.87656274634747,-6.563986808098804,-13.955605095353746,2.0682630243239544,3.4949506105122907
AMZN,RND-AMZN-051,2026-04-13T09:30:00-04:00,,237.11,6.6871368431548905,236.5701111043771,231.33086935702408,105.22169250760282,-17.53557455739613,-29.0755528473276,2.3084209312036137,5.411773282283917
AMZN,RND-AMZN-052,2026-04-15T14:30:00-04:00,,248.73,6.927837380067228,248.04480597670272,244.54970720725868,77.8970117132964,-2.6311789705679587,-15.846187123733756,2.8653891993417915,7.408738249821397
AMZN,RND-AMZN-053,2026-04-21T12:30:00-04:00,,251.58,6.486899297482824,250.58185861388748,249.6711663625792,34.598523283594346,-3.5113237756617863,9.751932819678885,1.8760400241389164,6.593592479899854
AMZN,RND-AMZN-054,2026-04-30T09:30:00-04:00,,259.06,6.42503141225046,261.7070820994228,261.15048817310003,2.5727877100546355,-24.119622422460125,-25.78852870058423,1.9369993541591555,5.807467862266861
AMZN,RND-AMZN-055,2026-05-04T15:30:00-04:00,,272.05,7.470613819746569,270.885076797918,268.4546054276634,42.500839298652366,0.3776870807606798,-4.115060194430242,2.047189548891879,5.905097406832084
AMZN,RND-AMZN-056,2026-05-11T13:30:00-04:00,,270.105,6.982782647437014,271.7598966917978,272.2499158759677,-26.674726359865836,-10.683475398373737,-22.910013550363256,1.5303620895814731,5.139598516514695
AMZN,RND-AMZN-057,2026-05-15T12:30:00-04:00,,263.32,6.672892825735336,265.1625155837561,266.6803255918651,-58.13822079182175,3.901915552789731,-11.211487942625112,0.6521863872559948,2.332336941817289
AMZN,RND-AMZN-058,2026-05-26T10:30:00-04:00,,263.8415,6.659187370535814,266.37618701650973,266.0234493616036,-17.91054262492618,-17.409052868916632,-41.795075894859686,0.3752079393574377,1.347788279273061
AMZN,RND-AMZN-059,2026-05-29T14:30:00-04:00,,270.9,6.752541783187752,271.40424733162405,270.53056269391493,9.142551869285679,-2.83224836626356,-21.509820999952627,0.9389764382850672,2.0123150107235688
AMZN,RND-AMZN-060,2026-06-04T12:30:00-04:00,,254.395,7.051662741295952,253.19412494026108,255.6336973566775,-24.691603130860656,7.080617404141144,43.41774657053726,-1.2680046183422746,-2.3728952867128896
AMZN,RND-AMZN-061,2026-06-10T12:30:00-04:00,,238.56,7.343296010884884,241.53344547093826,244.50514496443608,-78.95072683903686,-4.432378870862479,-23.541011997781247,-1.3689526796955533,-4.207333369792309
AMZN,RND-AMZN-062,2026-06-11T09:30:00-04:00,,237.27,7.291274867250251,239.35800326489635,242.41979507167272,-76.84983574537935,1.1896188804611825,-2.0813715299356375,-1.7999569815414418,-4.555757608902098
NVDA,RND-NVDA-063,2025-07-14T10:30:00-04:00,,164.75,3.7770448357665236,164.86687429099806,163.9788059823469,18.027765369756068,0.6863009449451454,-32.9337080033942,1.1261106164523653,3.436861140457353
NVDA,RND-NVDA-064,2025-07-16T09:30:00-04:00,,169.965,4.081890700227259,169.57571971587825,167.67905536701107,64.3507985434344,-12.659562480566748,-28.911963186531338,1.4526947243408017,3.528769537568053
NVDA,RND-NVDA-065,2025-07-16T15:30:00-04:00,,171.34,4.081890700227259,170.56058331879922,169.0596142932764,55.37807810344056,3.2528444221583825,-0.15946434176960622,1.4526947243408017,3.528769537568053
NVDA,RND-NVDA-066,2025-07-24T11:30:00-04:00,,172.94,4.011549481783901,171.16541816714118,170.54654591088646,49.10156747264299,6.9122488599479155,31.939401799500658,0.8350193102810408,2.4067139170302596
NVDA,RND-NVDA-067,2025-07-30T15:30:00-04:00,,179.29,3.807315304800864,178.32307725085153,176.9628627023481,61.33305438001294,-0.16093306742475022,-7.5064930203648,0.9067996108743159,2.934906711993932
NVDA,RND-NVDA-068,2025-08-04T13:30:00-04:00,,179.27,4.304078616854046,177.50179979526794,177.04537721831986,34.174359488524026,4.493036778088957,26.805301914718353,0.45809888119782727,2.557007296764766
NVDA,RND-NVDA-069,2025-08-04T15:30:00-04:00,,179.97,4.304078616854046,178.2853758689715,177.49873323828086,41.073429526218376,5.226418779511107,11.392106815783308,0.45809888119782727,2.557007296764766
NVDA,RND-NVDA-070,2025-08-08T13:30:00-04:00,,182.61,4.4523669662632335,181.7143684261846,180.5885283342744,42.18281893327054,0.9602605284643957,-5.584947548276887,0.8495361527203045,2.388264665504238
NVDA,RND-NVDA-071,2025-08-15T09:30:00-04:00,,179.9201,4.302948339986268,181.38206278944625,181.54973677716242,-14.83798564472619,-19.884585154726636,-14.810710173480288,0.5870900849546388,2.0059681811998757
NVDA,RND-NVDA-072,2025-08-25T13:30:00-04:00,,181.3399,4.663303276520732,179.75760292204197,178.2918449266843,59.46739470917292,0.6641306485015619,8.858323650210416,0.1296945428098013,-0.16910106329959262
NVDA,RND-NVDA-073,2025-08-27T13:30:00-04:00,,182.2226,4.630807417000018,181.61108501994053,180.69500683775573,32.195138228103424,3.6175292494231,3.250544219809612,0.4266897048015039,0.8397429228929241
NVDA,RND-NVDA-074,2025-08-28T14:30:00-04:00,,180.085,4.5421783157857325,180.3113364553391,180.35048346716067,-3.253127064394329,-1.754265163654594,12.13866168239626,0.3788088225468016,1.0888572026299244
NVDA,RND-NVDA-075,2025-08-29T09:30:00-04:00,,175.065,4.793451293229609,179.24425533141704,179.85754831996746,-40.1966595533961,-37.24912506140733,-38.69779765265637,0.2170989295879906,1.0225974569362961
NVDA,RND-NVDA-076,2025-09-15T09:30:00-04:00,,175.489,4.839066492973364,177.1370030815948,176.34586282905317,7.863074676180995,-28.297689433072115,-28.962940020412965,0.27584634163540045,0.7870513908131898
NVDA,RND-NVDA-077,2025-09-19T13:30:00-04:00,,175.5999,4.97585324098845,175.85932459149478,175.3134553467967,12.16537870654237,-6.0438993609293945,-19.674573666545456,0.1357921874430872,-0.36022785956339476
NVDA,RND-NVDA-078,2025-10-03T10:30:00-04:00,,189.4739,5.242715577869453,188.86600503318732,187.39258670994874,45.51608377154376,1.1287835266163881,-9.48144235353427,0.931261159045448,2.6559744364404025
NVDA,RND-NVDA-079,2025-10-06T14:30:00-04:00,,185.81,5.223950179450208,186.50232214537667,186.82995117661812,-22.27287041732982,-0.3565382386506002,-10.116561419456662,0.7285101445867781,2.509158578582202
NVDA,RND-NVDA-080,2025-10-09T13:30:00-04:00,,192.545,5.114620096301788,191.46242339663428,189.59498573875433,64.93202668367474,-8.830639275069188,-16.75996079201974,0.7159430087052954,1.5646713588145644
NVDA,RND-NVDA-081,2025-10-13T10:30:00-04:00,,188.275,5.793218348341848,188.19199107107224,188.88670012150862,-19.364866976209875,11.998821503423013,14.78955374114409,0.022928106368027557,1.7060920320781463
NVDA,RND-NVDA-082,2025-10-20T12:30:00-04:00,,183.816,5.873951616348267,183.4564580962314,183.02938882183787,14.661393662400904,-1.4628638464012447,-8.175650410832453,0.0484334442928116,-0.3323252993907886
NVDA,RND-NVDA-083,2025-10-23T13:30:00-04:00,,182.71,5.591855576208871,181.2946087286748,181.20423079043553,23.184420217078667,9.121151171272313,14.589165843932708,-0.20919350541484505,-0.3687305029231993
NVDA,RND-NVDA-084,2025-10-27T10:30:00-04:00,,190.9245,5.412868838669895,186.9045976482123,184.66550525558364,106.6861757320337,15.517843484419103,35.476221657059526,0.35496404511167157,0.12923098931966592
NVDA,RND-NVDA-085,2025-11-10T13:30:00-05:00,,197.92,7.197063276136963,193.21304622255656,192.54265018362432,49.76497414533304,9.257446251975878,31.063828781577985,-0.3337237589949211,-0.42552564227321454
NVDA,RND-NVDA-086,2025-11-14T12:30:00-05:00,,189.2,7.52483195100343,188.60761039305945,189.60878784506215,-6.005412036955965,0.7993792659531067,35.15279429404658,-0.5029576456491611,-0.27966680709872094
NVDA,RND-NVDA-087,2025-11-17T10:30:00-05:00,,187.2,7.732343954503183,188.63454497359774,189.32544650145735,-19.11991358656534,-8.752572807297124,-21.49893025362676,-0.15575240513558697,-0.5233334609988276
NVDA,RND-NVDA-088,2025-11-17T14:30:00-05:00,,184.935,7.732343954503183,187.01414162118567,188.2818967293609,-41.088302039497464,-6.057382897859448,-20.90261243468028,-0.15575240513558697,-0.5233334609988276
NVDA,RND-NVDA-089,2025-11-19T15:30:00-05:00,,186.775,7.558194532199175,185.2869775239755,185.547607053178,9.318249853567421,6.345276749442397,20.884971758082962,-0.9082251282112281,-1.5410251743791719
NVDA,RND-NVDA-090,2025-11-24T13:30:00-05:00,,181.87,8.352805534709033,181.39856546071553,182.17839075954714,-3.4159563930833636,0.4366672397402924,12.186144355586023,-0.9400789843811026,-2.111461438301461
NVDA,RND-NVDA-091,2025-11-25T09:30:00-05:00,,171.075,8.257605139372675,179.55282551588638,181.16150695683478,-42.81678096544278,-42.75619312608824,-39.40082457235942,-0.5264354403464608,-2.303601307546785
NVDA,RND-NVDA-092,2025-12-03T10:30:00-05:00,,180.55,7.758612417841338,180.80838989321396,180.33912469754165,6.074011888858655,-2.747625817021552,-12.858020301949734,-0.33032371133765537,-1.6781714845276667
NVDA,RND-NVDA-093,2025-12-08T10:30:00-05:00,,183.485,7.008879220844541,182.52608337711283,182.0309701715186,20.88508429677702,6.412868789362932,18.209594511389604,-0.15835740896898187,-0.6796630236872829
NVDA,RND-NVDA-094,2025-12-18T14:30:00-05:00,,174.675,6.204712662725989,174.1130532680681,174.61688432735772,-0.5255907012313233,1.6083271932272312,11.013009982043254,-1.004708719261771,-2.0641358607564655
NVDA,RND-NVDA-095,2025-12-19T09:30:00-05:00,,178.66,6.135090329674135,175.00595409156358,174.93428456806421,25.422299685369488,30.596866965641357,27.556217579828044,-0.6324624720561474,-2.0828507825058864
NVDA,RND-NVDA-096,2025-12-19T13:30:00-05:00,,180.5742,6.135090329674135,178.05857159590443,176.58062057787325,63.19552591030815,3.0762889708611567,19.65686340001384,-0.6324624720561474,-2.0828507825058864
NVDA,RND-NVDA-097,2026-01-05T13:30:00-05:00,,186.6432,5.371633683375049,188.3464008437965,188.49825076399884,-21.721671122758373,-13.250077270480805,-43.08568262581511,0.4378457755090892,1.0680905169350865
NVDA,RND-NVDA-098,2026-01-07T09:30:00-05:00,,191.015,5.510214757603997,188.63453583013737,188.57005278949256,11.469292261070578,29.421774927652557,16.74059366242239,0.22764940124719146,0.9999095181281632
NVDA,RND-NVDA-099,2026-01-07T14:30:00-05:00,,188.99,5.510214757603997,189.15328150081945,188.90675313999452,6.375581458367065,-4.785271869759854,-10.548358535098487,0.22764940124719146,0.9999095181281632
NVDA,RND-NVDA-100,2026-01-08T10:30:00-05:00,,184.88,5.46019941777514,187.81960012841958,188.33293248684785,-39.88636484801488,-20.133032692783956,-46.261946306381944,0.38604491022471166,0.9481086528437856
NVDA,RND-NVDA-101,2026-01-08T12:30:00-05:00,,184.745,5.46019941777514,186.63447208218855,187.66980370813872,-53.16954233924008,-0.3671914994752328,-33.41621018400916,0.38604491022471166,0.9481086528437856
NVDA,RND-NVDA-102,2026-01-12T09:30:00-05:00,,184.62,5.286083171448974,185.21847666631095,185.99523751753128,-26.743520710340192,-2.825116215989574,-7.2627446155306075,-0.04574800807876045,0.3139740932593327
NVDA,RND-NVDA-103,2026-01-22T10:30:00-05:00,,185.7355,5.555472593728403,183.23169856617477,183.09444927423405,32.016063056264926,11.921520645586842,29.78007021803187,-0.12724778013122773,-0.6974901522343373
NVDA,RND-NVDA-104,2026-01-30T14:30:00-05:00,,189.845,5.180139331382651,191.11890851387403,190.5622620870672,3.7898140842088255,-16.503533961960777,-34.62419104483221,0.591660795122948,1.4696972318569124
NVDA,RND-NVDA-105,2026-02-12T12:30:00-05:00,,189.25,6.394920207142105,189.84656181188205,189.17745938009602,2.8562946526925925,-1.7920994388281368,-31.053351954115545,0.4618331947351635,1.3463678745733887
NVDA,RND-NVDA-106,2026-02-13T13:30:00-05:00,,183.69,6.4452830494891,185.582028095753,187.00905170007672,-48.38275007717981,-1.7819708509974603,2.5419966311227924,0.1353029043046945,0.9621526132485485
NVDA,RND-NVDA-107,2026-02-27T11:30:00-05:00,,179.915,6.28329445260759,184.32078339665077,187.63233515234975,-105.34315242100324,-6.28379638922344,-25.88340156122196,-0.28082657782559295,1.075064027397275
NVDA,RND-NVDA-108,2026-03-02T10:30:00-05:00,,180.92,6.440916277421334,180.74236216273164,184.00292288684935,-61.972948980213815,19.721030265040966,45.621123618825095,-0.9571150707505467,-0.44585088418429564
NVDA,RND-NVDA-109,2026-03-06T11:30:00-05:00,,181.14,6.377292008523292,181.6751403324291,181.84760289452004,-5.8363665002600404,-5.265957685868232,-11.402182115268285,-0.19672977989930018,-1.0264755714666478
NVDA,RND-NVDA-110,2026-03-09T10:30:00-04:00,,179.185,6.386764007914487,179.52377870090436,180.558725005529,-31.861139293954103,10.350348464742957,6.357022365767094,-0.6915725271811652,-1.1477050649696707
NVDA,RND-NVDA-111,2026-03-16T10:30:00-04:00,,184.7278,5.969920008758617,182.62148482839194,182.86652168296231,12.670234877414458,22.363931908009334,54.39262263692412,-0.38127675530185456,-0.3845260600490974
NVDA,RND-NVDA-112,2026-03-24T13:30:00-04:00,,175.43,5.73878998997497,175.34739478221184,176.17009543018617,-21.491389141621642,6.045511911134309,4.344761176115679,-0.6012241719600979,-1.9666520091879818
NVDA,RND-NVDA-113,2026-03-25T14:30:00-04:00,,178.6,5.488876419262473,178.12547692658444,177.41804804821038,31.112937152278505,-6.422851294678779,-11.906102852931099,-0.5647492472364775,-2.078320008352705
NVDA,RND-NVDA-114,2026-03-26T09:30:00-04:00,,174.82,5.51895667502944,177.55150523301407,177.28532896546312,-10.116529983900701,-37.95955197604448,-47.65231843085799,-0.20795386112405367,-1.373927280320629
NVDA,RND-NVDA-115,2026-04-07T12:30:00-04:00,,175.39,5.398809585680298,175.9656906429445,175.72781773344158,-6.898520229937608,-0.9861337790686608,-16.44834059115176,0.04750361295435823,-0.053163041121052856
NVDA,RND-NVDA-116,2026-04-07T13:30:00-04:00,,175.6996,5.398809585680298,175.9124725143556,175.7252524849469,-3.7577768377369574,3.1407433922006507,0.18382372936636893,0.04750361295435823,-0.053163041121052856
NVDA,RND-NVDA-117,2026-04-16T11:30:00-04:00,,198.62,5.368966752370009,197.88031598268503,195.39986361696455,69.41086325456843,-5.711071396433169,-24.560283471140565,1.5700885303127734,3.9696550353353075
NVDA,RND-NVDA-118,2026-04-17T12:30:00-04:00,,199.88,5.274040555772151,199.38525529149763,197.55554884416688,59.71233568021893,-10.037858737097906,-0.6401665554275695,1.3702804821025154,4.429686395759347
NVDA,RND-NVDA-119,2026-05-07T12:30:00-04:00,,212.0,6.578786170654939,209.35827763808405,205.65271538946988,88.09584993306176,-12.231020538501923,-10.777977815301966,0.9061720130949027,0.863929363344198
NVDA,RND-NVDA-120,2026-05-08T09:30:00-04:00,,215.29,6.658872872751014,211.58373292055924,207.9802502489378,75.6065275927252,10.54143111379058,-8.206160823312615,1.175610920995382,1.9635721484947055
NVDA,RND-NVDA-121,2026-05-20T12:30:00-04:00,,224.92,7.698234367389514,223.51930517573416,223.60770595414266,11.74538743459621,3.50296469467904,16.1376904073692,0.818123406184128,3.365288474469452
NVDA,RND-NVDA-122,2026-05-28T11:30:00-04:00,,212.995,7.3806131972004865,212.66004155905193,213.94109697968952,-19.250385628685365,4.680286690468215,10.647195098943673,-0.14525472913291537,0.034806846570006655
NVDA,RND-NVDA-123,2026-06-02T10:30:00-04:00,,225.939,7.6004799177294,223.45209309898215,220.1071818913843,71.57151969939271,-10.443418624493987,3.2711911273453467,0.9673367925372531,0.7240847832982524
NVDA,RND-NVDA-124,2026-06-05T10:30:00-04:00,,208.71,8.068995765033343,215.29443342582562,216.95815491608232,-62.04571536635788,-30.311091017028506,-80.24406321364297,0.2981606254975304,0.9767616703968827
NVDA,RND-NVDA-125,2026-06-11T10:30:00-04:00,,200.7,8.543143300841246,202.2520703097556,204.57705281887326,-43.20408011016413,-0.7730724915766132,9.449160595527985,-1.2112870531401256,-2.3147601458937856
MSFT,RND-MSFT-126,2025-07-09T11:30:00-04:00,,501.09,6.4636089465108615,499.1014115675249,497.4752111301482,51.3733858818414,-4.730801994621167,42.91189437823505,1.1896434752745222,4.285119903158545
MSFT,RND-MSFT-127,2025-07-14T09:30:00-04:00,,501.55,6.758917221386423,502.7513437712285,501.66952948304225,14.344726189327956,-16.24846271498682,-31.76058265885601,1.3942099739102218,4.464335013642824
MSFT,RND-MSFT-128,2025-07-14T10:30:00-04:00,,503.01,6.758917221386423,502.8030750169828,501.7913904391293,16.625982865176375,2.28125667584842,-20.81177607740444,1.3942099739102218,4.464335013642824
MSFT,RND-MSFT-129,2025-07-25T15:30:00-04:00,,513.79,6.503260159354729,514.0664657653401,511.8296501524812,54.78745139414979,-25.28675788576195,-15.611723834155633,1.0869074920840376,2.521863798798165
MSFT,RND-MSFT-130,2025-08-01T09:30:00-04:00,,527.95,8.953052807511936,529.493128591571,523.817205294526,55.89741070938686,-26.58052649574138,-45.4642494863716,2.668149680588158,4.622325442746842
MSFT,RND-MSFT-131,2025-08-07T12:30:00-04:00,,520.96,9.60345119833789,524.3970468937266,526.4507602992173,-51.11101307489267,-9.482496424999368,-17.827598601381922,1.1285237897603793,5.115213744106825
MSFT,RND-MSFT-132,2025-08-11T12:30:00-04:00,,525.59,9.354535472036243,524.0104045185502,524.0018856495517,19.278365375770107,-0.18285031235118154,31.698198608869752,0.7163006526944855,2.5307551604188347
MSFT,RND-MSFT-133,2025-08-20T15:30:00-04:00,,505.46,9.041318420715529,507.2353361456285,510.8091261819835,-68.76194585245989,0.2609723821668126,16.81209552632066,-0.7353543453308475,-0.5900228830449805
MSFT,RND-MSFT-134,2025-08-22T14:30:00-04:00,,507.105,8.581639862759818,507.12155361860323,507.98856042848644,-8.450862924230107,-3.247397354428082,4.618428435789353,-1.0805407812650856,-2.8734899859875895
MSFT,RND-MSFT-135,2025-08-27T11:30:00-04:00,,504.06,8.115295764753396,503.15024153347963,504.2055463763036,-7.1418734662137275,4.979495894929736,48.68931993046621,-1.0265520520399605,-2.6298872922521923
MSFT,RND-MSFT-136,2025-08-28T15:30:00-04:00,,509.66,8.063488924413871,508.1033024062433,506.71098840470944,47.38465692126276,-0.3469649615804542,7.702364715563647,-0.5223200473090515,-2.4380793565929366
MSFT,RND-MSFT-137,2025-08-29T15:30:00-04:00,,506.92,7.886811144098593,507.88773870878595,507.2356978633324,8.556856164789663,-13.38554267731361,-7.041849666898457,-0.19483640664458335,-1.7437085059935953
MSFT,RND-MSFT-138,2025-09-02T13:30:00-04:00,,501.395,7.6926460623772694,503.81968622009504,505.24179658203445,-47.49407346456785,-0.7643263752579514,-12.69420815239237,-0.42621491513142473,-1.1433713690850595
MSFT,RND-MSFT-139,2025-09-04T14:30:00-04:00,,506.615,7.694220329294689,506.03012264868744,505.54905088585576,18.323630334897015,-2.459591715495254,3.14751034130979,-0.476037119943328,-1.4569928670123886
MSFT,RND-MSFT-140,2025-10-02T09:30:00-04:00,,516.9301,7.567773482106804,517.3825910000364,515.7705417241693,30.057098728119865,-16.235246068199064,-10.924078850942355,0.8340797722642606,2.0782040461948554
MSFT,RND-MSFT-141,2025-10-03T14:30:00-04:00,,517.72,7.807282519099177,517.8965404192248,516.934938070747,16.169554895644957,-6.186333141367001,-19.517350840126845,0.39552706569480733,1.9810945874498316
MSFT,RND-MSFT-142,2025-10-08T12:30:00-04:00,,524.29,8.093560384278742,524.2983218312712,523.2531266132846,15.743912038031631,-1.9213793736348102,-5.069992421810106,0.9373982462019512,2.941288194928461
MSFT,RND-MSFT-143,2025-10-09T13:30:00-04:00,,519.565,7.791163213973119,521.2949016692075,522.1814749571465,-37.7841954325692,2.1053493938140733,-16.008993058886,0.9303620420017751,3.353898359025834
MSFT,RND-MSFT-144,2025-10-10T12:30:00-04:00,,514.515,7.765365841546473,518.5322222231729,520.4341332994723,-56.8638538567727,-9.638592619325202,-46.96815259990349,0.6103291290925199,2.478089417296246
MSFT,RND-MSFT-145,2025-10-14T15:30:00-04:00,,513.71,7.980187893986501,513.4906837259016,514.7094972793328,-13.31141802150943,1.4167460609078528,10.203689270448907,-0.15766187678309507,0.020239187848005713
MSFT,RND-MSFT-146,2025-10-20T10:30:00-04:00,,517.2424,8.068598512082174,514.4435830410509,513.7046006384135,30.33163724272507,8.265682981088911,14.933637847484263,-0.12599950603305388,-0.6096583649695049
MSFT,RND-MSFT-147,2025-10-20T15:30:00-04:00,,516.83,8.068598512082174,516.1355388908917,514.9496373437069,26.29530291895026,-1.6047720350630676,-7.994889213169156,-0.12599950603305388,-0.6096583649695049
MSFT,RND-MSFT-148,2025-10-23T10:30:00-04:00,,523.1582,7.696632992363179,520.7947275778154,518.9620682412757,41.76253568676589,10.063933587683138,12.787222135797116,0.47882080688725637,0.9217968707968112
MSFT,RND-MSFT-149,2025-10-27T12:30:00-04:00,,530.795,7.330209059741723,528.4534205911722,525.1762372799767,80.44246598303812,-8.786768996449666,3.4984107458534908,0.669356038749811,1.5934684882618058
MSFT,RND-MSFT-150,2025-11-04T09:30:00-05:00,,514.63,9.918588210089297,517.1022206106638,520.611197803883,-45.5616255806854,-2.4129815534131183,-0.18231015789986316,-0.46939131153271774,-0.5938852411732114
MSFT,RND-MSFT-151,2025-11-19T10:30:00-05:00,,489.1951,10.713882965164021,494.5455011333214,498.9641729813972,-60.900870074457146,-11.845514334408591,-0.17760578066127408,-1.6941285948400377,-2.43956564892045
MSFT,RND-MSFT-152,2025-11-28T10:30:00-05:00,,491.3,11.351028908129322,486.5622833519438,482.98008187124606,68.74493846763832,7.20287560925987,10.394689156800837,-1.1392529214856495,-5.88142717011749
MSFT,RND-MSFT-153,2025-11-28T11:30:00-05:00,,491.145,11.351028908129322,487.47882668155506,483.7223471556782,69.71791162673321,0.9729731590948916,21.048991034974478,-1.1392529214856495,-5.88142717011749
MSFT,RND-MSFT-154,2025-11-28T12:30:00-05:00,,491.92,11.351028908129322,488.3670613452441,484.4675883233439,71.80590375322527,2.087992126492054,10.263840894846815,-1.1392529214856495,-5.88142717011749
MSFT,RND-MSFT-155,2025-12-08T09:30:00-05:00,,489.0772,9.984033138352592,482.92718042923633,482.38349200362103,41.47402496855882,32.662462254392324,43.68120871301328,-0.8457227335020434,-3.5714422478918664
MSFT,RND-MSFT-156,2025-12-10T11:30:00-05:00,,481.6,9.48209285908974,485.8053798054141,486.4950333531553,-50.50862532929861,-5.918102858696983,-99.92872296108774,0.05510517892395228,-0.8240018577618002
MSFT,RND-MSFT-157,2025-12-11T12:30:00-05:00,,482.01,10.017657654869046,480.83735444717485,482.7040963955373,-19.74088756709581,12.837274494902069,26.882542853789865,-1.1806771100691549,-1.1589562343289117
MSFT,RND-MSFT-158,2025-12-12T12:30:00-05:00,,478.83,10.028539250949827,480.01501139536026,481.5791340947012,-31.479585129132868,3.9029305382857977,-13.661561503954996,-0.6034791909719388,-1.7290511221171414
MSFT,RND-MSFT-159,2025-12-12T15:30:00-05:00,,478.35,10.028539250949827,479.26409863442456,480.81333140097763,-28.641515981653555,0.8127194500205448,2.838069147479313,-0.6034791909719388,-1.7290511221171414
MSFT,RND-MSFT-160,2025-12-15T15:30:00-05:00,,474.81,9.837215018739126,475.4035301379381,477.64888255687674,-37.396587744758754,5.040057576434819,12.63649326018556,-1.0340719917927004,-2.818228292833794
MSFT,RND-MSFT-161,2025-12-29T10:30:00-05:00,,485.745,7.82952525533306,487.07216664336516,486.7492710138769,-2.5582722039826677,-15.794636006662767,-15.40278198258275,0.1922092237678612,0.5335625306715883
MSFT,RND-MSFT-162,2026-01-05T14:30:00-05:00,,473.705,7.673645377383579,474.6587577438702,477.3940073354276,-52.53478387607441,-3.084153851638,9.634326977201248,-1.1785621038400222,-1.2598405637104406
MSFT,RND-MSFT-163,2026-01-06T14:30:00-05:00,,477.2,7.594813564713323,474.73540872800737,475.87770463215384,3.1936226646701087,15.191150875650433,55.16780167368233,-1.0723291853091155,-2.475309603373148
MSFT,RND-MSFT-164,2026-01-07T09:30:00-05:00,,483.4,7.694234024376656,477.07226158592476,476.77909473731717,50.059639806414424,31.56493349606628,62.057168017394744,-0.46666289573556696,-2.7175541848847047
MSFT,RND-MSFT-165,2026-01-09T15:30:00-05:00,,479.25,7.959365051630892,478.3922247789561,478.65621993493727,4.428321933120856,3.444954821883946,24.708253827971287,-0.46054784771536106,-0.8978133759378011
MSFT,RND-MSFT-166,2026-01-14T12:30:00-05:00,,460.58,7.997045742869195,465.81854279875927,470.24155051567874,-94.10973295209175,-6.3741237267766735,-22.362986585399113,-1.0210502236778893,-1.8149762403738805
MSFT,RND-MSFT-167,2026-01-14T14:30:00-05:00,,458.305,7.997045742869195,463.197667391206,468.2133062113047,-104.62340517062708,-2.9329249815718867,-16.887795945312007,-1.0210502236778893,-1.8149762403738805
MSFT,RND-MSFT-168,2026-01-15T14:30:00-05:00,,456.64,8.393678189807112,459.31387984048035,463.5102579667949,-75.7121495970151,-2.6902660347665517,-9.094031096448475,-1.9591365669799643,-3.4563420367035746
MSFT,RND-MSFT-169,2026-01-20T12:30:00-05:00,,453.565,8.270518439170417,456.7487786432382,459.46822760086184,-61.03366665764461,-4.839765902588944,-10.671968291124564,-1.5541624520495247,-5.518877716283953
MSFT,RND-MSFT-170,2026-01-27T10:30:00-05:00,,479.19,9.957383517349363,473.00057281875354,467.54970324851087,87.32199427144695,14.083190636737868,11.772939597609081,0.1444257085956906,-1.9434509045482287
MSFT,RND-MSFT-171,2026-02-10T09:30:00-05:00,,420.825,13.36050590864761,412.2736215975329,409.4850237706614,69.34436575531358,21.686680106295412,18.706514181363758,-2.6456219871784015,-12.162058777560503
MSFT,RND-MSFT-172,2026-02-17T09:30:00-05:00,,396.9,12.590791577907236,401.35894307657384,403.3947332640036,-40.91486237003896,-16.09991657679504,-27.73113963211767,-2.7703531091991067,-8.786668791449017
MSFT,RND-MSFT-173,2026-02-18T09:30:00-05:00,,399.87,12.165377893771009,398.4453236910924,400.5648527079706,-24.07502983313226,17.38948406576942,19.95832721037961,-2.923048281090132,-8.668789810408214
MSFT,RND-MSFT-174,2026-03-25T11:30:00-04:00,,370.875,8.688440597297642,373.6965965178733,377.8045262195303,-77.85490471288594,-1.700385881353725,6.507593410372891,-2.3872731755437258,-5.864574211049728
MSFT,RND-MSFT-175,2026-03-25T15:30:00-04:00,,371.03,8.688440597297642,371.928701933721,375.55365700398215,-67.69922628982893,7.193474601151777,6.130515173050995,-2.3872731755437258,-5.864574211049728
MSFT,RND-MSFT-176,2026-04-06T12:30:00-04:00,,372.265,8.9247611406867,371.7026458180778,370.30396625656385,25.157276062182483,-0.4237259884793261,-12.342668612672206,-0.8662736015113524,-3.6468656210025756
MSFT,RND-MSFT-177,2026-04-14T10:30:00-04:00,,391.6401,8.836598041435337,384.2505987540053,379.26943810376014,124.31748748090317,4.616120922284338,45.47666119016718,0.5303901465931062,-0.865408614776868
MSFT,RND-MSFT-178,2026-04-21T09:30:00-04:00,,425.125,9.719556906346028,420.35927585620107,417.7801937668689,40.18115718473235,28.671687014454527,19.564857051950725,2.57146254701496,9.210741030619658
MSFT,RND-MSFT-179,2026-05-06T14:30:00-04:00,,413.275,10.904381710125666,413.26675416838407,413.38689141876995,1.1992904225056469,-2.26271478796644,-3.4990404044452026,0.1763684592929735,1.175079600259778
MSFT,RND-MSFT-180,2026-05-08T11:30:00-04:00,,415.82,11.300953617404273,418.39691881954263,417.50508377178323,-6.78507113502323,-8.094140554935535,-40.529703866480446,1.0088169085065601,1.5718839671567935
MSFT,RND-MSFT-181,2026-05-18T10:30:00-04:00,,417.63,11.086545967649206,420.20940526007183,416.6474431177875,33.2260590842734,-25.239301195284014,-58.351079341877806,1.047806397017439,0.4098391741277396
MSFT,RND-MSFT-182,2026-05-21T11:30:00-04:00,,417.16,11.308794420891147,418.6313983977359,418.7027495889632,-6.794536106442682,-7.125805013878767,-22.664455845006668,0.7270972178944248,2.287091791230523
MSFT,RND-MSFT-183,2026-05-22T14:30:00-04:00,,418.3,11.260309105113206,418.6674956518918,418.66729161772764,-0.9705520143355952,-2.8652302943852357,-5.381359443731014,0.48281565263130233,1.6637198102096136
MSFT,RND-MSFT-184,2026-06-01T10:30:00-04:00,,460.58,11.770959493374782,447.71137564683187,436.9953388427234,154.11731755329473,1.4860855858273965,36.88218630437544,3.067545127090966,4.0061243706711025
MSFT,RND-MSFT-185,2026-06-11T11:30:00-04:00,,387.98,12.348345497306498,394.9361236064396,401.7071063200697,-125.3772140353748,-0.47722999148393797,-39.67839334974984,-2.1712379956905465,-5.103297765735704
