date,contract,net_usd,round_trips,rr6_60
2026-01-26,NQH6,-734.3000000000001,1,0.9488177192457348
2026-01-27,NQH6,0.0,0,0.6388944522331264
2026-01-28,NQH6,0.0,0,0.9367250619950404
2026-01-29,NQH6,-2568.6000000000004,2,0.9399631675874769
2026-01-30,NQH6,40.7,1,1.2519482900889338
2026-02-02,NQH6,-189.3,1,0.7729574983483813
2026-02-03,NQH6,3730.7,1,0.48288258844676857
2026-02-04,NQH6,2051.3999999999996,2,0.8512020792722547
2026-02-05,NQH6,-1144.3000000000002,1,1.2823230984742362
2026-02-06,NQH6,2785.7,1,0.8601160327838658
2026-02-09,NQH6,-413.6,2,0.6836582680225403
2026-02-10,NQH6,0.0,0,0.6281362796020777
2026-02-11,NQH6,0.0,0,1.2325768920631264
2026-02-12,NQH6,4935.7,1,0.7000060034820196
2026-02-13,NQH6,0.0,0,1.2169262962101837
2026-02-16,NQH6,0.0,0,0.4612299465240642
2026-02-17,NQH6,-859.3000000000001,1,1.1315777294395335
2026-02-18,NQH6,315.7,1,0.8474404460212875
2026-02-19,NQH6,0.0,0,0.9673837612768911
2026-02-20,NQH6,-6278.6,2,0.9862022166930559
2026-02-23,NQH6,-509.3,1,0.8060248320781599
2026-02-24,NQH6,-428.6000000000001,2,0.8440126050420168
2026-02-25,NQH6,-969.3000000000001,1,0.6408927373620342
2026-02-26,NQH6,2195.7,1,0.6972125196904322
2026-02-27,NQH6,0.0,0,1.2784840489325977
2026-03-02,NQH6,0.0,0,1.159186768399602
2026-03-03,NQH6,0.0,0,1.354251341245326
2026-03-04,NQH6,-399.3,1,1.0072935844781192
2026-03-05,NQH6,0.0,0,0.910407844885224
2026-03-06,NQH6,0.0,0,1.2925889552013297
2026-03-09,NQH6,790.6999999999999,1,0.959632335288267
2026-03-10,NQH6,0.0,0,0.8425552452856206
2026-03-11,NQH6,0.0,0,1.0094126506024095
2026-03-12,NQH6,750.6999999999999,1,0.7588991792125709
2026-03-13,NQH6,0.0,0,0.962457033168162
2026-03-16,NQM6,0.0,0,0.857640799853238
2026-03-17,NQM6,0.0,0,0.8852825421505273
2026-03-18,NQM6,0.0,0,1.106139251834616
2026-03-19,NQM6,0.0,0,1.3287428048846093
2026-03-20,NQM6,3115.7,1,1.2208966711564364
2026-03-23,NQM6,-4049.3,1,2.2656516692838125
2026-03-24,NQM6,0.0,0,0.900801760729445
2026-03-25,NQM6,0.0,0,0.717890842973134
2026-03-26,NQM6,1230.6999999999998,1,0.8825831702544031
2026-03-27,NQM6,3281.3999999999996,2,0.9872542665802548
2026-03-30,NQM6,370.7,1,0.8339360932646898
2026-03-31,NQM6,3027.1000000000004,3,1.0451518596719183
2026-04-01,NQM6,-2139.3,1,0.957684571258288
2026-04-02,NQM6,0.0,0,0.7305574413517387
2026-04-06,NQM6,-914.3000000000001,1,0.8964520629858481
2026-04-07,NQM6,-1393.6000000000001,2,1.500430848772081
2026-04-08,NQM6,0.0,0,0.6619404496657889
2026-04-09,NQM6,0.0,0,0.5920491383722915
2026-04-10,NQM6,0.0,0,0.8270587537795695
2026-04-13,NQM6,0.0,0,0.9786938104571031
2026-04-14,NQM6,3925.7,1,0.8746185312642036
2026-04-15,NQM6,1356.3999999999999,2,0.9373656299269026
2026-04-16,NQM6,0.0,0,0.9010161836657885
2026-04-17,NQM6,-774.3000000000001,1,1.0718981385371256
2026-04-20,NQM6,-1254.3000000000002,1,0.9001956947162427
2026-04-21,NQM6,0.0,0,0.839220864971938
2026-04-22,NQM6,-302.9000000000001,3,0.816997597065891
2026-04-23,NQM6,0.0,0,1.1642472488878481
2026-04-24,NQM6,2145.7,1,1.1924774112208447
2026-04-27,NQM6,0.0,0,0.5873932825520168
2026-04-28,NQM6,-164.3,1,1.3637477036129821
2026-04-29,NQM6,-569.3,1,0.9518406454866365
2026-04-30,NQM6,-2254.3,1,1.0919953283622317
2026-05-01,NQM6,-753.6000000000001,2,0.5287272060844864
2026-05-04,NQM6,-1774.3000000000002,1,0.9663924138892762
2026-05-05,NQM6,1000.6999999999999,1,0.7588689543052894
2026-05-06,NQM6,2476.3999999999996,2,1.5082021177374225
2026-05-07,NQM6,-409.3,1,0.8204744357438969
2026-05-08,NQM6,4650.7,1,0.7193791946308724
2026-05-11,NQM6,0.0,0,0.8871231087406117
2026-05-12,NQM6,-933.6000000000001,2,1.050656660412758
2026-05-13,NQM6,775.6999999999999,1,0.9599598686610726
2026-05-14,NQM6,1261.3999999999999,2,0.8649273872252924
2026-05-15,NQM6,-2979.3,1,1.32619804450167
2026-05-18,NQM6,-344.3,1,1.214412960908877
2026-05-19,NQM6,-1859.3000000000002,1,0.8585426319983471
2026-05-20,NQM6,2541.3999999999996,2,0.5697119087967957
2026-05-21,NQM6,0.0,0,1.0406798551128447
2026-05-22,NQM6,0.0,0,0.7919046341369925
2026-05-25,NQM6,0.0,0,0.48367807946139874
2026-05-26,NQM6,-254.3,1,0.8782267115600448
2026-05-27,NQM6,-719.3000000000001,1,1.0210263720598716
2026-05-28,NQM6,2350.7,1,0.9420920340293889
2026-05-29,NQM6,-2269.3,1,0.7061134299042474
2026-06-01,NQM6,-204.3,1,0.85743484925907
2026-06-02,NQM6,0.0,0,0.6352245992230672
2026-06-03,NQM6,-4333.6,2,0.8535889535547186
2026-06-04,NQM6,0.0,0,1.3337817710085045
2026-06-05,NQM6,15145.699999999999,1,0.8803583389149364
2026-06-08,NQM6,-939.3000000000001,1,1.0796196725295424
2026-06-09,NQM6,2505.7,1,0.5891334408849965
2026-06-10,NQM6,0.0,0,1.1016767748840528
2026-06-11,NQM6,-5014.3,1,0.6232747017087582
2026-06-12,NQM6,-3889.3,1,0.9690291570307895
2026-06-15,NQU6,2250.7,1,0.445950204853451
2026-06-16,NQU6,7430.700000000001,1,0.7135969141755063
2026-06-17,NQU6,0.0,0,1.0394317903502328
2026-06-18,NQU6,0.0,0,0.9170189268441297
2026-06-19,NQU6,0.0,0,0.7493549855820307
2026-06-22,NQU6,0.0,0,0.703401102033061
2026-06-23,NQU6,0.0,0,1.2967775467775466
2026-06-24,NQU6,-1824.3000000000002,1,0.7290839088186764
2026-06-25,NQU6,-5399.299999999999,1,0.5732175969471394
2026-06-26,NQU6,0.0,0,0.7196127478228646
2026-06-29,NQU6,2590.7,1,0.5058565153733529
2026-06-30,NQU6,2925.7,1,0.600467029912154
2026-07-01,NQU6,0.0,0,0.7719165085388994
2026-07-02,NQU6,-443.599999999999,2,1.4030124627265081
2026-07-03,NQU6,0.0,0,0.4077344918453102
2026-07-06,NQU6,0.0,0,0.5908863294942414
2026-07-07,NQU6,-4589.3,1,0.8211182304924076
2026-07-08,NQU6,0.0,0,1.5842310642697528
2026-07-09,NQU6,-2949.3,1,0.7619017572640945
2026-07-10,NQU6,0.0,0,0.6498937641226266
