,CompressionDrift,RibbonRider,BeatTheMarket,Combined,Combined_eqrisk
2026-01-26,-463.91108442155524,0.0,-734.3000000000001,-1198.2110844215554,-464.4161194332581
2026-01-27,-309.1868454588199,0.0,0.0,-309.1868454588199,-99.02185838610932
2026-01-28,-629.4082340635791,0.0,0.0,-629.4082340635791,-201.5776994910861
2026-01-29,2013.9,0.0,-2568.6000000000004,-554.7000000000003,-459.8387913291623
2026-01-30,-3287.5434141568467,75.0000000000318,0.0,-3212.543414156815,-948.2294630432712
2026-02-02,-270.1862277033597,2019.999999999968,-189.3,1560.5137722966083,2650.808970485155
2026-02-03,489.3300402591551,0.0,3730.7,4220.030040259155,1761.3861283100493
2026-02-04,-1155.3829105195648,0.0,2051.4,896.0170894804353,512.3310304722463
2026-02-05,-597.3901819507573,0.0,0.0,-597.3901819507573,-191.3234242245881
2026-02-06,150.9519181434356,2254.999999999982,2785.7,5191.651918143418,4393.234873672454
2026-02-09,-968.2017596459693,1082.500000000025,-413.6,-299.30175964594434,1022.5684130634279
2026-02-10,658.5967032182853,-424.99999999996817,0.0,233.5967032183171,-382.13083753723976
2026-02-11,-1164.7872157218276,0.0,0.0,-1164.7872157218276,-373.04107991398763
2026-02-12,-1177.1282325993648,0.0,4935.7,3758.571767400635,1745.9788400520888
2026-02-13,-3432.0554850213166,75.0000000000318,0.0,-3357.0554850212848,-994.5116837340956
2026-02-16,0.0,0.0,0.0,0.0,0.0
2026-02-17,-38.999815092019674,0.0,-859.3000000000001,-898.2998150920198,-382.0974639178536
2026-02-18,-985.218197873424,1119.999999999991,315.7,450.48180212656695,1383.1379657189045
2026-02-19,-2221.813714722316,0.0,0.0,-2221.813714722316,-711.5701274194448
2026-02-20,-2818.6222477213323,1472.4999999999543,-6278.6,-7624.722247721378,-1548.5289668356038
2026-02-23,2059.5,0.0,-509.3,1550.2,440.52354333574203
2026-02-24,-942.6527807643303,0.0,-428.6000000000001,-1371.2527807643303,-486.25105279805246
2026-02-25,487.17912284985357,669.9999999999454,-969.3,187.87912284979916,674.0418920851239
2026-02-26,-1054.3572108497692,0.0,2195.7,1141.3427891502306,606.7532346672303
2026-02-27,0.0,0.0,0.0,0.0,0.0
2026-03-02,-799.0752769157058,-1470.748310157403,0.0,-2269.8235870731087,-2308.2385045232995
2026-03-03,6796.4,0.0,0.0,6796.4,2176.6519766928054
2026-03-04,-928.7442182104853,1220.0000000000136,-399.3,-108.04421821047168,1233.2273509364973
2026-03-05,1959.0026267568433,0.0,0.0,1959.0026267568433,627.4008210047498
2026-03-06,-985.6841803994001,0.0,0.0,-985.6841803994001,-315.6805690749783
2026-03-09,-1143.3452477186743,2095.0000000000136,790.6999999999999,1742.3547522813392,2897.34673195092
2026-03-10,-572.6481129691165,-510.00000000000455,0.0,-1082.648112969121,-895.067308459462
2026-03-11,-1901.9816466691093,0.0,0.0,-1901.9816466691093,-609.1389722287909
2026-03-12,0.0,0.0,750.6999999999999,750.6999999999999,322.8955004190311
2026-03-13,-339.09978447220783,0.0,0.0,-339.09978447220783,-108.60193869806596
2026-03-16,-814.3259312949009,0.0,0.0,-814.3259312949009,-260.80044553370254
2026-03-17,-931.779995735627,-869.5083701624208,0.0,-1801.2883658980477,-1511.7526234513364
2026-03-18,2338.7099399654844,0.0,0.0,2338.7099399654844,749.0079474040646
2026-03-19,-753.3844632038436,0.0,0.0,-753.3844632038436,-241.2829999767957
2026-03-20,1696.9,0.0,0.0,1696.9,543.4584102245338
2026-03-23,0.0,-896.4518679745333,0.0,-896.4518679745333,-1250.9333932311604
2026-03-24,-2479.7364583752324,-435.0000000000159,0.0,-2914.7364583752483,-1401.1847336398246
2026-03-25,-659.2943653410708,0.0,0.0,-659.2943653410708,-211.1491942119461
2026-03-26,13657.2,0.0,1230.6999999999998,14887.900000000001,4903.284971447294
2026-03-27,31.684535843178764,0.0,3281.4,3313.084535843179,1421.5625342334106
2026-03-30,-846.3896021553345,-839.9999999999886,370.7,-1315.6896021553232,-1283.7805826158778
2026-03-31,2917.8858284837534,254.9999999999818,3027.1000000000004,6199.9858284837355,2592.365980536095
2026-04-01,-700.9573906997681,547.5,-2139.3,-2292.757390699768,-380.6642859539835
2026-04-02,-1352.6545134666244,265.00000000002956,0.0,-1087.6545134665948,-63.42025140753094
2026-04-03,0.0,0.0,0.0,0.0,0.0
2026-04-06,-332.00777160836117,-89.9999999999886,-914.3,-1336.3077716083499,-625.1831623748047
2026-04-07,-275.05464853950616,0.0,0.0,-275.05464853950616,-88.09049562151448
2026-04-08,-672.6678966402537,-450.0000000000023,0.0,-1122.667896640256,-843.3745507094599
2026-04-09,-1639.7023186964427,1150.00000000005,0.0,-489.7023186963927,1079.6014037059435
2026-04-10,-182.56441466130852,0.0,0.0,-182.56441466130852,-58.46907098556621
2026-04-13,0.0,1344.9500000000262,0.0,1344.9500000000262,1876.779922415285
2026-04-14,3081.9,45.000000000002245,3925.7,7052.600000000002,2738.3654392862372
2026-04-15,-353.1802621274488,210.0000000000227,1356.4,1213.219737872574,763.3510479875235
2026-04-16,-567.390882237356,-603.2093056400913,0.0,-1170.6001878774473,-1023.4504071832348
2026-04-17,-811.733493964433,1324.9500000000444,-774.3000000000001,-261.0834939643887,1255.8547280493028
2026-04-20,-1069.7133451724799,0.0,-1254.3000000000002,-2324.01334517248,-882.099100897455
2026-04-21,-641.0375869312302,-209.99999999999318,0.0,-851.0375869312234,-498.3419083422245
2026-04-22,283.14898827516,489.9999999999954,-302.9000000000001,470.2489882751553,644.1570708400341
2026-04-23,776.2533867501193,-622.8090689159126,0.0,153.4443178342067,-620.4776403681041
2026-04-24,3596.8348906323636,1951.099999999983,2145.7,7693.6348906323465,4797.481153716685
2026-04-27,391.67787821985837,0.0,0.0,391.67787821985837,125.44088456448983
2026-04-28,1003.2301652066749,5.00000000003865,0.0,1008.2301652067135,328.277077873484
2026-04-29,-1058.6897484798567,0.0,-569.3,-1627.9897484798566,-583.9323940477052
2026-04-30,6193.435902059392,521.3582564356489,-2254.3,4460.49415849504,1741.4281761886496
2026-05-01,-1811.6533744321378,-1210.9118610893279,-753.6000000000001,-3776.1652355214655,-2594.092261251745
2026-05-04,-1564.7404112285105,0.0,-1774.3000000000002,-3339.0404112285105,-1264.30461686504
2026-05-05,-118.98662804940432,0.0,1000.7,881.7133719505957,392.3196674452256
2026-05-06,0.0,1595.0000000000136,0.0,1595.0000000000136,2225.706514184428
2026-05-07,0.0,-518.4214579580976,-409.3,-927.7214579580975,-899.4699697517796
2026-05-08,-1085.8931626849255,0.0,4650.7,3564.8068373150745,1652.612402385606
2026-05-11,-1092.8491391239452,350.0000000000091,0.0,-742.8491391239361,138.3977477753573
2026-05-12,1734.6311433041674,579.9999999999704,-933.6,1381.031143304138,963.3246900125887
2026-05-13,-1526.5620402610737,1355.0000000000045,775.6999999999999,604.1379597389308,1735.547563994381
2026-05-14,-626.1165274472529,-159.99999999993864,1261.4,475.2834725528086,118.76894419043083
2026-05-15,-282.5970743102316,0.0,0.0,-282.5970743102316,-90.50607386336432
2026-05-18,-2070.1456438661,0.0,0.0,-2070.1456438661,-662.9960873055069
2026-05-19,0.0,0.0,-1859.3,-1859.3,-799.733054388044
2026-05-20,-1597.0253984662825,245.00000000004772,2541.4,1189.3746015337654,923.5295753285071
2026-05-21,-1882.5471062377521,0.0,0.0,-1882.5471062377521,-602.914760757125
2026-05-22,3400.8,-1121.4261681432301,0.0,2279.3738318567703,-475.70999088244344
2026-05-25,0.0,0.0,0.0,0.0,0.0
2026-05-26,-168.78076185405737,94.9999999999568,-254.3,-328.0807618541006,-30.870063785851087
2026-05-27,-459.2045516601007,-192.5000000000091,-719.3000000000001,-1371.0045516601099,-725.0766431548014
2026-05-28,-506.7119242075602,-114.9999999999659,2350.7,1728.9880757924739,688.3404630344312
2026-05-29,-1042.8194973316306,0.0,-2269.3,-3312.1194973316306,-1310.0637024356038
2026-06-01,-678.0860548483587,0.0,-204.3,-882.3860548483588,-305.04224066597027
2026-06-02,-575.9542100580671,0.0,0.0,-575.9542100580671,-184.45822344291614
2026-06-03,-1014.231111290944,0.0,-4333.6,-5347.831111290944,-2188.8166910695654
2026-06-04,-1116.6725528304407,0.0,0.0,-1116.6725528304407,-357.6316166554323
2026-06-05,25135.8,0.0,15145.7,40281.5,14564.685413052448
2026-06-08,-2159.064291415952,-1336.7713603189054,-939.3,-4435.135651734858,-2960.858123749228
2026-06-09,-1481.8729191473044,0.0,2505.7,1023.8270808526954,603.173755750224
2026-06-10,6594.239059345306,-1845.2840522821953,0.0,4748.95500706311,-463.0528930337705
2026-06-11,3587.6700760311346,1022.5000000000229,-5014.3,-404.1299239688424,419.05088393809774
2026-06-12,0.0,-1870.3100026192055,-3889.3,-5759.610002619205,-4282.77019975798
2026-06-15,592.7046342210529,720.0000000000136,2250.7,3563.4046342210663,2162.6147730479147
2026-06-16,-341.26198521660444,-415.0000000000341,7430.700000000001,6674.438014783362,2507.739660587917
2026-06-17,-798.472698337349,0.0,0.0,-798.472698337349,-255.72320304443954
2026-06-18,-576.6124721272402,0.0,0.0,-576.6124721272402,-184.66904202835067
2026-06-19,-149.3149045170212,0.0,0.0,-149.3149045170212,-47.820402281600806
2026-06-22,0.0,0.0,0.0,0.0,0.0
2026-06-23,-1040.3955122008715,0.0,0.0,-1040.3955122008715,-333.20271734658803
2026-06-24,3531.1894141837715,0.0,-1824.3,1706.8894141837716,346.2392519460002
2026-06-25,0.0,0.0,-5399.299999999999,-5399.299999999999,-2322.3786804482147
2026-06-26,-1393.271458083294,0.0,0.0,-1393.271458083294,-446.21668431914975
2026-06-29,1397.1718166221658,0.0,2590.7,3987.8718166221656,1561.7929595923506
2026-06-30,1955.7263231226975,2554.999999999993,2925.7,7436.4263231226905,5450.087534840077
2026-07-01,-923.3511468728336,-472.4999999999818,0.0,-1395.8511468728154,-955.0568437793831
2026-07-02,-882.1098838767276,0.0,0.0,-882.1098838767276,-282.50930233661063
2026-07-03,0.0,0.0,0.0,0.0,0.0
2026-07-06,-1498.147293454314,455.0000000000272,0.0,-1043.1472934542867,155.11462417926003
2026-07-07,1523.9,0.0,-4589.3,-3065.4,-1485.9242245384937
2026-07-08,-1696.8762575504604,0.0,0.0,-1696.8762575504604,-543.450806338694
2026-07-09,-479.2998422065226,-901.2166611437486,-2949.3,-4329.816503350272,-2679.655753187124
2026-07-10,-514.8229278010638,566.7486440536051,0.0,51.92571625254129,625.9765327634216
