p_pass,p_blow,p_neither,med_days_to_resolve,avg_final_pnl,spec,mode,dd,policy
0.3534,0.62475,0.021850000000000036,1.0,733.1194385574341,base,intraday,2500,fixed12
0.3557,0.62325,0.021050000000000013,1.0,740.6152437042236,base,intraday,2500,fixed15
0.35875,0.6202,0.021050000000000013,1.0,511.4099910583496,base,intraday,2500,fixed20
0.3099,0.668,0.022099999999999898,1.0,521.261010055542,base,intraday,2500,cushion/250
0.37495,0.6032,0.021850000000000036,1.0,606.7948384613037,base,intraday,3000,fixed12
0.38585,0.59265,0.021499999999999964,1.0,742.1229719238281,base,intraday,3000,fixed15
0.40435,0.5746,0.021050000000000013,1.0,693.5149903930665,base,intraday,3000,fixed20
0.37445,0.6035,0.022050000000000014,1.0,604.7486686477661,base,intraday,3000,cushion/250
0.45995,0.5172,0.022849999999999926,1.0,817.3477462833405,base,intraday,4000,fixed12
0.4471,0.5314,0.021499999999999964,1.0,680.4440249252319,base,intraday,4000,fixed15
0.48435,0.49415,0.021499999999999964,1.0,970.593275402832,base,intraday,4000,fixed20
0.4281,0.5502,0.021700000000000053,1.0,605.6941264953613,base,intraday,4000,cushion/250
0.5165,0.45715,0.02635000000000004,1.0,894.9946914024353,base,intraday,5000,fixed12
0.4981,0.4795,0.02240000000000003,1.0,744.4856932678223,base,intraday,5000,fixed15
0.51055,0.46795,0.021500000000000075,1.0,777.0106777648925,base,intraday,5000,fixed20
0.5104,0.4679,0.021700000000000053,1.0,778.1391579483033,base,intraday,5000,cushion/250
0.70695,0.26275,0.03030000000000005,1.0,524.5697441947937,base,eod,2500,fixed12
0.73285,0.24065,0.026499999999999996,1.0,550.114187902832,base,eod,2500,fixed15
0.7738,0.20225,0.023949999999999944,1.0,780.250000919342,base,eod,2500,fixed20
0.68075,0.27775,0.04150000000000004,2.0,682.1447146289826,base,eod,2500,cushion/250
0.71195,0.25645,0.03160000000000002,1.0,540.7753242618561,base,eod,3000,fixed12
0.737,0.2349,0.028100000000000014,1.0,559.538838104248,base,eod,3000,fixed15
0.77815,0.197,0.024849999999999983,1.0,780.8214012672424,base,eod,3000,fixed20
0.6993,0.2627,0.03799999999999998,1.0,503.5084425617218,base,eod,3000,cushion/250
0.72395,0.24075,0.035300000000000026,2.0,544.8940234592437,base,eod,4000,fixed12
0.74805,0.2211,0.030850000000000016,1.0,598.2158879516602,base,eod,4000,fixed15
0.785,0.1883,0.026699999999999974,1.0,789.8765019699097,base,eod,4000,fixed20
0.74025,0.22485,0.03490000000000004,1.0,767.1598065872192,base,eod,4000,cushion/250
0.7295,0.2325,0.03799999999999995,2.0,541.9496418502807,base,eod,5000,fixed12
0.75575,0.2115,0.032749999999999974,2.0,607.0304881469726,base,eod,5000,fixed15
0.78515,0.1881,0.026749999999999996,1.0,791.3030019454956,base,eod,5000,fixed20
0.7796,0.1911,0.029300000000000048,1.0,786.8624960990905,base,eod,5000,cushion/250
0.2763,0.53345,0.19025000000000003,3.0,429.84649053497316,vm15lb90,intraday,2500,fixed12
0.287,0.5256,0.18740000000000012,3.0,389.31149455566407,vm15lb90,intraday,2500,fixed15
0.27285,0.53975,0.1874,3.0,170.0275044921875,vm15lb90,intraday,2500,fixed20
0.24535,0.5642,0.19045,3.0,245.56003797607423,vm15lb90,intraday,2500,cushion/250
0.28835,0.5214,0.19025000000000003,3.0,273.22758813323975,vm15lb90,intraday,3000,fixed12
0.3155,0.49425,0.19024999999999997,3.0,432.475722555542,vm15lb90,intraday,3000,fixed15
0.298,0.5146,0.1874,3.0,194.63900157470704,vm15lb90,intraday,3000,fixed20
0.2883,0.52125,0.19045,3.0,274.1059882247925,vm15lb90,intraday,3000,cushion/250
0.34,0.4637,0.19629999999999992,3.0,400.3042334487915,vm15lb90,intraday,4000,fixed12
0.33415,0.4756,0.19025000000000003,3.0,204.06322113342284,vm15lb90,intraday,4000,fixed15
0.359,0.45075,0.19025000000000003,3.0,427.77828584594727,vm15lb90,intraday,4000,fixed20
0.33415,0.4755,0.19035000000000007,3.0,215.3431884902954,vm15lb90,intraday,4000,cushion/250
0.3877,0.416,0.19630000000000009,3.0,506.0330940597534,vm15lb90,intraday,5000,fixed12
0.3791,0.4246,0.19630000000000003,3.0,385.20576879577635,vm15lb90,intraday,5000,fixed15
0.37765,0.4321,0.19024999999999997,3.0,247.99128593139648,vm15lb90,intraday,5000,fixed20
0.3774,0.43235,0.19025000000000003,3.0,247.71837604370117,vm15lb90,intraday,5000,cushion/250
0.55425,0.24365,0.20209999999999997,3.0,497.66193175201414,vm15lb90,eod,2500,fixed12
0.57885,0.22175,0.19940000000000002,3.0,419.893727243042,vm15lb90,eod,2500,fixed15
0.6301,0.1763,0.1936,3.0,920.55907265625,vm15lb90,eod,2500,fixed20
0.5365,0.2575,0.20600000000000002,3.0,434.2438099040985,vm15lb90,eod,2500,cushion/250
0.5543,0.24355,0.20215,3.0,498.05403175201417,vm15lb90,eod,3000,fixed12
0.5812,0.2168,0.20199999999999996,3.0,424.46850209655764,vm15lb90,eod,3000,fixed15
0.6301,0.17625,0.19365000000000002,3.0,920.55907265625,vm15lb90,eod,3000,fixed20
0.55285,0.24395,0.20320000000000005,3.0,497.3824172897339,vm15lb90,eod,3000,cushion/250
0.5613,0.2259,0.2128,3.0,527.1321321029664,vm15lb90,eod,4000,fixed12
0.5813,0.2166,0.20209999999999997,3.0,423.67777709655763,vm15lb90,eod,4000,fixed15
0.63265,0.17115,0.19619999999999996,3.0,933.7656724609375,vm15lb90,eod,4000,fixed20
0.584,0.21635,0.19965000000000005,3.0,369.3912505508423,vm15lb90,eod,4000,cushion/250
0.56755,0.20925,0.2232,3.0,550.5913515884399,vm15lb90,eod,5000,fixed12
0.58655,0.20475,0.2087,3.0,441.2682770477295,vm15lb90,eod,5000,fixed15
0.6327,0.17105,0.19624999999999995,3.0,934.3456724609375,vm15lb90,eod,5000,fixed20
0.63175,0.17145,0.19679999999999997,3.0,933.101942590332,vm15lb90,eod,5000,cushion/250
