vm,lb,interval,stop,n,avg,t,sharpe,rts,n_rec,avg_rec,t_rec,sharpe_rec,rts_rec,n_hold,avg_hold,t_hold,sharpe_hold,rts_hold
0.75,14,15,band,4082.0,6.7,0.59,0.15,1.22,600.0,78.1,1.46,0.95,1.27,447.0,-45.0,-0.59,-0.44,1.14
0.75,14,15,band_vwap,4082.0,-0.4,-0.03,-0.01,1.46,600.0,72.6,1.36,0.88,1.46,447.0,-53.7,-0.7,-0.52,1.44
0.75,14,15,opp_band,4082.0,1.7,0.12,0.03,0.78,600.0,24.4,0.35,0.23,0.82,447.0,0.6,0.01,0.01,0.74
0.75,14,15,vwap,4082.0,8.7,0.72,0.18,1.22,600.0,42.6,0.72,0.47,1.22,447.0,-42.2,-0.51,-0.39,1.2
0.75,14,30,band,4082.0,14.5,1.3,0.32,0.94,600.0,50.4,0.94,0.61,1.01,447.0,-23.6,-0.31,-0.23,0.9
0.75,14,30,band_vwap,4082.0,11.1,0.99,0.25,1.06,600.0,47.8,0.89,0.58,1.1,447.0,-27.8,-0.36,-0.27,1.04
0.75,14,30,opp_band,4082.0,8.1,0.58,0.14,0.72,600.0,41.5,0.64,0.41,0.77,447.0,18.6,0.21,0.16,0.69
0.75,14,30,vwap,4082.0,16.0,1.35,0.34,0.95,600.0,53.5,0.93,0.6,0.99,447.0,-13.9,-0.19,-0.14,0.93
0.75,14,60,band,4082.0,14.3,1.31,0.33,0.74,600.0,43.5,0.84,0.55,0.81,447.0,-32.9,-0.46,-0.34,0.72
0.75,14,60,band_vwap,4082.0,12.7,1.17,0.29,0.8,600.0,42.2,0.82,0.53,0.85,447.0,-34.7,-0.48,-0.36,0.78
0.75,14,60,opp_band,4082.0,7.9,0.6,0.15,0.66,600.0,29.7,0.48,0.31,0.71,447.0,7.4,0.08,0.06,0.63
0.75,14,60,vwap,4082.0,17.5,1.55,0.38,0.76,600.0,57.3,1.06,0.69,0.8,447.0,-18.8,-0.25,-0.19,0.73
0.75,90,15,band,4082.0,15.8,1.4,0.35,0.85,600.0,30.2,0.56,0.37,0.96,447.0,-2.5,-0.03,-0.03,0.91
0.75,90,15,band_vwap,4082.0,12.1,1.07,0.26,0.97,600.0,26.4,0.49,0.32,1.09,447.0,-7.2,-0.1,-0.07,1.07
0.75,90,15,opp_band,4082.0,0.2,0.02,0.0,0.65,600.0,4.8,0.07,0.05,0.71,447.0,-28.4,-0.3,-0.23,0.66
0.75,90,15,vwap,4082.0,12.5,1.04,0.26,0.87,600.0,35.0,0.61,0.39,0.96,447.0,-17.4,-0.22,-0.17,0.94
0.75,90,30,band,4082.0,15.1,1.34,0.33,0.7,600.0,29.4,0.55,0.36,0.79,447.0,7.4,0.11,0.08,0.77
0.75,90,30,band_vwap,4082.0,13.1,1.17,0.29,0.77,600.0,27.4,0.51,0.33,0.86,447.0,5.1,0.07,0.05,0.85
0.75,90,30,opp_band,4082.0,3.6,0.26,0.07,0.61,600.0,14.5,0.22,0.15,0.66,447.0,-3.6,-0.04,-0.03,0.62
0.75,90,30,vwap,4082.0,14.4,1.24,0.31,0.73,600.0,56.6,1.01,0.65,0.79,447.0,-10.3,-0.13,-0.1,0.77
0.75,90,60,band,4082.0,15.6,1.45,0.36,0.57,600.0,34.4,0.69,0.45,0.63,447.0,11.9,0.18,0.13,0.64
0.75,90,60,band_vwap,4082.0,14.6,1.36,0.34,0.6,600.0,33.2,0.66,0.43,0.67,447.0,10.8,0.16,0.12,0.67
0.75,90,60,opp_band,4082.0,5.5,0.42,0.11,0.54,600.0,0.5,0.01,0.01,0.6,447.0,6.6,0.08,0.06,0.59
0.75,90,60,vwap,4082.0,15.2,1.37,0.34,0.59,600.0,50.5,0.96,0.62,0.65,447.0,-22.7,-0.3,-0.23,0.66
1.0,14,15,band,4082.0,11.6,1.17,0.29,1.01,600.0,80.5,1.75,1.13,1.08,447.0,-62.6,-1.16,-0.87,0.92
1.0,14,15,band_vwap,4082.0,7.5,0.76,0.19,1.15,600.0,77.3,1.68,1.09,1.19,447.0,-68.0,-1.26,-0.95,1.11
1.0,14,15,opp_band,4082.0,3.9,0.28,0.07,0.65,600.0,56.2,0.88,0.57,0.68,447.0,22.5,0.27,0.2,0.6
1.0,14,15,vwap,4082.0,13.2,1.18,0.29,0.91,600.0,56.2,1.03,0.67,0.94,447.0,-68.5,-1.1,-0.83,0.9
1.0,14,30,band,4082.0,22.2,2.26,0.56,0.77,600.0,80.0,1.75,1.13,0.84,447.0,-26.1,-0.51,-0.38,0.72
1.0,14,30,band_vwap,4082.0,20.2,2.06,0.51,0.83,600.0,78.5,1.72,1.11,0.9,447.0,-28.9,-0.56,-0.42,0.81
1.0,14,30,opp_band,4082.0,13.7,1.04,0.26,0.59,600.0,53.3,0.85,0.55,0.64,447.0,37.5,0.47,0.35,0.55
1.0,14,30,vwap,4082.0,22.5,2.08,0.52,0.73,600.0,75.0,1.45,0.94,0.77,447.0,-11.1,-0.19,-0.15,0.7
1.0,14,60,band,4082.0,15.9,1.65,0.41,0.59,600.0,48.1,1.06,0.68,0.66,447.0,-26.1,-0.57,-0.43,0.57
1.0,14,60,band_vwap,4082.0,15.0,1.56,0.39,0.62,600.0,47.3,1.04,0.67,0.68,447.0,-27.4,-0.59,-0.45,0.61
1.0,14,60,opp_band,4082.0,12.9,1.06,0.26,0.53,600.0,57.8,1.03,0.67,0.58,447.0,12.9,0.16,0.12,0.51
1.0,14,60,vwap,4082.0,20.0,1.93,0.48,0.59,600.0,68.1,1.4,0.91,0.64,447.0,-43.6,-0.78,-0.59,0.57
1.0,90,15,band,4082.0,16.7,1.63,0.4,0.68,600.0,46.4,1.0,0.65,0.78,447.0,21.7,0.31,0.24,0.73
1.0,90,15,band_vwap,4082.0,14.6,1.42,0.35,0.75,600.0,44.5,0.96,0.62,0.85,447.0,19.0,0.27,0.21,0.82
1.0,90,15,opp_band,4082.0,1.2,0.09,0.02,0.52,600.0,-8.6,-0.14,-0.09,0.56,447.0,6.6,0.08,0.06,0.52
1.0,90,15,vwap,4082.0,18.1,1.65,0.41,0.65,600.0,43.7,0.86,0.56,0.7,447.0,20.0,0.28,0.21,0.7
1.0,90,30,band,4082.0,18.2,1.79,0.45,0.55,600.0,49.0,1.06,0.69,0.62,447.0,19.6,0.3,0.22,0.6
1.0,90,30,band_vwap,4082.0,17.1,1.68,0.42,0.59,600.0,48.0,1.04,0.67,0.66,447.0,18.2,0.28,0.21,0.64
1.0,90,30,opp_band,4082.0,4.1,0.32,0.08,0.48,600.0,4.7,0.08,0.05,0.53,447.0,32.0,0.39,0.29,0.49
1.0,90,30,vwap,4082.0,17.0,1.57,0.39,0.56,600.0,54.7,1.08,0.7,0.61,447.0,27.9,0.4,0.3,0.58
1.0,90,60,band,4082.0,14.3,1.47,0.37,0.45,600.0,39.2,0.88,0.57,0.52,447.0,49.4,0.79,0.59,0.48
1.0,90,60,band_vwap,4082.0,13.9,1.42,0.35,0.46,600.0,38.7,0.87,0.56,0.53,447.0,48.6,0.78,0.58,0.51
1.0,90,60,opp_band,4082.0,5.7,0.47,0.12,0.42,600.0,0.2,0.0,0.0,0.48,447.0,47.2,0.6,0.45,0.44
1.0,90,60,vwap,4082.0,18.5,1.82,0.45,0.45,600.0,45.6,0.97,0.63,0.52,447.0,46.7,0.7,0.52,0.49
1.25,14,15,band,4082.0,13.9,1.57,0.39,0.8,600.0,46.0,1.11,0.72,0.88,447.0,-51.3,-1.04,-0.78,0.77
1.25,14,15,band_vwap,4082.0,11.6,1.31,0.33,0.88,600.0,44.1,1.07,0.69,0.95,447.0,-54.4,-1.1,-0.82,0.87
1.25,14,15,opp_band,4082.0,8.7,0.68,0.17,0.52,600.0,52.7,0.9,0.58,0.55,447.0,18.3,0.23,0.17,0.48
1.25,14,15,vwap,4082.0,22.1,2.18,0.54,0.68,600.0,77.9,1.61,1.05,0.7,447.0,-45.2,-0.77,-0.58,0.66
1.25,14,30,band,4082.0,19.4,2.19,0.54,0.6,600.0,52.2,1.28,0.83,0.66,447.0,-23.9,-0.51,-0.38,0.61
1.25,14,30,band_vwap,4082.0,18.3,2.06,0.51,0.64,600.0,51.2,1.26,0.81,0.7,447.0,-25.4,-0.54,-0.41,0.66
1.25,14,30,opp_band,4082.0,16.2,1.36,0.34,0.47,600.0,75.0,1.36,0.88,0.51,447.0,25.1,0.32,0.24,0.45
1.25,14,30,vwap,4082.0,25.3,2.62,0.65,0.56,600.0,77.4,1.68,1.09,0.6,447.0,-29.1,-0.54,-0.41,0.54
1.25,14,60,band,4082.0,14.3,1.67,0.41,0.46,600.0,18.2,0.45,0.29,0.53,447.0,-56.0,-1.3,-0.97,0.47
1.25,14,60,band_vwap,4082.0,13.8,1.61,0.4,0.48,600.0,17.6,0.43,0.28,0.55,447.0,-56.8,-1.31,-0.99,0.5
1.25,14,60,opp_band,4082.0,8.8,0.8,0.2,0.41,600.0,44.4,0.89,0.58,0.46,447.0,-5.3,-0.07,-0.05,0.41
1.25,14,60,vwap,4082.0,15.5,1.68,0.42,0.45,600.0,38.8,0.88,0.57,0.51,447.0,-60.1,-1.14,-0.85,0.46
1.25,90,15,band,4082.0,20.3,2.16,0.54,0.53,600.0,44.9,1.06,0.69,0.62,447.0,18.1,0.27,0.2,0.6
1.25,90,15,band_vwap,4082.0,19.2,2.05,0.51,0.57,600.0,44.3,1.04,0.68,0.64,447.0,16.4,0.24,0.18,0.66
1.25,90,15,opp_band,4082.0,17.3,1.42,0.35,0.4,600.0,49.3,0.9,0.58,0.45,447.0,32.0,0.39,0.3,0.42
1.25,90,15,vwap,4082.0,25.7,2.57,0.64,0.48,600.0,63.4,1.38,0.89,0.53,447.0,15.0,0.21,0.16,0.54
1.25,90,30,band,4082.0,18.2,1.95,0.48,0.43,600.0,18.4,0.42,0.27,0.52,447.0,38.6,0.58,0.44,0.47
1.25,90,30,band_vwap,4082.0,17.7,1.89,0.47,0.45,600.0,18.1,0.41,0.27,0.52,447.0,37.7,0.57,0.43,0.5
1.25,90,30,opp_band,4082.0,19.3,1.62,0.4,0.37,600.0,44.0,0.81,0.53,0.43,447.0,61.6,0.8,0.6,0.38
1.25,90,30,vwap,4082.0,22.4,2.26,0.56,0.42,600.0,32.2,0.68,0.44,0.48,447.0,54.8,0.86,0.65,0.44
1.25,90,60,band,4082.0,16.8,1.84,0.46,0.35,600.0,20.1,0.47,0.31,0.42,447.0,63.3,1.05,0.79,0.37
1.25,90,60,band_vwap,4082.0,16.6,1.81,0.45,0.36,600.0,19.8,0.47,0.3,0.43,447.0,62.8,1.04,0.78,0.39
1.25,90,60,opp_band,4082.0,15.9,1.41,0.35,0.33,600.0,27.5,0.55,0.36,0.39,447.0,59.1,0.78,0.58,0.35
1.25,90,60,vwap,4082.0,21.5,2.28,0.57,0.35,600.0,37.8,0.87,0.56,0.42,447.0,69.5,1.11,0.84,0.37
1.5,14,15,band,4082.0,8.5,1.09,0.27,0.63,600.0,19.0,0.52,0.34,0.72,447.0,-50.3,-1.0,-0.75,0.66
1.5,14,15,band_vwap,4082.0,7.1,0.9,0.22,0.68,600.0,17.8,0.49,0.32,0.76,447.0,-51.9,-1.03,-0.77,0.71
1.5,14,15,opp_band,4082.0,19.9,1.77,0.44,0.4,600.0,71.3,1.39,0.9,0.44,447.0,-29.1,-0.36,-0.27,0.4
1.5,14,15,vwap,4082.0,22.7,2.53,0.63,0.51,600.0,72.8,1.72,1.11,0.54,447.0,-63.6,-1.1,-0.83,0.52
1.5,14,30,band,4082.0,13.4,1.7,0.42,0.48,600.0,26.2,0.74,0.48,0.55,447.0,-17.5,-0.37,-0.28,0.48
1.5,14,30,band_vwap,4082.0,12.7,1.62,0.4,0.5,600.0,25.7,0.73,0.47,0.56,447.0,-18.3,-0.39,-0.29,0.51
1.5,14,30,opp_band,4082.0,23.7,2.24,0.56,0.37,600.0,82.5,1.75,1.14,0.41,447.0,1.6,0.02,0.02,0.36
1.5,14,30,vwap,4082.0,23.5,2.7,0.67,0.42,600.0,56.3,1.39,0.9,0.47,447.0,-29.6,-0.57,-0.43,0.42
1.5,14,60,band,4082.0,13.7,1.81,0.45,0.35,600.0,9.0,0.26,0.17,0.42,447.0,-12.5,-0.32,-0.24,0.35
1.5,14,60,band_vwap,4082.0,13.4,1.77,0.44,0.37,600.0,8.7,0.25,0.16,0.43,447.0,-12.8,-0.33,-0.25,0.36
1.5,14,60,opp_band,4082.0,17.2,1.79,0.44,0.32,600.0,39.4,0.88,0.57,0.37,447.0,-2.1,-0.03,-0.02,0.32
1.5,14,60,vwap,4082.0,21.1,2.52,0.63,0.34,600.0,40.1,1.02,0.66,0.4,447.0,-22.7,-0.46,-0.35,0.34
1.5,90,15,band,4082.0,12.0,1.43,0.35,0.43,600.0,11.7,0.31,0.2,0.51,447.0,18.5,0.29,0.22,0.47
1.5,90,15,band_vwap,4082.0,11.4,1.36,0.34,0.45,600.0,11.3,0.3,0.19,0.52,447.0,17.4,0.28,0.21,0.51
1.5,90,15,opp_band,4082.0,14.3,1.26,0.31,0.32,600.0,59.3,1.2,0.78,0.34,447.0,22.7,0.29,0.22,0.34
1.5,90,15,vwap,4082.0,19.9,2.13,0.53,0.36,600.0,52.5,1.21,0.78,0.4,447.0,38.7,0.6,0.45,0.42
1.5,90,30,band,4082.0,13.1,1.59,0.4,0.33,600.0,6.3,0.17,0.11,0.39,447.0,40.2,0.66,0.49,0.35
1.5,90,30,band_vwap,4082.0,12.8,1.55,0.38,0.35,600.0,6.1,0.16,0.1,0.4,447.0,39.5,0.64,0.48,0.38
1.5,90,30,opp_band,4082.0,15.5,1.42,0.35,0.29,600.0,41.4,0.85,0.55,0.32,447.0,46.2,0.64,0.48,0.29
1.5,90,30,vwap,4082.0,18.1,1.99,0.49,0.32,600.0,23.3,0.54,0.35,0.35,447.0,60.6,1.05,0.79,0.34
1.5,90,60,band,4082.0,9.3,1.16,0.29,0.27,600.0,-8.5,-0.23,-0.15,0.32,447.0,61.7,1.12,0.84,0.28
1.5,90,60,band_vwap,4082.0,9.1,1.14,0.28,0.27,600.0,-8.7,-0.23,-0.15,0.33,447.0,61.3,1.11,0.84,0.3
1.5,90,60,opp_band,4082.0,13.8,1.37,0.34,0.25,600.0,19.4,0.43,0.28,0.29,447.0,53.5,0.76,0.57,0.27
1.5,90,60,vwap,4082.0,16.1,1.9,0.47,0.26,600.0,19.2,0.48,0.31,0.31,447.0,76.7,1.34,1.0,0.28
