vm,interval,stop,window,confirm,max_rts,n,avg,t,sharpe,n_rec,avg_rec,t_rec,sharpe_rec
1.0,15,band_vwap,all,1,2,4082.0,13.74,1.49,0.37,600.0,86.06,2.01,1.3
1.0,15,band_vwap,all,1,99,4082.0,9.29,0.94,0.23,600.0,80.68,1.76,1.14
1.0,15,band_vwap,all,2,2,4082.0,13.18,1.55,0.38,600.0,64.46,1.65,1.07
1.0,15,band_vwap,all,2,99,4082.0,12.95,1.49,0.37,600.0,60.65,1.52,0.99
1.0,15,band_vwap,am,1,2,4082.0,8.11,1.03,0.26,600.0,35.2,0.94,0.61
1.0,15,band_vwap,am,1,99,4082.0,8.1,1.0,0.25,600.0,37.04,0.97,0.63
1.0,15,band_vwap,am,2,2,4082.0,8.39,1.18,0.29,600.0,12.05,0.36,0.23
1.0,15,band_vwap,am,2,99,4082.0,8.29,1.16,0.29,600.0,11.0,0.33,0.21
1.0,15,band_vwap,am_ext,1,2,4082.0,9.3,1.06,0.26,600.0,55.38,1.35,0.87
1.0,15,band_vwap,am_ext,1,99,4082.0,4.53,0.49,0.12,600.0,57.38,1.33,0.86
1.0,15,band_vwap,am_ext,2,2,4082.0,11.01,1.35,0.34,600.0,54.01,1.44,0.93
1.0,15,band_vwap,am_ext,2,99,4082.0,10.76,1.3,0.32,600.0,53.78,1.42,0.92
1.0,15,band_vwap,pm,1,2,4082.0,11.89,1.69,0.42,600.0,78.49,2.37,1.54
1.0,15,band_vwap,pm,1,99,4082.0,10.49,1.48,0.37,600.0,72.17,2.15,1.4
1.0,15,band_vwap,pm,2,2,4082.0,10.23,1.57,0.39,600.0,65.14,2.07,1.34
1.0,15,band_vwap,pm,2,99,4082.0,9.47,1.45,0.36,600.0,59.74,1.88,1.22
1.0,15,band_vwap,skip_lunch,1,2,4082.0,13.77,1.55,0.38,600.0,72.34,1.76,1.14
1.0,15,band_vwap,skip_lunch,1,99,4082.0,11.3,1.22,0.3,600.0,72.36,1.68,1.09
1.0,15,band_vwap,skip_lunch,2,2,4082.0,17.13,2.14,0.53,600.0,55.68,1.5,0.97
1.0,15,band_vwap,skip_lunch,2,99,4082.0,15.87,1.95,0.49,600.0,53.56,1.42,0.92
1.0,15,vwap,all,1,2,4082.0,14.09,1.28,0.32,600.0,65.89,1.27,0.82
1.0,15,vwap,all,1,99,4082.0,13.37,1.19,0.3,600.0,57.44,1.06,0.69
1.0,15,vwap,all,2,2,4082.0,16.36,1.7,0.42,600.0,62.28,1.35,0.87
1.0,15,vwap,all,2,99,4082.0,15.82,1.62,0.4,600.0,55.89,1.19,0.77
1.0,15,vwap,am,1,2,4082.0,13.86,1.51,0.37,600.0,59.49,1.37,0.89
1.0,15,vwap,am,1,99,4082.0,13.54,1.47,0.36,600.0,59.91,1.37,0.89
1.0,15,vwap,am,2,2,4082.0,11.83,1.52,0.38,600.0,31.55,0.83,0.54
1.0,15,vwap,am,2,99,4082.0,11.68,1.49,0.37,600.0,30.49,0.8,0.52
1.0,15,vwap,am_ext,1,2,4082.0,11.35,1.08,0.27,600.0,44.99,0.9,0.58
1.0,15,vwap,am_ext,1,99,4082.0,9.64,0.89,0.22,600.0,45.79,0.88,0.57
1.0,15,vwap,am_ext,2,2,4082.0,13.01,1.4,0.35,600.0,55.95,1.26,0.81
1.0,15,vwap,am_ext,2,99,4082.0,12.84,1.37,0.34,600.0,55.04,1.23,0.8
1.0,15,vwap,pm,1,2,4082.0,12.94,1.73,0.43,600.0,76.11,2.14,1.39
1.0,15,vwap,pm,1,99,4082.0,11.14,1.48,0.37,600.0,70.47,1.96,1.27
1.0,15,vwap,pm,2,2,4082.0,10.89,1.58,0.39,600.0,57.66,1.73,1.12
1.0,15,vwap,pm,2,99,4082.0,9.69,1.4,0.35,600.0,52.26,1.56,1.01
1.0,15,vwap,skip_lunch,1,2,4082.0,16.63,1.6,0.4,600.0,79.16,1.65,1.07
1.0,15,vwap,skip_lunch,1,99,4082.0,16.69,1.61,0.4,600.0,77.56,1.6,1.04
1.0,15,vwap,skip_lunch,2,2,4082.0,18.2,2.06,0.51,600.0,66.42,1.59,1.03
1.0,15,vwap,skip_lunch,2,99,4082.0,18.04,2.03,0.5,600.0,64.24,1.53,0.99
1.0,30,band_vwap,all,1,2,4082.0,17.39,1.8,0.45,600.0,79.2,1.77,1.15
1.0,30,band_vwap,all,1,99,4082.0,20.21,2.06,0.51,600.0,78.52,1.72,1.11
1.0,30,band_vwap,all,2,2,4082.0,16.69,2.08,0.52,600.0,56.03,1.55,1.0
1.0,30,band_vwap,all,2,99,4082.0,15.47,1.9,0.47,600.0,52.13,1.42,0.92
1.0,30,band_vwap,am,1,2,4082.0,16.07,1.96,0.49,600.0,43.15,1.1,0.71
1.0,30,band_vwap,am,1,99,4082.0,16.59,2.02,0.5,600.0,43.15,1.1,0.71
1.0,30,band_vwap,am,2,2,4082.0,13.37,2.07,0.51,600.0,25.64,0.86,0.56
1.0,30,band_vwap,am,2,99,4082.0,13.1,2.03,0.5,600.0,25.64,0.86,0.56
1.0,30,band_vwap,am_ext,1,2,4082.0,14.41,1.58,0.39,600.0,61.12,1.42,0.92
1.0,30,band_vwap,am_ext,1,99,4082.0,14.86,1.6,0.4,600.0,64.78,1.49,0.96
1.0,30,band_vwap,am_ext,2,2,4082.0,14.64,1.93,0.48,600.0,47.06,1.36,0.88
1.0,30,band_vwap,am_ext,2,99,4082.0,14.76,1.94,0.48,600.0,45.32,1.31,0.85
1.0,30,band_vwap,pm,1,2,4082.0,12.57,1.76,0.44,600.0,67.09,1.99,1.29
1.0,30,band_vwap,pm,1,99,4082.0,12.85,1.79,0.44,600.0,66.87,1.98,1.28
1.0,30,band_vwap,pm,2,2,4082.0,9.13,1.43,0.35,600.0,48.3,1.53,0.99
1.0,30,band_vwap,pm,2,99,4082.0,8.89,1.38,0.34,600.0,48.57,1.53,0.99
1.0,30,band_vwap,skip_lunch,1,2,4082.0,21.12,2.3,0.57,600.0,67.05,1.57,1.02
1.0,30,band_vwap,skip_lunch,1,99,4082.0,22.56,2.44,0.61,600.0,71.7,1.67,1.08
1.0,30,band_vwap,skip_lunch,2,2,4082.0,15.02,2.05,0.51,600.0,35.54,1.08,0.7
1.0,30,band_vwap,skip_lunch,2,99,4082.0,14.48,1.95,0.49,600.0,39.14,1.19,0.77
1.0,30,vwap,all,1,2,4082.0,20.76,1.92,0.48,600.0,81.61,1.59,1.03
1.0,30,vwap,all,1,99,4082.0,22.5,2.08,0.52,600.0,75.02,1.45,0.94
1.0,30,vwap,all,2,2,4082.0,18.53,2.13,0.53,600.0,60.95,1.53,0.99
1.0,30,vwap,all,2,99,4082.0,17.3,1.97,0.49,600.0,57.04,1.42,0.92
1.0,30,vwap,am,1,2,4082.0,18.48,2.04,0.51,600.0,62.73,1.44,0.94
1.0,30,vwap,am,1,99,4082.0,19.04,2.1,0.52,600.0,62.73,1.44,0.94
1.0,30,vwap,am,2,2,4082.0,12.82,1.85,0.46,600.0,28.83,0.87,0.56
1.0,30,vwap,am,2,99,4082.0,12.55,1.81,0.45,600.0,28.83,0.87,0.56
1.0,30,vwap,am_ext,1,2,4082.0,16.78,1.62,0.4,600.0,60.58,1.22,0.79
1.0,30,vwap,am_ext,1,99,4082.0,18.1,1.74,0.43,600.0,62.55,1.25,0.81
1.0,30,vwap,am_ext,2,2,4082.0,16.84,2.05,0.51,600.0,46.36,1.2,0.78
1.0,30,vwap,am_ext,2,99,4082.0,16.96,2.06,0.51,600.0,44.61,1.16,0.75
1.0,30,vwap,pm,1,2,4082.0,14.66,1.97,0.49,600.0,74.69,2.11,1.36
1.0,30,vwap,pm,1,99,4082.0,14.59,1.95,0.48,600.0,74.47,2.1,1.36
1.0,30,vwap,pm,2,2,4082.0,9.49,1.39,0.35,600.0,52.95,1.61,1.04
1.0,30,vwap,pm,2,99,4082.0,9.25,1.35,0.34,600.0,53.22,1.61,1.05
1.0,30,vwap,skip_lunch,1,2,4082.0,22.98,2.3,0.57,600.0,83.15,1.78,1.15
1.0,30,vwap,skip_lunch,1,99,4082.0,24.82,2.49,0.62,600.0,87.29,1.87,1.21
1.0,30,vwap,skip_lunch,2,2,4082.0,12.4,1.57,0.39,600.0,27.99,0.77,0.5
1.0,30,vwap,skip_lunch,2,99,4082.0,12.13,1.53,0.38,600.0,31.59,0.87,0.57
1.25,15,band_vwap,all,1,2,4082.0,9.17,1.07,0.27,600.0,30.59,0.76,0.49
1.25,15,band_vwap,all,1,99,4082.0,12.25,1.38,0.34,600.0,44.95,1.09,0.71
1.25,15,band_vwap,all,2,2,4082.0,11.03,1.39,0.35,600.0,35.33,0.97,0.63
1.25,15,band_vwap,all,2,99,4082.0,9.45,1.18,0.29,600.0,27.38,0.74,0.48
1.25,15,band_vwap,am,1,2,4082.0,9.94,1.4,0.35,600.0,15.0,0.44,0.28
1.25,15,band_vwap,am,1,99,4082.0,9.47,1.32,0.33,600.0,13.28,0.39,0.25
1.25,15,band_vwap,am,2,2,4082.0,6.32,0.98,0.24,600.0,-1.62,-0.05,-0.03
1.25,15,band_vwap,am,2,99,4082.0,5.54,0.86,0.21,600.0,-2.35,-0.08,-0.05
1.25,15,band_vwap,am_ext,1,2,4082.0,6.13,0.76,0.19,600.0,7.83,0.21,0.13
1.25,15,band_vwap,am_ext,1,99,4082.0,9.05,1.09,0.27,600.0,22.75,0.59,0.38
1.25,15,band_vwap,am_ext,2,2,4082.0,9.6,1.28,0.32,600.0,18.09,0.52,0.34
1.25,15,band_vwap,am_ext,2,99,4082.0,9.53,1.26,0.31,600.0,15.84,0.45,0.29
1.25,15,band_vwap,pm,1,2,4082.0,8.84,1.37,0.34,600.0,49.58,1.6,1.03
1.25,15,band_vwap,pm,1,99,4082.0,7.29,1.12,0.28,600.0,44.19,1.41,0.91
1.25,15,band_vwap,pm,2,2,4082.0,7.22,1.2,0.3,600.0,37.52,1.28,0.83
1.25,15,band_vwap,pm,2,99,4082.0,5.82,0.96,0.24,600.0,32.5,1.1,0.71
1.25,15,band_vwap,skip_lunch,1,2,4082.0,12.82,1.6,0.4,600.0,42.33,1.13,0.73
1.25,15,band_vwap,skip_lunch,1,99,4082.0,13.02,1.59,0.4,600.0,40.77,1.07,0.69
1.25,15,band_vwap,skip_lunch,2,2,4082.0,13.85,1.91,0.47,600.0,38.49,1.14,0.74
1.25,15,band_vwap,skip_lunch,2,99,4082.0,11.96,1.63,0.41,600.0,30.33,0.89,0.58
1.25,15,vwap,all,1,2,4082.0,23.67,2.37,0.59,600.0,81.78,1.71,1.11
1.25,15,vwap,all,1,99,4082.0,22.91,2.26,0.56,600.0,78.28,1.62,1.05
1.25,15,vwap,all,2,2,4082.0,18.5,2.12,0.53,600.0,71.25,1.71,1.11
1.25,15,vwap,all,2,99,4082.0,17.13,1.95,0.48,600.0,60.94,1.45,0.94
1.25,15,vwap,am,1,2,4082.0,18.87,2.26,0.56,600.0,69.65,1.71,1.11
1.25,15,vwap,am,1,99,4082.0,17.85,2.12,0.53,600.0,68.92,1.69,1.1
1.25,15,vwap,am,2,2,4082.0,14.37,2.01,0.5,600.0,38.85,1.12,0.72
1.25,15,vwap,am,2,99,4082.0,13.58,1.9,0.47,600.0,38.12,1.09,0.71
1.25,15,vwap,am_ext,1,2,4082.0,18.72,1.97,0.49,600.0,60.17,1.31,0.85
1.25,15,vwap,am_ext,1,99,4082.0,18.11,1.88,0.47,600.0,62.34,1.36,0.88
1.25,15,vwap,am_ext,2,2,4082.0,15.36,1.84,0.46,600.0,52.49,1.32,0.85
1.25,15,vwap,am_ext,2,99,4082.0,15.62,1.86,0.46,600.0,51.33,1.29,0.83
1.25,15,vwap,pm,1,2,4082.0,9.22,1.34,0.33,600.0,45.82,1.39,0.9
1.25,15,vwap,pm,1,99,4082.0,7.97,1.15,0.29,600.0,41.16,1.24,0.8
1.25,15,vwap,pm,2,2,4082.0,7.55,1.16,0.29,600.0,35.03,1.12,0.73
1.25,15,vwap,pm,2,99,4082.0,6.39,0.98,0.24,600.0,30.95,0.98,0.64
1.25,15,vwap,skip_lunch,1,2,4082.0,23.62,2.51,0.62,600.0,92.4,2.06,1.33
1.25,15,vwap,skip_lunch,1,99,4082.0,22.8,2.41,0.6,600.0,90.02,2.0,1.29
1.25,15,vwap,skip_lunch,2,2,4082.0,19.82,2.44,0.61,600.0,61.04,1.58,1.02
1.25,15,vwap,skip_lunch,2,99,4082.0,18.74,2.3,0.57,600.0,56.65,1.46,0.94
1.25,30,band_vwap,all,1,2,4082.0,16.66,1.88,0.47,600.0,50.72,1.25,0.81
1.25,30,band_vwap,all,1,99,4082.0,18.33,2.06,0.51,600.0,51.24,1.26,0.81
1.25,30,band_vwap,all,2,2,4082.0,14.27,1.99,0.5,600.0,29.12,0.94,0.61
1.25,30,band_vwap,all,2,99,4082.0,12.78,1.77,0.44,600.0,25.47,0.82,0.53
1.25,30,band_vwap,am,1,2,4082.0,13.89,1.91,0.47,600.0,17.18,0.51,0.33
1.25,30,band_vwap,am,1,99,4082.0,14.23,1.95,0.48,600.0,17.18,0.51,0.33
1.25,30,band_vwap,am,2,2,4082.0,7.68,1.36,0.34,600.0,-2.18,-0.09,-0.06
1.25,30,band_vwap,am,2,99,4082.0,7.57,1.34,0.33,600.0,-2.18,-0.09,-0.06
1.25,30,band_vwap,am_ext,1,2,4082.0,14.19,1.72,0.43,600.0,30.04,0.78,0.51
1.25,30,band_vwap,am_ext,1,99,4082.0,15.42,1.87,0.46,600.0,28.16,0.73,0.47
1.25,30,band_vwap,am_ext,2,2,4082.0,14.55,2.2,0.55,600.0,20.42,0.7,0.45
1.25,30,band_vwap,am_ext,2,99,4082.0,14.0,2.11,0.52,600.0,17.68,0.6,0.39
1.25,30,band_vwap,pm,1,2,4082.0,9.67,1.49,0.37,600.0,48.33,1.55,1.01
1.25,30,band_vwap,pm,1,99,4082.0,9.07,1.39,0.34,600.0,48.69,1.57,1.02
1.25,30,band_vwap,pm,2,2,4082.0,7.93,1.39,0.35,600.0,32.37,1.19,0.77
1.25,30,band_vwap,pm,2,99,4082.0,7.28,1.27,0.32,600.0,32.43,1.19,0.77
1.25,30,band_vwap,skip_lunch,1,2,4082.0,18.94,2.3,0.57,600.0,43.25,1.15,0.75
1.25,30,band_vwap,skip_lunch,1,99,4082.0,19.61,2.38,0.59,600.0,45.46,1.21,0.78
1.25,30,band_vwap,skip_lunch,2,2,4082.0,9.87,1.51,0.38,600.0,14.16,0.49,0.32
1.25,30,band_vwap,skip_lunch,2,99,4082.0,9.25,1.41,0.35,600.0,15.41,0.54,0.35
1.25,30,vwap,all,1,2,4082.0,24.44,2.54,0.63,600.0,81.43,1.78,1.15
1.25,30,vwap,all,1,99,4082.0,25.25,2.62,0.65,600.0,77.39,1.68,1.09
1.25,30,vwap,all,2,2,4082.0,15.9,2.05,0.51,600.0,36.8,1.05,0.68
1.25,30,vwap,all,2,99,4082.0,14.4,1.84,0.46,600.0,33.9,0.96,0.62
1.25,30,vwap,am,1,2,4082.0,20.65,2.56,0.64,600.0,63.64,1.61,1.04
1.25,30,vwap,am,1,99,4082.0,20.99,2.59,0.64,600.0,63.64,1.61,1.04
1.25,30,vwap,am,2,2,4082.0,10.45,1.71,0.42,600.0,17.22,0.61,0.39
1.25,30,vwap,am,2,99,4082.0,10.33,1.69,0.42,600.0,17.22,0.61,0.39
1.25,30,vwap,am_ext,1,2,4082.0,19.89,2.17,0.54,600.0,60.22,1.37,0.89
1.25,30,vwap,am_ext,1,99,4082.0,20.54,2.23,0.56,600.0,57.48,1.31,0.85
1.25,30,vwap,am_ext,2,2,4082.0,16.93,2.34,0.58,600.0,30.42,0.91,0.59
1.25,30,vwap,am_ext,2,99,4082.0,16.39,2.26,0.56,600.0,27.67,0.82,0.53
1.25,30,vwap,pm,1,2,4082.0,10.93,1.62,0.4,600.0,43.52,1.32,0.85
1.25,30,vwap,pm,1,99,4082.0,10.4,1.53,0.38,600.0,44.28,1.34,0.87
1.25,30,vwap,pm,2,2,4082.0,6.72,1.11,0.28,600.0,19.13,0.66,0.43
1.25,30,vwap,pm,2,99,4082.0,6.07,1.0,0.25,600.0,19.2,0.66,0.43
1.25,30,vwap,skip_lunch,1,2,4082.0,24.76,2.77,0.69,600.0,71.56,1.67,1.08
1.25,30,vwap,skip_lunch,1,99,4082.0,25.67,2.88,0.71,600.0,74.14,1.73,1.12
1.25,30,vwap,skip_lunch,2,2,4082.0,10.21,1.44,0.36,600.0,19.18,0.6,0.39
1.25,30,vwap,skip_lunch,2,99,4082.0,9.58,1.34,0.33,600.0,20.31,0.63,0.41
